,车站,拼音,路局,地区,经度x,纬度x,id,经度,纬度,省,市,区
60,合肥北城,HE FEI BEI CHENG,中国铁路上海局,安徽省 合肥市 长丰县,116.4698,33.3881,36990862,117.2455,32.06457424,安徽省,合肥市,长丰县
61,合肥,HE FEI,中国铁路上海局,安徽省 合肥市 瑶海区,116.5339,33.2087,31900137,117.3086449,31.88689648,安徽省,合肥市,瑶海区
62,合肥南,HE FEI NAN,中国铁路上海局,安徽省 合肥市 包河区,116.5086,33.1204,8640433,117.2837219,31.79944416,安徽省,合肥市,包河区
172,安庆,AN QING,中国铁路上海局,安徽省 安庆市 宜秀区,116.2806,31.8599,43270283,117.0591191,30.55104496,安徽省,安庆市,宜秀区
173,安庆西,AN QING XI,中国铁路上海局,安徽省 安庆市 怀宁县,116.0771,31.984,95364762,116.8586512,30.6739536,安徽省,安庆市,怀宁县
184,蚌埠南,BENG BU NAN,中国铁路上海局,安徽省 蚌埠市 龙子湖区,116.6625,34.2345,6030594,117.4353288,32.9028488,安徽省,蚌埠市,龙子湖区
185,蚌埠,BENG BU,中国铁路上海局,安徽省 蚌埠市 龙子湖区,116.5961,34.2761,26640376,117.3699181,32.94404944,安徽省,蚌埠市,龙子湖区
243,亳州,BO ZHOU,中国铁路上海局,安徽省 亳州市 谯城区,114.9938,35.1892,19580566,115.7914924,33.84838368,安徽省,亳州市,谯城区
245,亳州南,BO ZHOU NAN,中国铁路上海局,安徽省 亳州市 谯城区,114.9932,35.1356,90736030,115.7909013,33.79529824,安徽省,亳州市,谯城区
263,巢湖东,CHAO HU DONG,中国铁路上海局,安徽省 合肥市 巢湖市,117.1535,32.9385,22490204,117.9190129,31.6192904,安徽省,合肥市,巢湖市
265,巢湖,CHAO HU,中国铁路上海局,安徽省 合肥市 巢湖市,117.1184,32.9354,47510289,117.8844358,31.61622016,安徽省,合肥市,巢湖市
270,长临河,CHANG LIN HE,中国铁路上海局,安徽省 合肥市 肥东县,116.7046,33.0194,22480776,117.4768015,31.69941376,安徽省,合肥市,肥东县
307,滁州北,CHU ZHOU BEI,中国铁路上海局,安徽省 滁州市 琅琊区,117.5617,33.6355,26750672,118.3211307,32.3095992,安徽省,滁州市,琅琊区
312,池州,CHI ZHOU,中国铁路上海局,安徽省 池州市 贵池区,116.7444,31.93,32370842,117.5160084,30.620472,安徽省,池州市,贵池区
313,滁州,CHU ZHOU,中国铁路上海局,安徽省 滁州市 全椒县,117.5539,33.5236,6070277,118.3134469,32.19877344,安徽省,滁州市,全椒县
373,砀山南,DANG SHAN NAN,中国铁路上海局,安徽省 宿州市 砀山县,115.5065,35.7323,55810753,116.2965532,34.38626992,安徽省,宿州市,砀山县
402,东至,DONG ZHI,中国铁路上海局,安徽省 池州市 东至县,116.2434,31.4791,32430703,117.0224733,30.17390064,安徽省,池州市,东至县
417,肥东,FEI DONG,中国铁路上海局,安徽省 合肥市 肥东县,116.7067,33.1842,8630882,117.4788702,31.86263168,安徽省,合肥市,肥东县
446,肥西,FEI XI,中国铁路上海局,安徽省 合肥市 肥西县,116.3593,33.0389,43050170,117.1366464,31.71872656,安徽省,合肥市,肥西县
448,阜阳,FU YANG,中国铁路上海局,安徽省 阜阳市 颍东区,115.0666,34.2479,19640188,115.8632077,32.91612016,安徽省,阜阳市,颍东区
456,阜阳西,FU YANG XI,中国铁路上海局,安徽省 阜阳市 颍州区,114.9471,34.2157,89472163,115.7454882,32.88422928,安徽省,阜阳市,颍州区
513,淮北,HUAI BEI,中国铁路上海局,安徽省 淮北市 相山区,116.0138,35.31,47780226,116.7962944,33.968024,安徽省,淮北市,相山区
573,淮南,HUAI NAN,中国铁路上海局,安徽省 淮南市 田家庵区,116.2337,33.9607,47390577,117.0129179,32.63167728,安徽省,淮南市,田家庵区
575,淮南东,HUAI NAN DONG,中国铁路上海局,安徽省 淮南市 大通区,116.3668,33.9758,6040418,117.1440347,32.64663232,安徽省,淮南市,大通区
576,淮南南,HUAI NAN NAN,中国铁路上海局,安徽省 淮南市 田家庵区,116.2556,33.8716,90799808,117.0344916,32.54343264,安徽省,淮南市,田家庵区
585,黄山北,HUANG SHAN BEI,中国铁路上海局,安徽省 黄山市 徽州区,117.5064,31.1189,22570708,118.2666546,29.81715856,安徽省,黄山市,徽州区
592,黄山,HUANG SHAN,中国铁路上海局,安徽省 黄山市 屯溪区,117.5565,31.0248,32860931,118.3160082,29.72396192,安徽省,黄山市,屯溪区
596,黄山西,HUANG SHAN XI,中国铁路上海局,安徽省 黄山市,117.3209,31.5847,101267667,118.0839186,30.27848688,安徽省,黄山市,
674,界首南,JIE SHOU NAN,中国铁路上海局,安徽省 阜阳市 界首市,114.5133,34.5582,89450949,115.3181518,33.22344128,安徽省,阜阳市,界首市
678,绩溪北,JI XI BEI,中国铁路上海局,安徽省 宣城市 绩溪县,117.8093,31.3781,22550703,118.5650414,30.07387024,安徽省,宣城市,绩溪县
688,绩溪县,JI XI XIAN,中国铁路上海局,安徽省 宣城市 绩溪县,117.8225,31.3618,32800992,118.5780448,30.05772672,安徽省,宣城市,绩溪县
702,金寨,JIN ZHAI,中国铁路上海局,安徽省 六安市 金寨县,115.1747,32.946,8690142,115.969697,31.6267184,安徽省,六安市,金寨县
737,六安,LU AN,中国铁路上海局,安徽省 六安市,115.7075,33.0359,8670003,116.4945583,31.71575536,安徽省,六安市,
786,庐江,LU JIANG,中国铁路上海局,安徽省 合肥市 庐江县,116.3933,32.6585,43080473,117.1701398,31.3419784,安徽省,合肥市,庐江县
788,庐江西,LU JIANG XI,中国铁路上海局,安徽省 合肥市 庐江县,116.4345,32.5847,92228451,117.210726,31.26888688,安徽省,合肥市,庐江县
807,龙桥,LONG QIAO,中国铁路上海局,安徽省 合肥市 庐江县,116.6639,32.4505,90375657,117.4367079,31.1359752,安徽省,合肥市,庐江县
860,马鞍山东,MA AN SHAN DONG,中国铁路上海局,安徽省 马鞍山市 花山区,117.7797,33.0137,48080497,118.5358825,31.69376848,安徽省,马鞍山市,花山区
870,明光,MING GUANG,中国铁路上海局,安徽省 滁州市 明光市,117.2172,34.1015,26690307,117.9817637,32.7711256,安徽省,滁州市,明光市
1028,潜山,QIAN SHAN,中国铁路上海局,安徽省 安庆市 潜山市,115.8264,31.8843,95381441,116.6116866,30.57521072,安徽省,安庆市,潜山市
1061,舒城东,SHU CHENG DONG,中国铁路上海局,安徽省 六安市 舒城县,116.2625,32.8038,92220105,117.0412888,31.48588352,安徽省,六安市,舒城县
1085,水家湖,SHUI JIA HU,中国铁路上海局,安徽省 合肥市 长丰县,116.3859,33.8123,6050784,117.1628501,32.48470192,安徽省,合肥市,长丰县
1133,宿松东,SU SONG DONG,中国铁路上海局,安徽省 安庆市 宿松县,115.3779,31.4571,95414799,116.1698693,30.15211184,安徽省,安庆市,宿松县
1134,蜀山东,SHU SHAN DONG,中国铁路上海局,安徽省 合肥市 蜀山区,116.4328,33.1544,36970164,117.2090513,31.83311776,安徽省,合肥市,蜀山区
1138,宿松,SU SONG,中国铁路上海局,安徽省 安庆市 宿松县,115.3046,31.5366,43200801,116.0976615,30.23084864,安徽省,安庆市,宿松县
1167,宿州东,SU ZHOU DONG,中国铁路上海局,安徽省 宿州市 埇桥区,116.4694,35.0155,6020207,117.2451059,33.6763512,安徽省,宿州市,埇桥区
1172,宿州,SU ZHOU,中国铁路上海局,安徽省 宿州市 埇桥区,116.2091,34.9779,26550694,116.9886844,33.63911216,安徽省,宿州市,埇桥区
1199,太湖南,TAI HU NAN,中国铁路上海局,安徽省 安庆市 太湖县,115.5683,31.7171,95398120,116.3574323,30.40961584,安徽省,安庆市,太湖县
1202,太湖,TAI HU,中国铁路上海局,安徽省 安庆市 太湖县,115.504,31.7693,43180190,116.2940904,30.46131472,安徽省,安庆市,太湖县
1210,铜陵,TONG LING,中国铁路上海局,安徽省 铜陵市 铜官区,117.0896,32.2327,32310432,117.856065,30.92026608,安徽省,铜陵市,铜官区
1259,芜湖,WU HU,中国铁路上海局,安徽省 芜湖市 镜湖区,117.6269,32.6651,32210577,118.3853592,31.34851504,安徽省,芜湖市,镜湖区
1286,无为南,WU WEI NAN,中国铁路上海局,安徽省 芜湖市 无为市,117.1584,32.4715,90226323,117.9238398,31.1567736,安徽省,芜湖市,无为市
1313,宣城,XUAN CHENG,中国铁路上海局,安徽省 宣城市 宣州区,118.0154,32.2613,32660477,118.7680705,30.94859152,安徽省,宣城市,宣州区
1379,萧县北,XIAO XIAN BEI,中国铁路上海局,安徽省 宿州市 萧县,116.1548,35.5824,55830019,116.9351935,34.23780896,安徽省,宿州市,萧县
1540,柘皋,ZHE GAO,中国铁路上海局,安徽省 合肥市 巢湖市,116.9483,33.0673,90634935,117.7168703,31.74685392,安徽省,合肥市,巢湖市
1832,砀山,DANG SHAN,中国铁路上海局,安徽省 宿州市 砀山县,115.534,35.7626,9290686,116.3236434,34.41627904,安徽省,宿州市,砀山县
1840,当涂东,DANG TU DONG,中国铁路上海局,安徽省 马鞍山市 当涂县,117.7643,32.8812,48090020,118.5207119,31.56254048,安徽省,马鞍山市,当涂县
1861,定远,DING YUAN,中国铁路上海局,安徽省 滁州市 定远县,117.0693,33.9055,6060276,117.8360674,32.5770072,安徽省,滁州市,定远县
1896,繁昌西,FAN CHANG XI,中国铁路上海局,安徽省 芜湖市 繁昌区,117.3901,32.386,48110000,118.1520875,31.0720944,安徽省,芜湖市,繁昌区
1905,阜南,FU NAN,中国铁路上海局,安徽省 阜阳市 阜南县,114.7463,33.9694,19670001,115.5476801,32.64029376,安徽省,阜阳市,阜南县
1923,凤台南,FENG TAI NAN,中国铁路上海局,安徽省 淮南市 凤台县,115.8314,33.967,90778546,116.6166121,32.6379168,安徽省,淮南市,凤台县
1931,凤阳,FENG YANG,中国铁路上海局,安徽省 滁州市 凤阳县,116.8523,34.2382,26660805,117.6223007,32.90651328,安徽省,滁州市,凤阳县
1943,古城东,GU CHENG DONG,中国铁路上海局,安徽省 亳州市 谯城区,115.0074,34.8648,90746652,115.8048897,33.52709792,安徽省,亳州市,谯城区
1948,广德,GUANG DE,中国铁路上海局,安徽省 宣城市 广德市,118.6595,32.2253,48150342,119.4025735,30.91293712,安徽省,宣城市,广德市
1950,广德南,GUANG DE NAN,中国铁路上海局,安徽省 宣城市 广德市,118.6684,32.1672,90676625,119.4113408,30.85539488,安徽省,宣城市,广德市
2003,涡阳,GUO YANG,中国铁路上海局,安徽省 亳州市 涡阳县,115.4432,34.8268,47720684,116.2341963,33.48946272,安徽省,亳州市,涡阳县
2015,固镇,GU ZHEN,中国铁路上海局,安徽省 蚌埠市 固镇县,116.5245,34.6533,26600528,117.299385,33.31762832,安徽省,蚌埠市,固镇县
2028,淮北北,HUAI BEI BEI,中国铁路上海局,安徽省 淮北市 杜集区,116.0639,35.3912,47800157,116.8456479,34.04844448,安徽省,淮北市,杜集区
2064,黄口,HUANG KOU,中国铁路上海局,安徽省 宿州市 萧县,115.9069,35.7059,9270556,116.6909872,34.36012336,安徽省,宿州市,萧县
2089,怀宁,HUAI NING,中国铁路上海局,安徽省 安庆市 怀宁县,116.0319,32.0746,43140557,116.8141247,30.76368384,安徽省,安庆市,怀宁县
2096,霍邱,HUO QIU,中国铁路上海局,安徽省 六安市 霍邱县,115.3438,33.3784,61240299,116.1362774,32.05496736,安徽省,六安市,霍邱县
2117,含山南,HAN SHAN NAN,中国铁路上海局,安徽省 马鞍山市 含山县,117.3217,32.7963,90643273,118.0847067,31.47845552,安徽省,马鞍山市,含山县
2159,旌德,JING DE,中国铁路上海局,安徽省 宣城市 旌德县,117.7657,31.6022,22540362,118.5220911,30.29581888,安徽省,宣城市,旌德县
2169,九华山,JIU HUA SHAN,中国铁路上海局,安徽省 池州市 青阳县,117.0838,31.9065,101250996,117.8503514,30.5971976,安徽省,池州市,青阳县
2205,界首市,JIE SHOU SHI,中国铁路武汉局,安徽省 阜阳市 界首市,114.5667,34.6041,47940259,115.3707562,33.26890064,安徽省,阜阳市,界首市
2215,泾县,JING XIAN,中国铁路上海局,安徽省 宣城市 泾县,117.6235,31.9694,22530332,118.3820099,30.65949376,安徽省,宣城市,泾县
2262,灵璧,LING BI,中国铁路上海局,安徽省 宿州市 灵璧县,116.7621,34.9392,35440926,117.5334447,33.60078368,安徽省,宿州市,灵璧县
2324,芦庙,LU MIAO,中国铁路上海局,安徽省 亳州市,114.981,35.3833,90725401,115.7788831,34.04062032,安徽省,亳州市,
2337,临泉,LIN QUAN,中国铁路上海局,安徽省 阜阳市 临泉县,114.5669,34.3568,89461556,115.3709532,33.02397472,安徽省,阜阳市,临泉县
2369,郎溪南,LANG XI NAN,中国铁路上海局,安徽省 宣城市 郎溪县,118.4036,32.2513,90668287,119.1504864,30.93868752,安徽省,宣城市,郎溪县
2371,利辛西,LI XIN XI,中国铁路上海局,安徽省 亳州市 利辛县,115.3295,34.5409,47730187,116.1221905,33.20630736,安徽省,亳州市,利辛县
2393,马鞍山,MA AN SHAN,中国铁路上海局,安徽省 马鞍山市 花山区,117.7386,33.0287,32130684,118.4953949,31.70862448,安徽省,马鞍山市,花山区
2452,宁国,NING GUO,中国铁路上海局,安徽省 宣城市 宁国市,118.2372,31.9465,32700539,118.9865657,30.6368136,安徽省,宣城市,宁国市
2468,南陵,NAN LING,中国铁路上海局,安徽省 芜湖市 南陵县,117.5316,32.1487,22520486,118.2914792,30.83707248,安徽省,芜湖市,南陵县
2561,全椒,QUAN JIAO,中国铁路上海局,安徽省 滁州市 全椒县,117.5164,33.3845,8600835,118.2765056,32.0610088,安徽省,滁州市,全椒县
2571,青龙山,QING LONG SHAN,中国铁路上海局,安徽省 淮北市 烈山区,116.0134,35.2119,47660079,116.7959003,33.87086576,安徽省,淮北市,烈山区
2572,祁门,QI MEN,中国铁路上海局,安徽省 黄山市 祁门县,116.955,31.1496,32930443,117.7234705,29.84756384,安徽省,黄山市,祁门县
2573,祁门南,QI MEN NAN,中国铁路上海局,安徽省 黄山市 祁门县,116.9244,31.135,100417446,117.6933264,29.833104,安徽省,黄山市,祁门县
2634,舒城,SHU CHENG,中国铁路上海局,安徽省 六安市 舒城县,116.3764,32.8283,43070256,117.1534916,31.51014832,安徽省,六安市,舒城县
2720,三堂集,SAN TANG JI,中国铁路上海局,安徽省 阜阳市 太和县,115.0171,34.674,19610084,115.8144452,33.3381296,安徽省,阜阳市,太和县
2728,歙县北,SHE XIAN BEI,中国铁路上海局,安徽省 黄山市 歙县,117.6456,31.2261,22560860,118.4037806,29.92332944,安徽省,黄山市,歙县
2731,寿县,SHOU XIAN,中国铁路上海局,安徽省 淮南市 寿县,116.017,33.9228,90789177,116.7994467,32.59414112,安徽省,淮南市,寿县
2734,歙县,SHE XIAN,中国铁路上海局,安徽省 黄山市 歙县,117.6468,31.1701,32830638,118.4049627,29.86786704,安徽省,黄山市,歙县
2735,泗县,SI XIAN,中国铁路上海局,安徽省 宿州市 泗县,117.077,34.8763,35460398,117.8436527,33.53848752,安徽省,宿州市,泗县
2744,三阳,SAN YANG,中国铁路上海局,安徽省 黄山市 歙县,118.0499,31.3319,90290133,118.8020565,30.02811376,安徽省,黄山市,歙县
2780,桐城东,TONG CHENG DONG,中国铁路上海局,安徽省 安庆市 桐城市,116.2549,32.3398,92236797,117.033802,31.02633792,安徽省,安庆市,桐城市
2784,桐城,TONG CHENG,中国铁路上海局,安徽省 安庆市 桐城市,116.1931,32.3656,43110137,116.9729228,31.05189024,安徽省,安庆市,桐城市
2785,桐城南,TONG CHENG NAN,中国铁路上海局,安徽省 安庆市 桐城市,116.1789,32.1871,92245141,116.9589344,30.87510384,安徽省,安庆市,桐城市
2796,太和北,TAI HE BEI,中国铁路武汉局,安徽省 阜阳市 太和县,114.7714,34.5584,47950470,115.5724061,33.22363936,安徽省,阜阳市,太和县
2797,太和东,TAI HE DONG,中国铁路上海局,安徽省 阜阳市 太和县,114.9229,34.4912,90757288,115.7216488,33.15708448,安徽省,阜阳市,太和县
2805,铜陵北,TONG LING BEI,中国铁路上海局,安徽省 铜陵市 义安区,117.2512,32.3283,22510083,118.0152571,31.01494832,安徽省,铜陵市,义安区
2845,天柱山,TIAN ZHU SHAN,中国铁路上海局,安徽省 安庆市 潜山市,115.7683,31.9671,43160535,116.5544523,30.65721584,安徽省,安庆市,潜山市
2873,芜湖北,WU HU BEI,中国铁路上海局,安徽省 芜湖市 鸠江区,117.4892,32.6729,90651611,118.2497109,31.35624016,安徽省,芜湖市,鸠江区
2875,芜湖南,WU HU NAN,中国铁路上海局,安徽省 芜湖市 弋江区,117.6143,32.565,48100053,118.3729469,31.249376,安徽省,芜湖市,弋江区
2911,无为,WU WEI,中国铁路上海局,安徽省 芜湖市 无为市,117.1981,32.6217,22500121,117.9629483,31.30553168,安徽省,芜湖市,无为市
2930,湾沚南,WAN ZHI NAN,中国铁路上海局,安徽省 芜湖市 湾沚区,117.8236,32.4077,90659949,118.5791284,31.09358608,安徽省,芜湖市,湾沚区
3031,萧县,XIAO XIAN,中国铁路上海局,安徽省 宿州市 萧县,116.1724,35.5141,47820436,116.9525312,34.17016464,安徽省,宿州市,萧县
3101,叶集,YE JI,中国铁路上海局,安徽省 六安市 霍邱县,115.1357,33.1564,31940789,115.9312781,31.83509856,安徽省,六安市,霍邱县
3132,颍上北,YING SHANG BEI,中国铁路上海局,安徽省 阜阳市 颍上县,115.4136,34.0105,90767915,116.2050374,32.6809992,安徽省,阜阳市,颍上县
3142,颍上,YING SHANG,中国铁路上海局,安徽省 阜阳市 颍上县,115.5107,34.0712,47600593,116.3006906,32.74111648,安徽省,阜阳市,颍上县
3159,黟县东,YI XIAN DONG,中国铁路上海局,安徽省 黄山市 黟县,117.2784,31.1893,100434117,118.0420518,29.88688272,安徽省,黄山市,黟县
0,北京北,BEI JING BEI,中国铁路北京局,北京市 西城区,115.5563,41.3407,6560141,116.3456111,39.94082928,北京市,北京市,西城区
1,北京东,BEI JING DONG,中国铁路北京局,北京市 朝阳区,115.6865,41.2986,11720703,116.4738712,39.89913344,北京市,北京市,朝阳区
2,北京,BEI JING,中国铁路北京局,北京市 东城区,115.631,41.2986,11710233,116.4191981,39.89913344,北京市,北京市,东城区
3,北京南,BEI JING NAN,中国铁路北京局,北京市 丰台区,115.582,41.261,5900805,116.3709282,39.8618944,北京市,北京市,丰台区
4,北京大兴,BEI JING DA XING,中国铁路北京局,北京市 大兴区,115.5311,41.1153,90044941,116.3207866,39.71759312,北京市,北京市,大兴区
5,北京西,BEI JING XI,中国铁路北京局,北京市 丰台区,115.5236,41.2915,3100682,116.3133984,39.8921016,北京市,北京市,丰台区
6,北京朝阳,BEI JING CHAO YANG,中国铁路北京局,北京市 朝阳区,115.7139,41.3413,92111611,116.5008629,39.94142352,北京市,北京市,朝阳区
190,八达岭长城,BA DA LING CHANG CHENG,中国铁路北京局,北京市 昌平区,115.2088,41.7626,89896443,116.0032889,40.35867904,北京市,北京市,昌平区
194,八达岭,BA DA LING,中国铁路北京局,北京市 延庆区,115.199,41.7612,6670138,115.9936349,40.35729248,北京市,北京市,延庆区
208,北京丰台,BEI JING FENG TAI,中国铁路北京局,北京市 丰台区,115.504,41.2473,630610,116.2940904,39.84832592,北京市,北京市,丰台区
279,昌平北,CHANG PING BEI,中国铁路北京局,北京市 昌平区,115.4343,41.6313,22980167,116.2254289,40.22863952,北京市,北京市,昌平区
282,昌平,CHANG PING DONG,中国铁路北京局,北京市 昌平区,115.3952,41.5888,6600144,116.1869115,40.18654752,北京市,北京市,昌平区
465,古北口,GU BEI KOU,中国铁路北京局,北京市 密云区,116.3556,42.096,23110414,117.1330016,40.6888784,北京市,北京市,密云区
524,黄村,HUANG CUN,中国铁路北京局,北京市 大兴区,115.5337,41.1152,19160105,116.3233479,39.71749408,北京市,北京市,大兴区
579,怀柔北,HUAI ROU BEI,中国铁路北京局,北京市 怀柔区,115.9019,41.8122,23040655,116.6860617,40.40780288,北京市,北京市,怀柔区
581,怀柔南,HUAI ROU NAN,中国铁路北京局,北京市 怀柔区,115.9132,41.6787,92128301,116.6971933,40.27558448,北京市,北京市,怀柔区
582,怀柔,HUAI ROU,中国铁路北京局,北京市 怀柔区,115.8571,41.7179,22730527,116.6419292,40.31440816,北京市,北京市,怀柔区
594,黑山寺,HEI SHAN SI,中国铁路北京局,北京市 密云区,116.0043,41.8924,23060645,116.7869359,40.48723296,北京市,北京市,密云区
598,黄土店,HUANG TU DIAN,中国铁路北京局,北京市 昌平区,115.548,41.4684,33480381,116.3374348,40.06730336,北京市,北京市,昌平区
734,康庄,KANG ZHUANG,中国铁路北京局,北京市 延庆区,115.0946,41.7811,6690422,115.8907905,40.37700144,北京市,北京市,延庆区
771,良各庄,LIANG GE ZHUANG,中国铁路北京局,北京市 房山区,115.1343,41.1157,53040257,115.9298989,39.71798928,北京市,北京市,房山区
831,良乡,LIANG XIANG,中国铁路北京局,北京市 房山区,115.3566,41.1353,650038,116.1488867,39.73740112,北京市,北京市,房山区
899,密云北,MI YUN BEI,中国铁路北京局,北京市 密云区,116.0734,41.7988,22750646,116.8550063,40.39453152,北京市,北京市,密云区
904,密云,MI YUN,中国铁路北京局,北京市 密云区,116.0618,41.7536,92136646,116.8435792,40.34976544,北京市,北京市,密云区
936,南口,NAN KOU,中国铁路北京局,北京市 昌平区,115.3282,41.6392,6610395,116.1209098,40.23646368,北京市,北京市,昌平区
937,牛栏山,NIU LAN SHAN,中国铁路北京局,北京市 顺义区,115.8556,41.6032,22710126,116.6404516,40.20080928,北京市,北京市,顺义区
1017,清河,QING HE,中国铁路北京局,北京市 海淀区,115.5185,41.4376,6580825,116.3083744,40.03679904,北京市,北京市,海淀区
1018,清华园,QING HUA YUAN,中国铁路北京局,北京市 海淀区,115.5419,41.3795,6570572,116.3314257,39.9792568,北京市,北京市,海淀区
1041,乔庄东,QIAO ZHUANG DONG,中国铁路北京局,北京市 通州区,115.9052,41.2907,88443326,116.6893125,39.89130928,北京市,北京市,通州区
1067,十渡,SHI DU,中国铁路北京局,北京市 房山区,114.7773,41.0405,53080282,115.5782182,39.6435112,北京市,北京市,房山区
1073,沙河,SHA HE,中国铁路北京局,北京市 昌平区,115.4667,41.5236,6590060,116.2573462,40.12197344,北京市,北京市,昌平区
1082,三家店,SAN JIA DIAN,中国铁路北京局,北京市 门头沟区,115.3181,41.3488,27550093,116.1109603,39.94885152,北京市,北京市,门头沟区
1089,石景山南,SHI JING SHAN NAN,中国铁路北京局,北京市 石景山区,115.4155,41.2714,27520400,116.2069091,39.87219456,北京市,北京市,石景山区
1156,顺义,SHUN YI,中国铁路北京局,北京市 顺义区,115.8528,41.5252,22690606,116.6376933,40.12355808,北京市,北京市,顺义区
1161,顺义西,SHUN YI XI,中国铁路北京局,北京市 顺义区,115.6963,41.5794,92119956,116.4835251,40.17723776,北京市,北京市,顺义区
1243,通州,TONG ZHOU,中国铁路北京局,北京市 通州区,115.8714,41.2938,11740353,116.6560161,39.89437952,北京市,北京市,通州区
1245,通州西,TONG ZHOU XI,中国铁路北京局,北京市 通州区,115.8345,41.3017,22670694,116.619666,39.90220368,北京市,北京市,通州区
1486,雁栖湖,YAN XI HU,中国铁路北京局,北京市 怀柔区,115.8666,41.7753,23030641,116.6512877,40.37125712,北京市,北京市,怀柔区
1489,延庆,YAN QING,中国铁路北京局,北京市 延庆区,115.1807,41.838,6680386,115.9756076,40.4333552,北京市,北京市,延庆区
1501,燕山,YAN SHAN,中国铁路北京局,北京市 房山区,115.155,41.1444,53030866,115.9502905,39.74641376,北京市,北京市,房山区
1611,安定,AN DING,中国铁路北京局,北京市 大兴区,115.693,41.012,25730027,116.4802743,39.6152848,北京市,北京市,大兴区
1699,北宅,BEI ZHAI,中国铁路北京局,北京市 怀柔区,115.7803,41.7425,23020244,116.5662735,40.338772,北京市,北京市,怀柔区
1800,大灰厂,DA HUI CHANG,中国铁路北京局,北京市 丰台区,115.327,41.2474,53000810,116.1197277,39.84842496,北京市,北京市,丰台区
1955,官高,GUAN GAO,中国铁路北京局,北京市 昌平区,115.5161,41.6262,22990391,116.3060101,40.22358848,北京市,北京市,昌平区
1957,高各庄,GAO GE ZHUANG,中国铁路北京局,北京市 顺义区,115.8368,41.6596,22700726,116.6219317,40.25666784,北京市,北京市,顺义区
1990,孤山口,GU SHAN KOU,中国铁路北京局,北京市 房山区,115.0426,41.0419,53050148,115.8395653,39.64489776,北京市,北京市,房山区
2329,落坡岭,LUO PO LING,中国铁路北京局,北京市 门头沟区,115.1837,41.3858,27570430,115.9785629,39.98549632,北京市,北京市,门头沟区
2400,庙城,MIAO CHENG,中国铁路北京局,北京市 怀柔区,115.829,41.6878,22720113,116.6142479,40.28459712,北京市,北京市,怀柔区
2450,南观村,NAN GUAN CUN,中国铁路北京局,北京市 房山区,115.1917,41.163,53020405,115.9864437,39.7648352,北京市,北京市,房山区
2535,平峪,PING YU,中国铁路北京局,北京市 房山区,114.7327,41.0561,53090229,115.5342828,39.65896144,北京市,北京市,房山区
2666,三合庄,SAN HE ZHUANG,中国铁路北京局,北京市 房山区,114.9074,41.0295,53070179,115.7063797,39.6326168,北京市,北京市,房山区
2724,上万,SHANG WAN,中国铁路北京局,北京市 房山区,115.2427,41.2184,53010638,116.0366838,39.81970336,北京市,北京市,房山区
2804,统军庄,TONG JUN ZHUANG,中国铁路北京局,北京市 密云区,115.9626,41.743,22740490,116.7458573,40.3392672,北京市,北京市,密云区
2906,魏善庄,WEI SHAN ZHUANG,中国铁路北京局,北京市 大兴区,115.6121,41.06,25720894,116.4005797,39.662824,北京市,北京市,大兴区
2969,斜河涧,XIE HE JIAN,中国铁路北京局,北京市 门头沟区,115.2575,41.3686,27560246,116.0512633,39.96846144,北京市,北京市,门头沟区
3076,雁翅,YAN CHI,中国铁路北京局,北京市 门头沟区,115.0935,41.4337,27590020,115.8897069,40.03293648,北京市,北京市,门头沟区
3096,沿河城,YAN HE CHENG,中国铁路北京局,北京市 门头沟区,114.9136,41.4978,27620072,115.7124874,40.09642112,北京市,北京市,门头沟区
3105,云居寺,YUN JU SI,中国铁路北京局,北京市 房山区,114.9971,41.0172,53060462,115.7947432,39.62043488,北京市,北京市,房山区
3238,珠窝,ZHU WO,中国铁路北京局,北京市 门头沟区,114.9944,41.4492,27600488,115.7920834,40.04828768,北京市,北京市,门头沟区
3246,张辛,ZHANG XIN,中国铁路北京局,北京市 顺义区,115.8949,41.4098,22680585,116.679166,40.00926592,北京市,北京市,顺义区
41,福州,FU ZHOU,中国铁路南昌局,福建省 福州市 晋安区,118.5701,27.3814,36940738,119.3145055,26.11553856,福建省,福州市,晋安区
42,福州南,FU ZHOU NAN,中国铁路南昌局,福建省 福州市 仓山区,118.6415,27.2517,6550428,119.3848417,25.98708368,福建省,福州市,仓山区
268,长乐东,CHANG LE DONG,中国铁路南昌局,福建省 福州市 长乐区,118.8119,27.121,92170029,119.5527027,25.8576384,福建省,福州市,长乐区
269,长乐,CHANG LE,中国铁路南昌局,福建省 福州市 长乐区,118.738,27.1896,92161683,119.4799038,25.92557984,福建省,福州市,长乐区
276,长乐南,CHANG LE NAN,中国铁路南昌局,福建省 福州市 长乐区,118.8502,27.018,92178375,119.590432,25.7556272,福建省,福州市,长乐区
289,长汀南,CHANG TING NAN,中国铁路南昌局,福建省 龙岩市 长汀县,115.5629,27.0295,30870394,116.3521128,25.7670168,福建省,龙岩市,长汀县
416,福鼎,FU DING,中国铁路南昌局,福建省 宁德市 福鼎市,119.4526,28.5619,6480689,120.1838563,27.28470576,福建省,宁德市,福鼎市
435,福清,FU QING,中国铁路南昌局,福建省 福州市 福清市,118.6348,26.9379,4550456,119.3782415,25.67629616,福建省,福州市,福清市
492,古田会址,GU TIAN HUI ZHI,中国铁路南昌局,福建省 龙岩市 上杭县,115.984,26.4418,30890356,116.7669384,25.18495872,福建省,龙岩市,上杭县
507,冠豸山,GUAN ZHI SHAN,中国铁路南昌局,福建省 龙岩市 连城县,115.9323,27.0029,93296361,116.7160087,25.74067216,福建省,龙岩市,连城县
648,晋江,JIN JIANG,中国铁路南昌局,福建省 泉州市 晋江市,117.6957,26.0483,4480875,118.4531341,24.79523632,福建省,泉州市,晋江市
659,建宁县北,JIAN NING XIAN BEI,中国铁路南昌局,福建省 三明市 建宁县,116.0843,28.1916,37080526,116.8657439,26.91796064,福建省,三明市,建宁县
787,连江,LIAN JIANG,中国铁路南昌局,福建省 福州市 连江县,118.8219,27.4631,6540066,119.5625537,26.19645424,福建省,福州市,连江县
836,龙岩,LONG YAN,中国铁路南昌局,福建省 龙岩市 新罗区,116.2208,26.3536,4690674,117.0002101,25.09760544,福建省,龙岩市,新罗区
850,罗源,LUO YUAN,中国铁路南昌局,福建省 福州市 罗源县,118.8307,27.7273,6530479,119.5712226,26.45811792,福建省,福州市,罗源县
887,闽清北,MIN QING BEI,中国铁路南昌局,福建省 福州市 闽清县,118.1213,27.5571,22660045,118.8723926,26.28955184,福建省,福州市,闽清县
921,宁德,NING DE,中国铁路南昌局,福建省 宁德市 蕉城区,118.8388,27.9431,6520587,119.5792019,26.67184624,福建省,宁德市,蕉城区
941,南平市,WU YI SHAN DONG,中国铁路南昌局,福建省 南平市 建阳区,117.3252,28.7538,22620329,118.0881545,27.47476352,福建省,南平市,建阳区
980,平潭,PING TAN,中国铁路南昌局,福建省 福州市 平潭县,119.0406,26.8081,92186721,119.7779951,25.54774224,福建省,福州市,平潭县
981,莆田,PU TIAN,中国铁路南昌局,福建省 莆田市 秀屿区,118.3087,26.6097,4520869,119.0570004,25.35124688,福建省,莆田市,秀屿区
1025,清流,QING LIU,中国铁路南昌局,福建省 三明市 清流县,116.0277,27.4841,93196245,116.8099873,26.21725264,福建省,三明市,清流县
1043,泉州,QUAN ZHOU,中国铁路南昌局,福建省 泉州市 丰泽区,117.8071,26.2294,4490186,118.5628742,24.97459776,福建省,泉州市,丰泽区
1106,三明北,SAN MING BEI,中国铁路南昌局,福建省 三明市 沙县区,117.0336,27.6452,37120105,117.8008994,26.37680608,福建省,三明市,沙县区
1107,三明,SAN MING,中国铁路南昌局,福建省 三明市 三元区,116.814,27.4989,90319074,117.5845714,26.23191056,福建省,三明市,三元区
1144,邵武,SHAO WU,中国铁路南昌局,福建省 南平市 邵武市,116.7023,28.6304,31200677,117.4745357,27.35254816,福建省,南平市,邵武市
1147,松溪,SONG XI,中国铁路南昌局,福建省 南平市 松溪县,118.0711,28.8155,91127053,118.8229406,27.5358712,福建省,南平市,松溪县
1157,三元区,SAN YUAN QU,中国铁路南昌局,福建省 三明市 三元区,116.8313,27.51,31500211,117.6016136,26.242904,福建省,三明市,三元区
1222,泰宁,TAI NING,中国铁路南昌局,福建省 三明市 泰宁县,116.3704,28.2032,37090306,117.147581,26.92944928,福建省,三明市,泰宁县
1294,武夷山北,WU YI SHAN BEI,中国铁路南昌局,福建省 南平市 武夷山市,117.2756,29.062,22610302,118.0392936,27.7800048,福建省,南平市,武夷山市
1297,武夷山,WU YI SHAN,中国铁路南昌局,福建省 南平市 武夷山市,117.2611,29.0131,42580240,118.0250096,27.73157424,福建省,南平市,武夷山市
1355,厦门北,XIA MEN BEI,中国铁路南昌局,福建省 厦门市 集美区,117.3051,25.8878,4440472,118.068354,24.63627712,福建省,厦门市,集美区
1357,厦门,XIA MEN,中国铁路南昌局,福建省 厦门市 思明区,117.3477,25.7177,4460411,118.1103193,24.46781008,福建省,厦门市,思明区
1359,厦门高崎,XIA MEN GAO QI,中国铁路南昌局,福建省 厦门市 湖里区,117.3461,25.7879,4450627,118.1087431,24.53733616,福建省,厦门市,湖里区
1363,霞浦,XIA PU,中国铁路南昌局,福建省 宁德市 霞浦县,119.294,28.1854,6500279,120.0276194,26.91182016,福建省,宁德市,霞浦县
1413,永安南,YONG AN NAN,中国铁路南昌局,福建省 三明市 永安市,116.6112,27.2038,90328721,117.3847931,25.93964352,福建省,三明市,永安市
1476,延平东,YAN PING DONG,中国铁路南昌局,福建省 南平市 延平区,117.4475,27.8988,42710055,118.2086323,26.62797152,福建省,南平市,延平区
1479,延平,YAN PING,中国铁路南昌局,福建省 南平市 延平区,117.5074,27.8637,22640661,118.2676397,26.59320848,福建省,南平市,延平区
1481,延平西,YAN PING XI,中国铁路南昌局,福建省 南平市 延平区,117.344,27.8389,90309427,118.1066744,26.56864656,福建省,南平市,延平区
1507,永泰,YONG TAI,中国铁路南昌局,福建省 福州市 永泰县,118.178,27.1127,37160459,118.9282478,25.84941808,福建省,福州市,永泰县
1516,云霄,YUN XIAO,中国铁路南昌局,福建省 漳州市 云霄县,116.5824,25.1352,4400113,117.3564222,23.89090208,福建省,漳州市,云霄县
1520,尤溪,YOU XI,中国铁路南昌局,福建省 三明市 尤溪县,117.3733,27.4347,37130259,118.1355378,26.16832688,福建省,三明市,尤溪县
1531,诏安,ZHAO AN,中国铁路南昌局,福建省 漳州市 诏安县,116.3139,25.015,4390255,117.0919229,23.771856,福建省,漳州市,诏安县
1574,漳平,ZHANG PING,中国铁路南昌局,福建省 龙岩市 漳平市,116.6408,26.5645,30940430,117.4139521,25.3064808,福建省,龙岩市,漳平市
1576,漳平西,ZHANG PING XI,中国铁路南昌局,福建省 龙岩市 漳平市,116.5806,26.5814,90348015,117.3546491,25.32321856,福建省,龙岩市,漳平市
1601,漳州东,ZHANG ZHOU DONG,中国铁路南昌局,福建省 漳州市 龙文区,116.9715,25.8163,31880741,117.7397247,24.56546352,福建省,漳州市,龙文区
1604,漳州,ZHANG ZHOU,中国铁路南昌局,福建省 漳州市 龙海区,116.9423,25.7068,4420123,117.7109597,24.45701472,福建省,漳州市,龙海区
1634,安溪,AN XI DONG,中国铁路南昌局,福建省 泉州市 安溪县,117.4897,26.3181,98199912,118.2502035,25.06244624,福建省,泉州市,安溪县
1746,长汀,CHANG TING,中国铁路南昌局,福建省 龙岩市 长汀县,115.5492,27.0929,65790555,116.3386169,25.82980816,福建省,龙岩市,长汀县
1889,福安,FU AN,中国铁路南昌局,福建省 宁德市 福安市,118.9739,28.1088,6510015,119.7122889,26.83595552,福建省,宁德市,福安市
1912,福清西,FU QING XI,中国铁路南昌局,福建省 福州市 福清市,118.5544,26.9603,99267048,119.2990394,25.69848112,福建省,福州市,福清市
1996,古田北,GU TIAN BEI,中国铁路南昌局,福建省 宁德市 古田县,117.9056,27.7334,22650564,118.6599066,26.46415936,福建省,宁德市,古田县
1997,古田,GU TIAN,中国铁路南昌局,福建省 宁德市 古田县,117.8633,27.7003,42800698,118.6182368,26.43137712,福建省,宁德市,古田县
2009,光泽,GUANG ZE,中国铁路南昌局,福建省 南平市 光泽县,116.5715,28.8322,31160753,117.3456847,27.55241088,福建省,南平市,光泽县
2018,冠豸山南,GUAN ZHAI SHAN NAN,中国铁路南昌局,福建省 龙岩市 连城县,115.8898,26.7851,30880109,116.674142,25.52496304,福建省,龙岩市,连城县
2025,惠安,HUI AN,中国铁路南昌局,福建省 泉州市 惠安县,117.9553,26.3142,4500338,118.708866,25.05858368,福建省,泉州市,惠安县
2059,涵江,HAN JIANG,中国铁路南昌局,福建省 莆田市 涵江区,118.4234,26.7524,4530226,119.1699913,25.49257696,福建省,莆田市,涵江区
2176,将乐,JIANG LE,中国铁路南昌局,福建省 三明市 将乐县,116.6995,27.9686,37100549,117.4717775,26.69710144,福建省,三明市,将乐县
2180,角美,JIAO MEI,中国铁路南昌局,福建省 漳州市 龙海区,117.1086,25.7782,4430673,117.8747819,24.52772928,福建省,漳州市,龙海区
2186,建宁南,JIAN NING NAN,中国铁路南昌局,福建省 三明市 建宁县,116.0686,28.087,93212931,116.8502779,26.8143648,福建省,三明市,建宁县
2187,建瓯东,JIAN OU DONG,中国铁路南昌局,福建省 南平市 建瓯市,118.1323,28.4433,91160421,118.8832287,27.16724432,福建省,南平市,建瓯市
2188,建瓯,JIA OU,中国铁路南昌局,福建省 南平市 建瓯市,117.5286,28.301,42660381,118.2885239,27.0263104,福建省,南平市,建瓯市
2189,建瓯西,JIAN OU XI,中国铁路南昌局,福建省 南平市 建瓯市,117.5134,28.3252,22630400,118.2735503,27.05027808,福建省,南平市,建瓯市
2220,建阳,JIAN YANG,中国铁路南昌局,福建省 南平市 建阳区,117.3455,28.6345,42630422,118.1081521,27.3566088,福建省,南平市,建阳区
2221,蛟洋,JIAO YANG,中国铁路南昌局,福建省 龙岩市 上杭县,115.9487,26.4398,65780648,116.7321644,25.18297792,福建省,龙岩市,上杭县
2351,龙山镇,LONG SHAN ZHEN,中国铁路南昌局,福建省 漳州市 南靖县,116.5831,25.9444,30910031,117.3571118,24.69233376,福建省,漳州市,南靖县
2386,来舟,LAI ZHOU,中国铁路南昌局,福建省 南平市 延平区,117.2159,27.8989,31410234,117.9804831,26.62807056,福建省,南平市,延平区
2425,闽清,MIN QING,中国铁路南昌局,福建省 福州市 闽清县,118.1524,27.4818,42850646,118.9030292,26.21497472,福建省,福州市,闽清县
2437,麦园,MAI YUAN,中国铁路南昌局,福建省 龙岩市 漳平市,116.7256,26.8458,31650399,117.4974886,25.58508032,福建省,龙岩市,漳平市
2455,宁化,NING HUA,中国铁路南昌局,福建省 三明市 宁化县,115.9397,27.5162,93187902,116.7232985,26.24904448,福建省,三明市,宁化县
2461,南靖,NAN JING,中国铁路南昌局,福建省 漳州市 南靖县,116.6701,25.83,30920396,117.4428155,24.579032,福建省,漳州市,南靖县
2509,屏南,PING NAN,中国铁路南昌局,福建省 宁德市 屏南县,118.3742,28.1727,91193789,119.1215244,26.89924208,福建省,宁德市,屏南县
2553,泉港,QUAN GANG,中国铁路南昌局,福建省 泉州市 泉港区,118.1232,26.4321,99283722,118.8742643,25.17535184,福建省,泉州市,泉港区
2607,泉州东,QUAN ZHOU DONG,中国铁路南昌局,福建省 泉州市 惠安县,118.0126,26.1767,99300396,118.7653123,24.92240368,福建省,泉州市,惠安县
2610,泉州南,QUAN ZHOU NAN,中国铁路南昌局,福建省 泉州市 晋江市,117.8244,25.9903,99317070,118.5799164,24.73779312,福建省,泉州市,晋江市
2636,顺昌,SHUN CHANG,中国铁路南昌局,福建省 南平市 顺昌县,117.0429,28.0751,31330359,117.8100608,26.80257904,福建省,南平市,顺昌县
2655,上杭,SHANG HANG,中国铁路南昌局,福建省 龙岩市 上杭县,115.6019,26.3299,100167381,116.3905317,25.07413296,福建省,龙岩市,上杭县
2736,水茜,SHUI QIAN,中国铁路南昌局,福建省 三明市 宁化县,115.9533,27.7368,93246303,116.7366958,26.46752672,福建省,三明市,宁化县
2746,双洋,SHUANG YANG,中国铁路南昌局,福建省 龙岩市 漳平市,116.5941,26.8808,90338368,117.3679479,25.61974432,福建省,龙岩市,漳平市
2811,太姥山,TAI MU SHAN,中国铁路南昌局,福建省 宁德市 福鼎市,119.4884,28.4043,6490496,120.2191228,27.12861872,福建省,宁德市,福鼎市
2898,武平,WU PING,中国铁路南昌局,福建省 龙岩市 武平县,115.4237,26.2472,100184052,116.2149869,24.99222688,福建省,龙岩市,武平县
3045,仙游,XIAN YOU,中国铁路南昌局,福建省 莆田市 仙游县,118.1149,26.5092,4510717,118.866088,25.25171168,福建省,莆田市,仙游县
3056,永安,YONG AN,中国铁路南昌局,福建省 三明市 永安市,116.5985,27.2405,31570752,117.3722824,25.9759912,福建省,三明市,永安市
3085,永定,YONG DING,中国铁路南昌局,福建省 龙岩市 永定区,115.956,25.9878,4740122,116.7393556,24.73531712,福建省,龙岩市,永定区
3146,雁石南,YAN SHI NAN,中国铁路南昌局,福建省 龙岩市 新罗区,116.3714,26.4988,90357662,117.1485661,25.24141152,福建省,龙岩市,新罗区
3176,杨源,YANG YUAN,中国铁路南昌局,福建省 三明市 清流县,116.0118,27.1078,93288018,116.7943242,25.84456512,福建省,三明市,清流县
3203,政和,ZHENG HE,中国铁路南昌局,福建省 南平市 政和县,118.0939,28.6059,91143737,118.8454009,27.32828336,福建省,南平市,政和县
3223,周宁,ZHOU NING,中国铁路南昌局,福建省 宁德市 周宁县,118.6305,28.2117,91210473,119.3740056,26.93786768,福建省,宁德市,周宁县
3227,漳浦,ZHANG PU,中国铁路南昌局,福建省 漳州市 漳浦县,116.7866,25.3432,4410426,117.5575797,24.09690528,福建省,漳州市,漳浦县
3237,支提山,ZHI TI SHAN,中国铁路南昌局,福建省 宁德市 蕉城区,118.7161,28.0958,91218815,119.4583301,26.82308032,福建省,宁德市,蕉城区
3257,安溪东,AN XI DONG,中国铁路南昌局,福建省 泉州市 安溪县,117.4897,26.3181,98199912,118.2502035,25.06244624,福建省,泉州市,安溪县
3265,德化,DE HUA,中国铁路南昌局,福建省 泉州市 德化县,117.4153,26.7644,98149890,118.176912,25.50446176,福建省,泉州市,德化县
3267,大田北,DA TIAN BEI,中国铁路南昌局,福建省 三明市 大田县,117.0741,26.9675,98116542,117.8407959,25.705612,福建省,三明市,大田县
3289,明溪,MING XI,中国铁路南昌局,福建省 三明市 明溪县,116.4327,27.5067,98033172,117.2089528,26.23963568,福建省,三明市,明溪县
3291,南安北,NAN AN BEI,中国铁路南昌局,福建省 泉州市 南安市,117.5975,26.286,98216586,118.3563973,25.0306544,福建省,泉州市,南安市
3302,三元西,SAN YUAN XI,中国铁路南昌局,福建省 三明市 三元区,116.6049,27.441,98049846,117.378587,26.1745664,福建省,三明市,三元区
3315,永春,YONG CHUN,中国铁路南昌局,福建省 泉州市 永春县,117.3588,26.5891,98166564,118.1212539,25.33084464,福建省,泉州市,永春县
30,陈官营,CHEN GUAN YING,中国铁路兰州局,甘肃省 兰州市 西固区,102.6804,37.4476,10750741,103.661562,36.08510304,甘肃省,兰州市,西固区
40,丰水村,FENG SHUI CUN,中国铁路兰州局,甘肃省 兰州市 皋兰县,103.0106,37.8247,8060793,103.9868421,36.45858288,甘肃省,兰州市,皋兰县
43,甘草店,GAN CAO DIAN,中国铁路兰州局,甘肃省 兰州市 榆中县,103.3194,37.1523,10650816,104.2910409,35.79263792,甘肃省,兰州市,榆中县
79,龙泉寺,LONG QUAN SI,中国铁路兰州局,甘肃省 兰州市 永登县,102.4042,37.8472,10790795,103.3894774,36.48086688,甘肃省,兰州市,永登县
83,骆驼巷,LUO TUO XIANG,中国铁路兰州局,甘肃省 兰州市 榆中县,103.0734,37.387,10690291,104.0487063,36.0250848,甘肃省,兰州市,榆中县
85,兰州东,LAN ZHOU DONG,中国铁路兰州局,甘肃省 兰州市 城关区,102.9162,37.3911,10710652,103.8938486,36.02914544,甘肃省,兰州市,城关区
86,兰州,LAN ZHOU,中国铁路兰州局,甘肃省 兰州市 城关区,102.8739,37.395,10720412,103.8521789,36.033008,甘肃省,兰州市,城关区
87,兰州新区,LAN ZHOU XIN QU,中国铁路兰州局,甘肃省 兰州市 永登县,102.6378,37.8346,36640487,103.6195968,36.46838784,甘肃省,兰州市,永登县
88,兰州西,LAN ZHOU XI,中国铁路兰州局,甘肃省 兰州市 七里河区,102.773,37.4287,10730088,103.7527823,36.06638448,甘肃省,兰州市,七里河区
104,坡底下,PO DI XIA,中国铁路兰州局,甘肃省 兰州市 西固区,102.5321,37.4992,10760777,103.5154717,36.13620768,甘肃省,兰州市,西固区
108,邵家堂,SHAO JIA TANG,中国铁路兰州局,甘肃省 兰州市 皋兰县,102.8899,37.5489,8110327,103.8679405,36.18543056,甘肃省,兰州市,皋兰县
115,水源,SHUI YUAN,中国铁路兰州局,甘肃省 兰州市 皋兰县,102.9015,37.4855,8120670,103.8793677,36.1226392,甘肃省,兰州市,皋兰县
117,桑园子,SANG YUAN ZI,中国铁路兰州局,甘肃省 兰州市 榆中县,103.0012,37.4161,10700799,103.9775821,36.05390544,甘肃省,兰州市,榆中县
124,王家湾,WANG JIA WAN,中国铁路兰州局,甘肃省 兰州市 榆中县,103.284,37.2018,10660780,104.2561684,35.84166272,甘肃省,兰州市,榆中县
131,西固城,XI GU CHENG,中国铁路兰州局,甘肃省 兰州市 西固区,102.617,37.4693,10740291,103.5991067,36.10659472,甘肃省,兰州市,西固区
133,许家台,XU JIA TAI,中国铁路兰州局,甘肃省 兰州市 榆中县,103.237,37.2664,10670547,104.2098687,35.90564256,甘肃省,兰州市,榆中县
145,朱家窑,ZHU JIA YAO,中国铁路兰州局,甘肃省 兰州市 皋兰县,103.0234,37.8616,8050543,103.9994513,36.49512864,甘肃省,兰州市,皋兰县
237,白银西,BAI YIN XI,中国铁路兰州局,甘肃省 白银市 白银区,103.1245,37.9148,8030712,104.099045,36.54781792,甘肃省,白银市,白银区
283,长庆桥,CHANG QING QIAO,中国铁路兰州局,甘肃省 庆阳市 宁县,106.8294,36.6684,47340003,107.7487419,35.31338336,甘肃省,庆阳市,宁县
311,长征,CHANG ZHENG,中国铁路兰州局,甘肃省 白银市 平川区,103.8858,38.0911,60540896,104.8490016,36.72242544,甘肃省,白银市,平川区
327,东岔,DONG CHA,中国铁路西安局,甘肃省 天水市 麦积区,105.6001,35.789,84605371,106.5377585,34.4424256,甘肃省,天水市,麦积区
344,敦煌,DUN HUANG,中国铁路兰州局,甘肃省 酒泉市 敦煌市,93.6736,41.5693,48670401,94.78896336,40.16723472,甘肃省,酒泉市,敦煌市
382,定西北,DING XI BEI,中国铁路兰州局,甘肃省 定西市 安定区,103.619,36.9633,39742208,104.5861769,35.60545232,甘肃省,定西市,安定区
384,定西,DING XI,中国铁路兰州局,甘肃省 定西市 安定区,103.6596,36.9492,10620563,104.626172,35.59148768,甘肃省,定西市,安定区
432,福利区,FU LI QU,中国铁路兰州局,甘肃省 兰州市 西固区,102.6521,37.4563,36660498,103.6336837,36.09371952,甘肃省,兰州市,西固区
472,甘谷,GAN GU,中国铁路兰州局,甘肃省 天水市 甘谷县,104.3745,36.1129,10510039,105.33042,34.76321616,甘肃省,天水市,甘谷县
476,皋兰,GAO LAN,中国铁路兰州局,甘肃省 兰州市 皋兰县,102.9673,37.7011,8080572,103.9441872,36.33616944,甘肃省,兰州市,皋兰县
531,哈达铺,HA DA PU,中国铁路兰州局,甘肃省 陇南市 宕昌县,103.2625,35.5652,41020117,104.2349888,34.22077408,甘肃省,陇南市,宕昌县
554,河口南,HE KOU NAN,中国铁路兰州局,甘肃省 兰州市 西固区,102.4732,37.5251,10770613,103.4574493,36.16185904,甘肃省,兰州市,西固区
595,海石湾,HAI SHI WAN,中国铁路青藏集团,甘肃省 兰州市 红古区,101.8744,37.7053,16840329,102.8675714,36.34032912,甘肃省,兰州市,红古区
603,环县,HUAN XIAN,中国铁路兰州局,甘肃省 庆阳市 环县,106.4464,37.8812,92069889,107.3714486,36.51454048,甘肃省,庆阳市,环县
630,金昌,JIN CHANG,中国铁路兰州局,甘肃省 金昌市 永昌县,101.0596,39.7538,10970028,102.064912,38.36916352,甘肃省,金昌市,永昌县
666,酒泉南,JIU QUAN NAN,中国铁路兰州局,甘肃省 酒泉市 肃州区,97.4823,41.0963,55160010,98.54091373,39.69877552,甘肃省,酒泉市,肃州区
667,酒泉,JIU QUAN,中国铁路兰州局,甘肃省 酒泉市 肃州区,97.3966,41.0397,11170748,98.45649066,39.64271888,甘肃省,酒泉市,肃州区
677,镜铁山,JING TIE SHAN,中国铁路兰州局,甘肃省 张掖市 肃南裕固族自治县,96.8838,40.7295,61070400,97.95133138,39.3354968,甘肃省,张掖市,肃南裕固族自治县
692,嘉峪关,JIA YU GUAN,中国铁路兰州局,甘肃省 嘉峪关市,97.1966,41.1605,11180061,98.25947066,39.7623592,甘肃省,嘉峪关市,
693,嘉峪关南,JIA YU GUAN NAN,中国铁路兰州局,甘肃省 嘉峪关市,97.2528,41.1123,55170227,98.31483328,39.71462192,甘肃省,嘉峪关市,
757,两当,LIANG DANG,中国铁路西安局,甘肃省 陇南市 两当县,105.3671,35.116,17870419,106.3082302,33.7758864,甘肃省,陇南市,两当县
779,绿化,LV HUA,中国铁路兰州局,甘肃省 嘉峪关市,97.1931,41.1984,61030361,98.25602281,39.79989536,甘肃省,嘉峪关市,
798,陇南,LONG NAN,中国铁路兰州局,甘肃省 陇南市 武都区,103.999,34.7132,41060731,104.9605149,33.37695328,甘肃省,陇南市,武都区
826,陇西,LONG XI,中国铁路兰州局,甘肃省 定西市 陇西县,103.7409,36.3038,10570221,104.7062606,34.95228352,甘肃省,定西市,陇西县
844,柳园南,LIU YUAN NAN,中国铁路乌鲁木齐局,甘肃省 酒泉市 瓜州县,94.3712,42.5098,55210256,95.47616912,41.09870592,甘肃省,酒泉市,瓜州县
847,柳园,LIU YUAN,中国铁路乌鲁木齐局,甘肃省 酒泉市 瓜州县,94.4069,42.5152,11320262,95.51133719,41.10405408,甘肃省,酒泉市,瓜州县
896,岷县,MIN XIAN,中国铁路兰州局,甘肃省 定西市 岷县,103.0955,35.7385,41010783,104.0704771,34.3924104,甘肃省,定西市,岷县
970,平凉,PING LIANG,中国铁路兰州局,甘肃省 平凉市 崆峒区,105.7698,36.9073,48400029,106.70493,35.54998992,甘肃省,平凉市,崆峒区
971,平凉南,PING LIANG NAN,中国铁路兰州局,甘肃省 平凉市 崆峒区,105.891,36.8398,47380078,106.8243241,35.48313792,甘肃省,平凉市,崆峒区
1037,庆阳,QING YANG,中国铁路兰州局,甘肃省 庆阳市 西峰区,106.7023,37.0523,92044857,107.6235357,35.69359792,甘肃省,庆阳市,西峰区
1059,肃北,SU BEI,中国铁路兰州局,甘肃省 酒泉市 肃北蒙古族自治县,93.6612,40.9355,64990342,94.77674812,39.5395192,甘肃省,酒泉市,肃北蒙古族自治县
1229,天水,TIAN SHUI,中国铁路兰州局,甘肃省 天水市 麦积区,104.9493,35.9149,10450542,105.8966554,34.56711696,甘肃省,天水市,麦积区
1230,天水南,TIAN SHUI NAN,中国铁路兰州局,甘肃省 天水市 麦积区,104.9059,35.8974,41873015,105.8539021,34.54978496,甘肃省,天水市,麦积区
1283,武威东,WU WEI DONG,中国铁路兰州局,甘肃省 武威市 凉州区,101.6983,39.3316,102267927,102.6940953,37.95101664,甘肃省,武威市,凉州区
1284,武威,WU WEI,中国铁路兰州局,甘肃省 武威市 凉州区,101.6293,39.282,10920177,102.6261234,37.9018928,甘肃省,武威市,凉州区
1285,武威南,WU WEI NAN,中国铁路兰州局,甘肃省 武威市 凉州区,101.744,39.1924,10910144,102.7391144,37.81315296,甘肃省,武威市,凉州区
1298,渭源,WEI YUAN,中国铁路兰州局,甘肃省 定西市 渭源县,103.2569,36.449,589217497,104.2294722,35.0960896,甘肃省,定西市,渭源县
1329,西固,XI GU,中国铁路兰州局,甘肃省 兰州市 西固区,102.6253,37.4652,36650914,103.607283,36.10253408,甘肃省,兰州市,西固区
1330,夏官营,XIA GUAN YING,中国铁路兰州局,甘肃省 兰州市 榆中县,103.2078,37.3122,10680153,104.1811038,35.95100288,甘肃省,兰州市,榆中县
1435,永登,YONG DENG,中国铁路兰州局,甘肃省 兰州市 永登县,102.2881,38.0877,10810342,103.2751073,36.71905808,甘肃省,兰州市,永登县
1470,玉门,YU MEN,中国铁路兰州局,甘肃省 酒泉市 玉门市,95.9647,41.6762,11240266,97.04592597,40.27310848,甘肃省,酒泉市,玉门市
1530,榆中,YU ZHONG,中国铁路兰州局,甘肃省 兰州市 榆中县,103.1987,37.2105,87613063,104.1721394,35.8502792,甘肃省,兰州市,榆中县
1534,中川机场,ZHONG CHUAN JI CHANG,中国铁路兰州局,甘肃省 兰州市 永登县,102.6357,37.87,36630671,103.6175281,36.503448,甘肃省,兰州市,永登县
1549,张家川,ZHANG JIA CHUAN,中国铁路兰州局,甘肃省 天水市 张家川回族自治县,105.3996,36.3174,325100335,106.340246,34.96575296,甘肃省,天水市,张家川回族自治县
1595,张掖,ZHANG YE,中国铁路兰州局,甘肃省 张掖市 甘州区,99.4946,40.3628,11050173,100.5232305,38.97231712,甘肃省,张掖市,甘州区
1599,张掖西,ZHANG YE XI,中国铁路兰州局,甘肃省 张掖市 甘州区,99.4006,40.3105,55120465,100.4306311,38.9205192,甘肃省,张掖市,甘州区
1621,阿克塞,A KE SAI,中国铁路兰州局,甘肃省 酒泉市 阿克塞哈萨克族自治县,93.2533,41.0095,64980205,94.37492583,39.6128088,甘肃省,酒泉市,阿克塞哈萨克族自治县
1622,安口窑,AN KOU YAO,中国铁路西安局,甘肃省 平凉市 华亭市,105.872,36.5894,48360665,106.8056072,35.23514176,甘肃省,平凉市,华亭市
1695,白银市,BAI YIN SHI,中国铁路兰州局,甘肃省 白银市 白银区,103.1966,37.9239,60480372,104.1700707,36.55683056,甘肃省,白银市,白银区
1706,长城,CHANG CHENG,中国铁路兰州局,甘肃省 白银市 景泰县,103.138,38.6615,7920101,104.1123438,37.2873496,甘肃省,白银市,景泰县
1777,打柴沟,DA CHAI GOU,中国铁路兰州局,甘肃省 武威市 天祝藏族自治县,102.0097,38.4606,10850876,103.0008555,37.08837824,甘肃省,武威市,天祝藏族自治县
1843,东湾,DONG WAN,中国铁路兰州局,甘肃省 白银市 靖远县,103.7805,38.0166,60530177,104.7452706,36.64864064,甘肃省,白银市,靖远县
1845,低窝铺,DI WO PU,中国铁路兰州局,甘肃省 酒泉市 玉门市,96.1695,41.5431,11230230,97.24767445,40.14128624,甘肃省,酒泉市,玉门市
1962,古浪,GU LANG,中国铁路兰州局,甘肃省 武威市 古浪县,101.9276,38.8541,10880020,102.9199788,37.47810064,甘肃省,武威市,古浪县
1964,古浪北,GU LANG BEI,中国铁路兰州局,甘肃省 武威市 古浪县,101.9178,38.8804,102184572,102.9103248,37.50414816,甘肃省,武威市,古浪县
1995,高台,GAO TAI,中国铁路兰州局,甘肃省 张掖市 高台县,98.7528,40.6602,11090176,99.79248328,39.26686208,甘肃省,张掖市,高台县
1999,高台南,GAO TAI NAN,中国铁路兰州局,甘肃省 张掖市 高台县,98.7323,40.6862,55140142,99.77228873,39.29261248,甘肃省,张掖市,高台县
2014,瓜州,GUA ZHOU,中国铁路兰州局,甘肃省 酒泉市 瓜州县,94.678,41.9717,48650296,95.7783978,40.56577168,甘肃省,酒泉市,瓜州县
2038,黑冲滩,HEI CHONG TAN,中国铁路兰州局,甘肃省 武威市 古浪县,102.357,39.018,61550719,103.3429807,37.6404272,甘肃省,武威市,古浪县
2042,河东里,HE DONG LI,中国铁路兰州局,甘肃省 酒泉市 金塔县,98.7262,41.8159,94714281,99.76627962,40.41146736,甘肃省,酒泉市,金塔县
2056,贺家店,HE JIA DIAN,中国铁路兰州局,甘肃省 天水市 武山县,103.8691,36.1047,10550500,104.8325504,34.75509488,甘肃省,天水市,武山县
2097,宏庆,HONG QING,中国铁路西安局,甘肃省 陇南市 两当县,105.4855,35.184,17850224,106.4248661,33.8432336,甘肃省,陇南市,两当县
2118,红砂岘,HONG SHA XIAN,中国铁路兰州局,甘肃省 白银市 白银区,103.0893,37.974,8020602,104.0643694,36.6064496,甘肃省,白银市,白银区
2125,徽县,HUI XIAN,中国铁路西安局,甘肃省 陇南市 徽县,105.2557,35.0401,17890029,106.1984901,33.70071504,甘肃省,陇南市,徽县
2128,红岘台,HONG XIAN TAI,中国铁路兰州局,甘肃省 白银市 景泰县,103.1259,38.1734,7990695,104.1004241,36.80393536,甘肃省,白银市,景泰县
2143,黄羊镇,HUANG YANG ZHEN,中国铁路兰州局,甘肃省 武威市 凉州区,101.8464,39.0324,10890692,102.8399886,37.65468896,甘肃省,武威市,凉州区
2156,泾川,JING CHUAN,中国铁路兰州局,甘肃省 平凉市 泾川县,106.4363,36.7026,47360072,107.3614991,35.34725504,甘肃省,平凉市,泾川县
2177,芨岭,JI LING,中国铁路兰州局,甘肃省 金昌市 永昌县,100.7835,39.9153,10990628,101.7929259,38.52911312,甘肃省,金昌市,永昌县
2209,景泰,JING TAI,中国铁路兰州局,甘肃省 白银市 景泰县,103.0812,38.5659,7930898,104.0563901,37.19266736,甘肃省,白银市,景泰县
2210,金塔,JIN TA,中国铁路兰州局,甘肃省 酒泉市 金塔县,97.824,41.3096,94664244,98.8775224,39.91002784,甘肃省,酒泉市,金塔县
2229,靖远,JING YUAN,中国铁路兰州局,甘肃省 白银市 靖远县,103.7071,37.9171,60520421,104.6729642,36.55009584,甘肃省,白银市,靖远县
2233,靖远西,JING YUAN XI,中国铁路兰州局,甘肃省 白银市 靖远县,103.688,37.9244,60510064,104.6541488,36.55732576,甘肃省,白银市,靖远县
2287,龙沟,LONG GOU,中国铁路兰州局,甘肃省 武威市 古浪县,101.9105,38.6905,10860596,102.9031336,37.3160712,甘肃省,武威市,古浪县
2308,李家坪,LI JIA PING,中国铁路兰州局,甘肃省 定西市 安定区,103.3568,37.0179,10640010,104.3278837,35.65952816,甘肃省,定西市,安定区
2323,洛门,LUO MEN,中国铁路兰州局,甘肃省 天水市 武山县,104.0627,36.1026,10530681,105.0232658,34.75301504,甘肃省,天水市,武山县
2359,狼尾山,LANG WEI SHAN,中国铁路兰州局,甘肃省 张掖市 肃南裕固族自治县,96.9348,40.8703,61050471,98.00157148,39.47494512,甘肃省,张掖市,肃南裕固族自治县
2384,临泽,LIN ZE,中国铁路兰州局,甘肃省 张掖市 临泽县,99.129,40.5469,11070658,100.1630779,39.15464976,甘肃省,张掖市,临泽县
2391,临泽南,LIN ZE NAN,中国铁路兰州局,甘肃省 张掖市 临泽县,99.0928,40.5234,55130593,100.1274173,39.13137536,甘肃省,张掖市,临泽县
2412,民乐,MIN LE,中国铁路兰州局,甘肃省 张掖市 民乐县,99.8185,39.8582,55110106,100.8423044,38.47256128,甘肃省,张掖市,民乐县
2439,庙庄,MIAO ZHUANG,中国铁路兰州局,甘肃省 平凉市 崆峒区,105.906,36.7899,48390880,106.8391006,35.43371696,甘肃省,平凉市,崆峒区
2453,南河川,NAN HE CHUAN,中国铁路兰州局,甘肃省 天水市 麦积区,104.815,35.9718,10470092,105.7643565,34.62347072,甘肃省,天水市,麦积区
2479,宁县,NING XIAN,中国铁路兰州局,甘肃省 庆阳市 宁县,107.0244,36.8397,92036513,107.9408364,35.48303888,甘肃省,庆阳市,宁县
2493,磐安镇,PAN AN ZHEN,中国铁路兰州局,甘肃省 天水市 甘谷县,104.1612,36.1096,10520669,105.1202981,34.75994784,甘肃省,天水市,甘谷县
2532,平原堡,PING YUAN BAO,中国铁路兰州局,甘肃省 张掖市 甘州区,99.3224,40.4687,11060551,100.3535962,39.07720048,甘肃省,张掖市,甘州区
2544,秦安,QIN AN,中国铁路兰州局,甘肃省 天水市 秦安县,104.7057,36.1969,88701411,105.6566851,34.84640976,甘肃省,天水市,秦安县
2545,庆城,QING CHENG,中国铁路兰州局,甘肃省 庆阳市 庆城县,106.8663,37.438,92053201,107.7850921,36.0755952,甘肃省,庆阳市,庆城县
2576,清水北,QING SHUI BEI,中国铁路兰州局,甘肃省 酒泉市 肃州区,98.0517,40.7667,55150178,99.10182967,39.37233968,甘肃省,酒泉市,肃州区
2581,清水,QING SHUI,中国铁路兰州局,甘肃省 酒泉市 肃州区,98.0105,40.7467,11130030,99.06124355,39.35253168,甘肃省,酒泉市,肃州区
2583,清水县,QING SHUI XIAN,中国铁路兰州局,甘肃省 天水市 清水县,105.1596,36.1005,84763262,106.103822,34.7509352,甘肃省,天水市,清水县
2595,桥西,QIAO XI,中国铁路兰州局,甘肃省 嘉峪关市,97.0674,41.116,61040012,98.13219574,39.7182864,甘肃省,嘉峪关市,
2609,曲子,QU ZI,中国铁路兰州局,甘肃省 庆阳市 环县,106.5661,37.6828,92061545,107.4893651,36.31804512,甘肃省,庆阳市,环县
2640,山丹,SHAN DAN,中国铁路兰州局,甘肃省 张掖市 山丹县,100.0574,40.2005,11020310,101.0776447,38.8115752,甘肃省,张掖市,山丹县
2642,山丹马场,SHAN DAN MA CHANG,中国铁路兰州局,甘肃省 张掖市 山丹县,100.1906,39.4747,55100408,101.2088601,38.09274288,甘肃省,张掖市,山丹县
2681,疏勒河,SHU LE HE,中国铁路兰州局,甘肃省 酒泉市 瓜州县,95.7918,41.833,11260155,96.87560218,40.4284032,甘肃省,酒泉市,瓜州县
2738,石峡子,SHI XIA ZI,中国铁路兰州局,甘肃省 武威市 古浪县,102.4752,38.99,61540626,103.4594195,37.612696,甘肃省,武威市,古浪县
2750,三阳川,SAN YANG CHUAN,中国铁路兰州局,甘肃省 天水市 麦积区,104.7574,36.0138,10480303,105.7076147,34.66506752,甘肃省,天水市,麦积区
2751,上腰墩,SHANG YAO DUN,中国铁路兰州局,甘肃省 武威市 凉州区,101.8423,39.1499,61590763,102.8359497,37.77106096,甘肃省,武威市,凉州区
2768,肃州,SU ZHOU,中国铁路兰州局,甘肃省 酒泉市 肃州区,97.5986,41.1415,94647565,98.65548086,39.7435416,甘肃省,酒泉市,肃州区
2776,通安驿,TONG AN YI,中国铁路兰州局,甘肃省 定西市 陇西县,103.7222,36.651,10590712,104.6878392,35.2961504,甘肃省,定西市,陇西县
2802,谭家井,TAN JIA JING,中国铁路兰州局,甘肃省 武威市 古浪县,102.6118,38.9659,61530395,103.5939842,37.58882736,甘肃省,武威市,古浪县
2813,土门子,TU MEN ZI,中国铁路兰州局,甘肃省 武威市 古浪县,102.0887,39.0331,61570168,103.0786784,37.65538224,甘肃省,武威市,古浪县
2821,甜水堡,TIAN SHUI BU,中国铁路兰州局,甘肃省 庆阳市 环县,105.8808,38.5013,92086577,106.8142761,37.12868752,甘肃省,庆阳市,环县
2828,通渭,TONG WEI,中国铁路兰州局,甘肃省 定西市 通渭县,104.3046,36.5485,21659878,105.2615615,35.1946344,甘肃省,定西市,通渭县
2844,天祝,TIAN ZHU,中国铁路兰州局,甘肃省 武威市 天祝藏族自治县,102.1486,38.3496,10840033,103.1376859,36.97844384,甘肃省,武威市,天祝藏族自治县
2846,天祝西,TIAN ZHU XI,中国铁路兰州局,甘肃省 武威市 天祝藏族自治县,102.1269,38.368,102017862,103.1163092,36.9966672,甘肃省,武威市,天祝藏族自治县
2878,吴家川,WU JIA CHUAN,中国铁路兰州局,甘肃省 白银市 靖远县,103.5668,38.0234,60500891,104.5347547,36.65537536,甘肃省,白银市,靖远县
2897,渭南镇,WEI NAN ZHEN,中国铁路兰州局,甘肃省 天水市 麦积区,104.6843,36.0379,10490701,105.6356039,34.68893616,甘肃省,天水市,麦积区
2904,武山,WU SHAN,中国铁路兰州局,甘肃省 天水市 武山县,103.9574,36.0709,10540272,104.9195347,34.72161936,甘肃省,天水市,武山县
2986,新李,XIN LI,中国铁路兰州局,甘肃省 平凉市 崆峒区,105.6553,36.9599,48410079,106.592136,35.60208496,甘肃省,平凉市,崆峒区
3005,兴泉堡,XING QUAN BU,中国铁路兰州局,甘肃省 白银市 景泰县,103.0322,38.4853,7940736,104.0081202,37.11284112,甘肃省,白银市,景泰县
3015,许三湾,XU SAN WAN,中国铁路兰州局,甘肃省 张掖市 高台县,98.3687,40.7083,11110836,99.41410637,39.31450032,甘肃省,张掖市,高台县
3050,新阳镇,XIN YANG ZHEN,中国铁路兰州局,甘肃省 天水市 麦积区,104.5812,36.0515,10500759,105.5340401,34.7024056,甘肃省,天水市,麦积区
3081,永登北,YONG DENG BEI,中国铁路兰州局,甘肃省 兰州市 永登县,102.2591,38.0902,101934507,103.2465394,36.72153408,甘肃省,兰州市,永登县
3087,园墩,YUAN DUN,中国铁路兰州局,甘肃省 武威市 凉州区,101.9803,39.0905,61580141,102.9718935,37.7122312,甘肃省,武威市,凉州区
3135,玉石,YU SHI,中国铁路兰州局,甘肃省 金昌市 永昌县,100.886,39.8553,10980600,101.8938986,38.46968912,甘肃省,金昌市,永昌县
3177,鸳鸯镇,YUAN YANG ZHEN,中国铁路兰州局,甘肃省 天水市 武山县,103.8171,36.1501,10560386,104.7813252,34.80005904,甘肃省,天水市,武山县
3241,漳县,ZHANG XIAN,中国铁路兰州局,甘肃省 定西市 漳县,103.1846,36.066,393994810,104.1582495,34.7167664,甘肃省,定西市,漳县
3261,北滩,BEI TAN,中国铁路兰州局,甘肃省 白银市 靖远县,103.905,38.424,97666344,104.8679155,37.0521296,甘肃省,白银市,靖远县
3262,白银南,BAI YIN NAN,中国铁路兰州局,甘肃省 白银市 白银区,103.2091,37.8428,97716366,104.1823844,36.47650912,甘肃省,白银市,白银区
3281,靖远北,JING YUAN BEI,中国铁路兰州局,甘肃省 白银市 靖远县,103.6969,37.9757,97699692,104.6629162,36.60813328,甘肃省,白银市,靖远县
3295,平川西,PING CHUAN XI,中国铁路兰州局,甘肃省 白银市 平川区,103.7639,38.1275,97683018,104.7289179,36.758476,甘肃省,白银市,平川区
3296,秦王川,QIN WANG CHUAN,中国铁路兰州局,甘肃省 兰州市 皋兰县,102.7905,37.8344,97733040,103.7700216,36.46818976,甘肃省,兰州市,皋兰县
50,广州北,GUANG ZHOU BEI,中国铁路广州局,广东省 广州市 花都区,112.3605,24.6163,2690796,113.1974286,23.37698352,广东省,广州市,花都区
51,广州东,GUANG ZHOU DONG,中国铁路广州局,广东省 广州市 天河区,112.4843,24.388,250946,113.3193839,23.1508752,广东省,广州市,天河区
52,广州,GUANG ZHOU,中国铁路广州局,广东省 广州市 越秀区,112.4157,24.3867,10445,113.2518061,23.14958768,广东省,广州市,越秀区
53,广州南,GUANG ZHOU NAN,中国铁路广州局,广东省 广州市 番禺区,112.4276,24.2241,20593,113.2635288,22.98854864,广东省,广州市,番禺区
54,广州西,GUANG ZHOU XI,中国铁路广州局,广东省 广州市 荔湾区,112.4035,24.3778,3130828,113.2397879,23.14077312,广东省,广州市,荔湾区
55,广州白云,GUANG ZHOU BAI YUN,中国铁路广州局,广东省 广州市 白云区,112.4039,24.4286,100450788,113.2401819,23.19108544,广东省,广州市,白云区
136,新塘,XIN TANG,中国铁路广州局,广东省 广州市 增城区,112.7692,24.3716,290350,113.6000389,23.13463264,广东省,广州市,增城区
230,白云机场北,BAI YUN JI CHANG BEI,珠三角城际,广东省 广州市 花都区,112.465,24.6357,91419042,113.3003715,23.39619728,广东省,广州市,花都区
280,常平东,CHANG PING DONG,珠三角城际,广东省 东莞市,113.2107,24.1974,95050239,114.0349606,22.96210496,广东省,东莞市,
286,潮汕,CHAO SHAN,中国铁路广州局,广东省 潮州市 潮安区,115.7973,24.7807,4370298,116.5830202,23.53980528,广东省,潮州市,潮安区
304,潮阳,CHAO YANG,中国铁路广州局,广东省 汕头市 潮阳区,115.6288,24.6197,4360775,116.4170309,23.38035088,广东省,汕头市,潮阳区
336,东莞东,DONG GUAN DONG,中国铁路广州局,广东省 东莞市,113.2093,24.2026,20580138,114.0335814,22.96725504,广东省,东莞市,
337,东莞南,DONG WAN NAN,中国铁路广州局,广东省 东莞市,113.239,24.0791,94597528,114.0628389,22.84494064,广东省,东莞市,
339,东莞,DONG GUAN,中国铁路广州局,广东省 东莞市,113.0271,24.325,320253,113.8540962,23.08848,广东省,东莞市,
340,东莞西,DONG GUAN XI,中国铁路广州局,广东省 东莞市,112.7901,24.2448,35049335,113.6206275,23.00904992,广东省,东莞市,
350,道滘,DAO JIAO,珠三角城际,广东省 东莞市,112.8235,24.2265,95058611,113.6535299,22.9909256,广东省,东莞市,
366,大埔,DA PU,中国铁路广州局,广东省 梅州市 大埔县,115.7871,25.6598,4780790,116.5729722,24.41046592,广东省,梅州市,大埔县
440,佛山,FO SHAN,中国铁路广州局,广东省 佛山市 禅城区,112.2587,24.2826,3170257,113.0971454,23.04648704,广东省,佛山市,禅城区
442,佛山西,FO SHAN XI,中国铁路广州局,广东省 佛山市 南海区,112.1884,24.3155,3970583,113.0278928,23.0790712,广东省,佛山市,南海区
443,福田,FU TIAN,中国铁路广州局,广东省 深圳市 福田区,113.2268,23.7695,580122,114.0508207,22.5383128,广东省,深圳市,福田区
503,高州,GAO ZHOU,中国铁路广州局,广东省 茂名市 高州市,110.0134,23.1205,5290878,110.8853003,21.8955432,广东省,茂名市,高州市
523,花城街,HUA CHENG JIE,珠三角城际,广东省 广州市 花都区,112.3954,24.6659,91402354,113.2318085,23.42610736,广东省,广州市,花都区
530,惠东南,HUI DONG NAN,中国铁路广州局,广东省 惠州市 惠东县,113.9768,24.0789,4300165,114.7896457,22.84474256,广东省,惠州市,惠东县
532,花都,HUA DU,珠三角城际,广东省 广州市 花都区,112.3955,24.6162,91352296,113.2319071,23.37688448,广东省,广州市,花都区
550,怀集,HUAI JI,中国铁路广州局,广东省 肇庆市 怀集县,111.3007,25.1364,4100779,112.1534196,23.89209056,广东省,肇庆市,怀集县
569,鲘门,HOU MEN,中国铁路广州局,广东省 汕尾市 海丰县,114.3119,24.0466,4310587,115.1197527,22.81275264,广东省,汕尾市,海丰县
597,花山镇,HUA SHAN ZHEN,珠三角城际,广东省 广州市 花都区,112.4269,24.665,91410697,113.2628392,23.425216,广东省,广州市,花都区
606,惠阳,HUI YANG,中国铁路广州局,广东省 惠州市 惠阳区,113.6706,24.0175,4290247,114.4880081,22.783932,广东省,惠州市,惠阳区
609,河源东,HE YUAN DONG,中国铁路广州局,广东省 河源市 紫金县,113.9177,24.9232,94530812,114.7314263,23.68093728,广东省,河源市,紫金县
614,河源,HE YUAN,中国铁路广州局,广东省 河源市 源城区,113.8637,25.0026,20490423,114.6782309,23.75957504,广东省,河源市,源城区
616,惠州北,HUI ZHOU BEI,中国铁路广州局,广东省 惠州市 惠城区,113.5554,24.4175,94564170,114.3745245,23.180092,广东省,惠州市,惠城区
623,惠州,HUI ZHOU,中国铁路广州局,广东省 惠州市 惠城区,113.5916,24.3883,20540664,114.4101852,23.15117232,广东省,惠州市,惠城区
654,江门,JIANG MEN,中国铁路广州局,广东省 江门市 新会区,112.2268,23.7187,36890382,113.0657207,22.48800048,广东省,江门市,新会区
744,乐昌东,LE CHANGE DONG,中国铁路广州局,广东省 韶关市 乐昌市,112.556,26.3706,2780812,113.3900156,25.11444224,广东省,韶关市,乐昌市
747,龙川,LONG CHUAN,中国铁路广州局,广东省 河源市 龙川县,114.4258,25.3591,20440552,115.2319556,24.11265264,广东省,河源市,龙川县
754,龙川西,LONG CHUAN XI,中国铁路广州局,广东省 河源市 龙川县,114.3679,25.3238,94497454,115.1749183,24.07769152,广东省,河源市,龙川县
765,陆丰,LU FENG,中国铁路广州局,广东省 汕尾市 陆丰市,114.9298,24.1827,4330802,115.728446,22.94754608,广东省,汕尾市,陆丰市
820,乐同,LE TONG,珠三角城际,广东省 广州市 花都区,112.3319,24.6629,91360639,113.1692547,23.42313616,广东省,广州市,花都区
883,茂名,MAO MING,中国铁路广州局,广东省 茂名市 茂南区,110.0527,22.8648,3550898,110.9240148,21.64229792,广东省,茂名市,茂南区
884,茂名西,MAO MING XI,中国铁路南宁局,广东省 茂名市 茂南区,109.9717,22.904,3560014,110.8442217,21.6811216,广东省,茂名市,茂南区
905,梅州,MEI ZHOU,中国铁路广州局,广东省 梅州市 梅江区,115.3335,25.5058,4820708,116.1261309,24.25794432,广东省,梅州市,梅江区
909,梅州西,MEI ZHOU XI,中国铁路广州局,广东省 梅州市 梅县区,115.249,25.4989,89620661,116.0428899,24.25111056,广东省,梅州市,梅县区
948,南雄,NAN XIONG,中国铁路广州局,广东省 韶关市 南雄市,113.4851,26.4025,5220782,114.305272,25.146036,广东省,韶关市,南雄市
973,普宁,PU NING,中国铁路广州局,广东省 揭阳市 普宁市,115.4033,24.5044,4350081,116.1948908,23.26615776,广东省,揭阳市,普宁市
978,坪石,PING SHI,中国铁路广州局,广东省 韶关市 乐昌市,112.2126,26.5392,2460278,113.0517323,25.28142368,广东省,韶关市,乐昌市
1002,清城,QING CHENG,珠三角城际,广东省 清远市 清城区,112.2212,24.895,91394011,113.0602041,23.653008,广东省,清远市,清城区
1029,庆盛,QING SHENG,中国铁路广州局,广东省 广州市 南沙区,112.6529,24.1003,610925,113.4854718,22.86593712,广东省,广州市,南沙区
1038,清远,QING YUAN,中国铁路广州局,广东省 清远市 清城区,112.2908,24.9355,2750283,113.1287671,23.6931192,广东省,清远市,清城区
1054,饶平,RAO PING,中国铁路广州局,广东省 潮州市 饶平县,116.1475,24.9544,4380678,116.9280023,23.71183776,广东省,潮州市,饶平县
1071,韶关东,SHAO GUAN DONG,中国铁路广州局,广东省 韶关市 浈江区,112.7685,26.0475,2540340,113.5993494,24.794444,广东省,韶关市,浈江区
1072,韶关,SHAO GUAN,中国铁路广州局,广东省 韶关市 武江区,112.6761,26.004,2770817,113.5083261,24.7513616,广东省,韶关市,武江区
1098,狮岭,SHI LING,珠三角城际,广东省 广州市 花都区,112.3047,24.6937,91368982,113.14246,23.45364048,广东省,广州市,花都区
1120,石牌,SHI PAI,中国铁路广州局,广东省 广州市 天河区,112.5316,24.3761,260502,113.3659792,23.13908944,广东省,广州市,天河区
1141,汕头南,SHAN TOU NAN,中国铁路广州局,广东省 汕头市 濠江区,115.889,24.4667,100300749,116.6733539,23.22881968,广东省,汕头市,濠江区
1142,汕头,SHAN TOU,中国铁路广州局,广东省 汕头市 龙湖区,115.9683,24.611,5030783,116.7514723,23.3717344,广东省,汕头市,龙湖区
1143,汕尾,SHAN WEI,中国铁路广州局,广东省 汕尾市 城区,114.6201,24.0448,4320763,115.4233605,22.81096992,广东省,汕尾市,城区
1162,深圳北,SHEN ZHEN BEI,中国铁路广州局,广东省 深圳市 龙华区,113.1992,23.8409,590923,114.0236319,22.60902736,广东省,深圳市,龙华区
1164,深圳机场,SHEN ZHEN JI CHANG,中国铁路广州局,广东省 深圳市 宝安区,112.9801,23.8571,90491407,113.8077965,22.62507184,广东省,深圳市,宝安区
1166,深圳东,SHEN ZHEN DONG,中国铁路广州局,广东省 深圳市 龙岗区,113.2912,23.8337,390629,114.1142611,22.60189648,广东省,深圳市,龙岗区
1170,深圳,SHEN ZHEN,中国铁路广州局,广东省 深圳市 罗湖区,113.2885,23.7618,410696,114.1116014,22.53068672,广东省,深圳市,罗湖区
1178,深圳坪山,SHEN ZHEN PING SHAN,中国铁路广州局,广东省 深圳市 龙岗区,113.5022,23.9403,4280338,114.3221172,22.70747312,广东省,深圳市,龙岗区
1180,深圳西,SHEN ZHEN XI,中国铁路广州局,广东省 深圳市 南山区,113.0757,23.7594,570730,113.9019721,22.52830976,广东省,深圳市,南山区
1335,新会,XIN HUI,中国铁路广州局,广东省 江门市 新会区,112.2266,23.7483,240694,113.0655237,22.51731632,广东省,江门市,新会区
1342,小金口,XIAO JIN KOU,珠三角城际,广东省 惠州市 惠城区,113.5943,24.3875,5140825,114.4128449,23.15038,广东省,惠州市,惠城区
1375,新塘南,XIN TANG NAN,中国铁路广州局,广东省 广州市 增城区,112.7672,24.3681,90352944,113.5980687,23.13116624,广东省,广州市,增城区
1398,信宜,XIN YI,中国铁路广州局,广东省 茂名市 信宜市,110.0922,23.5603,5310446,110.9629262,22.33112112,广东省,茂名市,信宜市
1427,阳春,YANG CHUN,中国铁路广州局,广东省 阳江市 阳春市,110.8972,23.4174,3440086,111.7559317,22.18959296,广东省,阳江市,阳春市
1439,英德西,YING DE XI,中国铁路广州局,广东省 清远市 英德市,112.5094,25.4068,2760298,113.3441099,24.15989472,广东省,清远市,英德市
1440,云浮东,YUN FU DONG,中国铁路广州局,广东省 云浮市 云安区,111.2799,24.248,4250173,112.1329295,23.0122192,广东省,云浮市,云安区
1444,阳江,YANG JIANG,中国铁路广州局,广东省 阳江市 江城区,111.1307,23.0336,90163275,111.9859526,21.80947744,广东省,阳江市,江城区
1473,郁南,YU NAN,中国铁路广州局,广东省 云浮市 郁南县,110.6009,24.4827,4270531,111.4640466,23.24466608,广东省,云浮市,郁南县
1543,珠海,ZHU HAI,中国铁路广州局,广东省 珠海市 香洲区,112.7127,23.4432,190924,113.5443808,22.21514528,广东省,珠海市,香洲区
1545,珠海北,ZHU HAI BEI,中国铁路广州局,广东省 珠海市 香洲区,112.7149,23.6308,150017,113.546548,22.40094432,广东省,珠海市,香洲区
1546,珠海机场,ZHU HAI JI CHANG,中国铁路广州局,广东省 珠海市 金湾区,112.5362,23.2369,100950918,113.3705106,22.01082576,广东省,珠海市,金湾区
1547,珠海长隆,ZHU HAI CHANG LONG,中国铁路广州局,广东省 珠海市 香洲区,112.7045,23.3314,91271602,113.536303,22.10441856,广东省,珠海市,香洲区
1551,湛江,ZHAN JIANG,中国铁路南宁局,广东省 湛江市 霞山区,109.5037,22.4041,3880845,110.3831949,21.18602064,广东省,湛江市,霞山区
1562,湛江西,ZHAN JIANG XI,中国铁路广州局,广东省 湛江市 遂溪县,109.4029,22.4606,61705657,110.2838968,21.24197824,广东省,湛江市,遂溪县
1578,肇庆东,ZHAO QING DONG,珠三角城际,广东省 肇庆市 鼎湖区,111.8113,24.453,4020090,112.6564116,23.2152512,广东省,肇庆市,鼎湖区
1579,肇庆,ZHAO QING,中国铁路广州局,广东省 肇庆市 端州区,111.5965,24.3182,3300359,112.4448122,23.08174528,广东省,肇庆市,端州区
1583,中山,ZHONG SHAN,中国铁路广州局,广东省 中山市,112.5941,23.7749,120318,113.4275479,22.54366096,广东省,中山市,
1587,中堂,ZHONG TANG,中国铁路广州局,广东省 东莞市,112.7852,24.3128,90363595,113.6158005,23.07639712,广东省,东莞市,
1649,北滘,BEI JIAO,中国铁路广州局,广东省 佛山市 顺德区,112.4221,24.15,40706,113.2581107,22.91516,广东省,佛山市,顺德区
1650,碧江,BI JIANG,中国铁路广州局,广东省 佛山市 顺德区,112.4206,24.1848,30094,113.2566331,22.94962592,广东省,佛山市,顺德区
1654,北滘西,BEI JIAO XI,珠三角城际,广东省 佛山市 顺德区,112.335,24.1873,101317680,113.1723085,22.95210192,广东省,佛山市,顺德区
1659,博罗北,BO LUO BEI,中国铁路广州局,广东省 惠州市 博罗县,113.741,24.7178,94547491,114.5573591,23.47750912,广东省,惠州市,博罗县
1682,坂田,BAN TIAN,中国铁路广州局,广东省 深圳市 龙华区,113.2219,23.8551,4660291,114.0459937,22.62309104,广东省,深圳市,龙华区
1702,长安,CHANG AN,中国铁路广州局,广东省 东莞市,112.93,24.0125,90448803,113.758443,22.77898,广东省,东莞市,
1703,长安西,CHANG AN XI,中国铁路广州局,广东省 东莞市,112.8947,24.0191,90438152,113.723669,22.78551664,广东省,东莞市,
1707,陈村,CHEN CUN,珠三角城际,广东省 佛山市 顺德区,112.3965,24.2046,101334351,113.2328922,22.96923584,广东省,佛山市,顺德区
1714,翠亨,CUI HENG,中国铁路广州局,广东省 中山市,112.7088,23.6694,140263,113.5405389,22.43917376,广东省,中山市,
1720,陈江南,CHEN JIANG NAN,珠三角城际,广东省 惠州市 惠城区,113.5015,24.2413,5090053,114.3214277,23.00558352,广东省,惠州市,惠城区
1727,潮南,CHAO NAN,中国铁路广州局,广东省 汕头市 潮南区,115.7406,24.3699,100284078,116.5271651,23.13294896,广东省,汕头市,潮南区
1730,常平,CHANG PING,中国铁路广州局,广东省 东莞市,113.1763,24.2187,340087,114.0010731,22.98320048,广东省,东莞市,
1732,常平南,CHANG PING NAN,珠三角城际,广东省 东莞市,113.1726,24.2076,65114267,113.9974283,22.97220704,广东省,东莞市,
1747,春湾,CHUN WAN,中国铁路广州局,广东省 阳江市 阳春市,111.0879,23.6882,3400041,111.9437903,22.45779328,广东省,阳江市,阳春市
1761,潮州,CHAO ZHOU,中国铁路广州局,广东省 潮州市 潮安区,115.7937,24.8809,5000632,116.5794739,23.63904336,广东省,潮州市,潮安区
1773,电白,DIAN BAI,中国铁路广州局,广东省 茂名市 电白区,110.2718,22.9261,90165006,111.1398502,21.70300944,广东省,茂名市,电白区
1781,东城南,DONG CHENG NAN,珠三角城际,广东省 东莞市,112.9414,24.223,85077163,113.7696731,22.9874592,广东省,东莞市,
1794,东莞港,DONG WAN GANG,中国铁路广州局,广东省 东莞市,112.7752,24.1427,90395548,113.6059495,22.90793008,广东省,东莞市,
1801,鼎湖东,DING HU DONG,珠三角城际,广东省 肇庆市 鼎湖区,111.8101,24.4527,4040702,112.6552295,23.21495408,广东省,肇庆市,鼎湖区
1802,鼎湖山,DING HU SHAN,珠三角城际,广东省 肇庆市 鼎湖区,111.7357,24.4112,4050591,112.5819381,23.17385248,广东省,肇庆市,鼎湖区
1804,东环,DONG HUAN,珠三角城际,广东省 广州市 番禺区,112.5253,24.2092,101517732,113.359773,22.97379168,广东省,广州市,番禺区
1818,大朗镇,DA LANG ZHEN,珠三角城际,广东省 东莞市,113.12,24.1903,35104991,113.945612,22.95507312,广东省,东莞市,
1830,东升,DONG SHENG,中国铁路广州局,广东省 中山市,112.4431,23.8362,100831,113.2787978,22.60437248,广东省,中山市,
1844,大旺,DA WANG,珠三角城际,广东省 肇庆市 四会市,111.964,24.4918,4070521,112.8068364,23.25367872,广东省,肇庆市,四会市
1852,丹霞山,DAN XIA SHAN,中国铁路广州局,广东省 韶关市 仁化县,112.9715,26.2103,5170711,113.7993247,24.95568112,广东省,韶关市,仁化县
1871,端州,DUAN ZHOU,珠三角城际,广东省 肇庆市 端州区,111.6607,24.3473,4030766,112.5080556,23.11056592,广东省,肇庆市,端州区
1885,恩平,EN PING,中国铁路广州局,广东省 江门市 恩平市,111.5413,23.4121,90160707,112.3904346,22.18434384,广东省,江门市,恩平市
1900,福海西,FU HAI XI,中国铁路广州局,广东省 深圳市 宝安区,112.9561,23.9227,90470105,113.7841541,22.69004208,广东省,深圳市,宝安区
1914,丰顺东,FENG SHUN DONG,中国铁路广州局,广东省 梅州市 丰顺县,115.3942,25.0456,89652482,116.1859264,23.80216224,广东省,梅州市,丰顺县
1916,丰顺,FENG SHUN,中国铁路广州局,广东省 梅州市 丰顺县,115.3947,24.9942,4970397,116.186419,23.75125568,广东省,梅州市,丰顺县
1972,光明城,GUANG MING CHENG,中国铁路广州局,广东省 深圳市 光明区,113.1239,23.966,620147,113.9494539,22.7329264,广东省,深圳市,光明区
1975,广宁,GUANG NING,中国铁路广州局,广东省 肇庆市 广宁县,111.5718,24.8259,4090222,112.4204802,23.58457136,广东省,肇庆市,广宁县
1983,官桥北,GUAN QIAO BEI,珠三角城际,广东省 广州市 番禺区,112.6054,24.2172,101601087,113.4386795,22.98171488,广东省,广州市,番禺区
2011,古镇,GU ZHEN,中国铁路广州局,广东省 中山市,112.3633,23.8297,200695,113.2001868,22.59793488,广东省,中山市,
2017,广州长隆,GUANG ZHOU CHANG LONG,珠三角城际,广东省 广州市 番禺区,112.4892,24.2253,101434377,113.3242109,22.98973712,广东省,广州市,番禺区
2019,广州莲花山,GUANG ZHOU LIAN HUA SHAN,珠三角城际,广东省 广州市 番禺区,112.6537,24.2381,101684442,113.4862599,23.00241424,广东省,广州市,番禺区
2034,河唇,HE CHUN,中国铁路南宁局,广东省 湛江市 廉江市,109.4169,22.9183,3840416,110.2976882,21.69528432,广东省,湛江市,廉江市
2035,华城,HUA CHENG,中国铁路广州局,广东省 梅州市 五华县,114.8201,25.3179,4890757,115.6203805,24.07184816,广东省,梅州市,五华县
2054,惠环,HUI HUAN,珠三角城际,广东省 惠州市 惠城区,113.5414,24.2655,5100872,114.3607331,23.0295512,广东省,惠州市,惠城区
2057,厚街,HOU JIE,中国铁路广州局,广东省 东莞市,112.8148,24.1324,90406199,113.6449595,22.89772896,广东省,东莞市,
2066,惠来,HUI LAI,中国铁路广州局,广东省 揭阳市 惠来县,115.4917,24.2291,100267407,116.2819737,22.99350064,广东省,揭阳市,惠来县
2078,虎门北,HU MEN BEI,中国铁路广州局,广东省 东莞市,112.8363,24.0937,90416850,113.6661391,22.85940048,广东省,东莞市,
2079,虎门东,HU MEN DONG,中国铁路广州局,广东省 东莞市,112.8582,24.063,90427501,113.6877128,22.8289952,广东省,东莞市,
2081,虎门,HU MEN,中国铁路广州局,广东省 东莞市,112.8381,24.0948,600843,113.6679123,22.86048992,广东省,东莞市,
2082,洪梅,HONG MEI,中国铁路广州局,广东省 东莞市,112.7817,24.2158,90384897,113.6123527,22.98032832,广东省,东莞市,
2091,和平北,HE PING BEI,中国铁路广州局,广东省 河源市 和平县,114.1451,25.7231,94464096,114.955438,24.47315824,广东省,河源市,和平县
2092,和平,HE PING,中国铁路广州局,广东省 河源市 和平县,114.1545,25.7077,20400330,114.964698,24.45790608,广东省,河源市,和平县
2095,横琴北,HENG QIN BEI,中国铁路广州局,广东省 珠海市 香洲区,112.6962,23.3887,91249940,113.5281266,22.16116848,广东省,珠海市,香洲区
2098,横琴,HENG QIN,中国铁路广州局,广东省 珠海市 香洲区,112.7074,23.3654,91260771,113.5391597,22.13809216,广东省,珠海市,香洲区
2135,河源北,HE YUAN BEI,中国铁路广州局,广东省 河源市 东源县,114.1923,25.1278,94514133,115.0019347,23.88357312,广东省,河源市,东源县
2147,化州,HUA ZHOU,中国铁路南宁局,广东省 茂名市 化州市,109.7729,22.8747,3580480,110.6483838,21.65210288,广东省,茂名市,化州市
2149,惠州西,HUI ZHOU XI,中国铁路广州局,广东省 惠州市 惠城区,113.5379,24.3285,20550646,114.3572853,23.0919464,广东省,惠州市,惠城区
2165,江海,JIANG HAI,中国铁路广州局,广东省 江门市 江海区,112.3203,23.8143,210816,113.1578275,22.58268272,广东省,江门市,江海区
2179,江门东,JIANG MEN DONG,中国铁路广州局,广东省 江门市 江海区,112.2589,23.7923,220203,113.0973424,22.56089392,广东省,江门市,江海区
2191,建桥,JIAN QIAO,中国铁路广州局,广东省 梅州市 丰顺县,115.3137,25.1733,89641875,116.1066259,23.92863632,广东省,梅州市,丰顺县
2211,井湾,JING WAN,中国铁路广州局,广东省 珠海市 香洲区,112.6474,23.3362,100900905,113.4800537,22.10917248,广东省,珠海市,香洲区
2219,揭阳,JIE YANG,中国铁路广州局,广东省 揭阳市,115.5402,24.8509,89663089,116.329751,23.60933136,广东省,揭阳市,
2225,揭阳机场,JIE YANG JI CHANG,中国铁路广州局,广东省 揭阳市 揭东区,115.7259,24.7855,89673696,116.5126841,23.5445592,广东省,揭阳市,揭东区
2226,揭阳南,JIE YANG NAN,中国铁路广州局,广东省 揭阳市 榕城区,115.5759,24.8117,4980688,116.3649191,23.57050768,广东省,揭阳市,榕城区
2250,开平南,KAI PING NAN,中国铁路广州局,广东省 江门市 开平市,111.8257,23.5478,90159371,112.6705971,22.31874112,广东省,江门市,开平市
2253,葵潭,KUI TAN,中国铁路广州局,广东省 揭阳市 惠来县,115.1975,24.3003,4340644,115.9921573,23.06401712,广东省,揭阳市,惠来县
2263,寮步,LIAO BU,珠三角城际,广东省 东莞市,113.0187,24.2248,25086439,113.8458214,22.98924192,广东省,东莞市,
2266,乐昌,LE CHANG,中国铁路广州局,广东省 韶关市 乐昌市,112.5166,26.3861,2500411,113.3512027,25.12979344,广东省,韶关市,乐昌市
2277,陆丰东,LU FENG DONG,中国铁路广州局,广东省 汕尾市 陆丰市,115.0883,24.1397,100250736,115.8845843,22.90495888,广东省,汕尾市,陆丰市
2279,龙丰,LONG FENG,珠三角城际,广东省 惠州市 惠城区,113.5705,24.2993,5110018,114.3893996,23.06302672,广东省,惠州市,惠城区
2280,陆丰南,LU FENG NAN,中国铁路广州局,广东省 汕尾市 陆丰市,114.8569,24.127,100234065,115.6566322,22.8923808,广东省,汕尾市,陆丰市
2300,廉江,LIAN JIANG,中国铁路南宁局,广东省 湛江市 廉江市,109.4126,22.8363,3850782,110.2934523,21.61407152,广东省,湛江市,廉江市
2314,沥林北,LI LIN BEI,珠三角城际,广东省 惠州市 惠城区,113.4033,24.2145,5080548,114.2246908,22.9790408,广东省,惠州市,惠城区
2357,龙塘镇,LONG TANG ZHEN,珠三角城际,广东省 清远市 清城区,112.2392,24.8472,91385668,113.0779359,23.60566688,广东省,清远市,清城区
2380,礼乐,LI YUE,中国铁路广州局,广东省 江门市 江海区,112.2329,23.7764,230086,113.0717298,22.54514656,广东省,江门市,江海区
2385,雷州,LEI ZHOU,中国铁路广州局,广东省 湛江市 雷州市,109.1573,22.133,3900147,110.0419562,20.9175232,广东省,湛江市,雷州市
2396,麻涌,MA YONG,珠三角城际,广东省 东莞市,112.7372,24.2565,101767797,113.5685157,23.0206376,广东省,东莞市,
2432,马踏,MA TA,中国铁路广州局,广东省 茂名市 电白区,110.4954,22.9033,90166956,111.3601185,21.68042832,广东省,茂名市,电白区
2441,明珠,MING ZHU,中国铁路广州局,广东省 珠海市 香洲区,112.6779,23.4968,170275,113.5100993,22.26823072,广东省,珠海市,香洲区
2462,南江口,NAN JIANG KOU,中国铁路广州局,广东省 云浮市 郁南县,110.9245,24.3558,4260712,111.782825,23.11898432,广东省,云浮市,郁南县
2464,南朗,NAN LANG,中国铁路广州局,广东省 中山市,112.6959,23.717,130316,113.5278311,22.4863168,广东省,中山市,
2474,南头,NAN TOU,中国铁路广州局,广东省 中山市,112.4676,23.9458,80945,113.3029328,22.71292032,广东省,中山市,
2506,平湖,PING HU,中国铁路广州局,广东省 深圳市 龙岗区,113.2959,23.9247,370880,114.1188911,22.69202288,广东省,深圳市,龙岗区
2534,番禺,PAN YU,珠三角城际,广东省 广州市 番禺区,112.434,24.2253,101351022,113.2698334,22.98973712,广东省,广州市,番禺区
2579,前山,QIAN SHAN,中国铁路广州局,广东省 珠海市 香洲区,112.6882,23.4627,180873,113.5202458,22.23445808,广东省,珠海市,香洲区
2618,容桂,RONG GUI,中国铁路广州局,广东省 佛山市 顺德区,112.4713,23.9843,70838,113.3065776,22.75105072,广东省,佛山市,顺德区
2641,顺德北,SHUN DE BEI,珠三角城际,广东省 佛山市 顺德区,112.2846,24.1974,101301009,113.1226595,22.96210496,广东省,佛山市,顺德区
2644,顺德,SHUN DE,中国铁路广州局,广东省 佛山市 顺德区,112.4352,24.1092,50440,113.2710155,22.87475168,广东省,佛山市,顺德区
2648,顺德学院,SHUN DE XUE YUAN,中国铁路广州局,广东省 佛山市 顺德区,112.4786,24.0564,60756,113.3137689,22.82245856,广东省,佛山市,顺德区
2662,四会,SI HUI,珠三角城际,广东省 肇庆市 四会市,111.9054,24.5087,4060229,112.7491095,23.27041648,广东省,肇庆市,四会市
2667,畲江北,SHE JIANG BEI,中国铁路广州局,广东省 梅州市 梅县区,115.2217,25.3057,89631268,116.0159967,24.05976528,广东省,梅州市,梅县区
2673,沙井西,SHA JING XI,中国铁路广州局,广东省 深圳市 宝安区,112.9598,23.9666,90459454,113.787799,22.73352064,广东省,深圳市,宝安区
2685,石龙,SHI LONG,中国铁路广州局,广东省 东莞市,113.0117,24.3441,310811,113.8389257,23.10739664,广东省,东莞市,
2704,狮山北,SHI SHAN BEI,珠三角城际,广东省 佛山市 南海区,112.1252,24.3907,3990768,112.9656345,23.15354928,广东省,佛山市,南海区
2705,三水北,SAN SHUI BE,珠三角城际,广东省 佛山市 三水区,112.0721,24.4221,4000682,112.9133257,23.18464784,广东省,佛山市,三水区
2706,松山湖北,SONG SHAN HU BEI,珠三角城际,广东省 东莞市,113.0655,24.1933,85095715,113.8919241,22.95804432,广东省,东莞市,
2708,狮山,SHI SHAN,珠三角城际,广东省 佛山市 南海区,112.1382,24.3593,3980676,112.9784408,23.12245072,广东省,佛山市,南海区
2710,三水,SAN SHUI,中国铁路广州局,广东省 佛山市 三水区,112.0411,24.3968,3230513,112.8827876,23.15959072,广东省,佛山市,三水区
2714,三水南,SAN SHUI NAN,珠三角城际,广东省 佛山市 三水区,112.0229,24.3503,4010453,112.8648588,23.11353712,广东省,佛山市,三水区
2717,双水镇,SHUANG SHUI ZHEN,中国铁路广州局,广东省 江门市 新会区,112.11,23.6554,90157186,112.950661,22.42530816,广东省,江门市,新会区
2729,遂溪,SUI XI,中国铁路南宁局,广东省 湛江市 遂溪县,109.3824,22.6174,3860088,110.2637022,21.39727296,广东省,湛江市,遂溪县
2732,始兴,SHI XING,中国铁路广州局,广东省 韶关市 始兴县,113.2463,26.2217,5190266,114.0700301,24.96697168,广东省,韶关市,始兴县
2761,深圳机场北,SHEN ZHEN JI CHANG BEI,中国铁路广州局,广东省 深圳市 宝安区,112.9645,23.8837,90480756,113.792429,22.65141648,广东省,深圳市,宝安区
2763,三灶东,SAN ZAO DONG,中国铁路广州局,广东省 珠海市 金湾区,112.5637,23.2655,100934247,113.3976009,22.0391512,广东省,珠海市,金湾区
2770,十字门,SHI ZI MEN,中国铁路广州局,广东省 珠海市 香洲区,112.6831,23.4002,91239108,113.5152218,22.17255808,广东省,珠海市,香洲区
2803,唐家湾,TANG JIA WAN,中国铁路广州局,广东省 珠海市 香洲区,112.7145,23.5927,160362,113.546154,22.36321008,广东省,珠海市,香洲区
2823,台山,TAI SHAN,中国铁路广州局,广东省 江门市 台山市,111.9674,23.5285,90158303,112.8101857,22.2996264,广东省,江门市,台山市
2853,吴川,WU CHUAN,中国铁路广州局,广东省 湛江市 吴川市,109.891,22.7298,61680882,110.7647241,21.50859392,广东省,湛江市,吴川市
2892,望牛墩,WANG NIU DUN,中国铁路广州局,广东省 东莞市,112.792,24.2728,90374246,113.6224992,23.03678112,广东省,东莞市,
2924,湾仔,WAN ZAI,中国铁路广州局,广东省 珠海市 香洲区,112.6899,23.4092,91228276,113.5219205,22.18147168,广东省,珠海市,香洲区
2925,湾仔北,WAN ZAI BEI,中国铁路广州局,广东省 珠海市 香洲区,112.6969,23.4227,91217444,113.5288162,22.19484208,广东省,珠海市,香洲区
2964,西湖东,XI HU DONG,珠三角城际,广东省 惠州市 惠城区,113.5773,24.3237,5120574,114.3960982,23.08719248,广东省,惠州市,惠城区
2984,小榄,XIAO LAN,中国铁路广州局,广东省 中山市,112.4281,23.88,90804,113.2640213,22.647752,广东省,中山市,
2997,兴宁,XING NING,中国铁路广州局,广东省 梅州市 兴宁市,114.9244,25.3482,4870757,115.7231264,24.10185728,广东省,梅州市,兴宁市
3002,西平西,XI PING XI,珠三角城际,广东省 东莞市,112.9113,24.2301,45067887,113.7400216,22.99449104,广东省,东莞市,
3022,徐闻,XU WEN,中国铁路广州局,广东省 湛江市 徐闻县,109.2584,21.5541,3920332,110.1415498,20.34418064,广东省,湛江市,徐闻县
3033,新兴县,XIN XING XIAN,中国铁路广州局,广东省 云浮市 新兴县,111.372,23.9706,3350884,112.2236572,22.73748224,广东省,云浮市,新兴县
3082,英德,YING DE,中国铁路广州局,广东省 清远市 英德市,112.6003,25.4058,2620129,113.4336555,24.15890432,广东省,清远市,英德市
3083,云东海,YUN DONG HAI,珠三角城际,广东省 佛山市 三水区,111.9979,24.4562,4080593,112.8402313,23.21842048,广东省,佛山市,三水区
3086,阳东,YANG DONG,中国铁路广州局,广东省 阳江市 阳东区,111.2966,23.1789,90162691,112.1493807,21.95338256,广东省,阳江市,阳东区
3124,银瓶,YIN PING,珠三角城际,广东省 东莞市,113.3286,24.2016,5070432,114.1511039,22.96626464,广东省,东莞市,
3138,云山,YUN SHAN,珠三角城际,广东省 惠州市 惠城区,113.5937,24.3463,5130554,114.4122539,23.10957552,广东省,惠州市,惠城区
3151,源潭,YUAN TAN,中国铁路广州局,广东省 清远市 清城区,112.3596,24.9044,2660911,113.196542,23.66231776,广东省,清远市,清城区
3161,阳西,YANG XI,中国铁路广州局,广东省 阳江市 阳西县,110.7792,23.0199,90164359,111.6396899,21.79590896,广东省,阳江市,阳西县
3180,银盏,YIN ZHAN,中国铁路广州局,广东省 清远市 清城区,112.2934,24.8093,2670560,113.1313283,23.56813072,广东省,清远市,清城区
3193,张槎,ZHANG CHA,珠三角城际,广东省 佛山市 禅城区,112.2229,24.2447,101284338,113.0618788,23.00895088,广东省,佛山市,禅城区
3212,仲恺,ZHONG KAI,中国铁路广州局,广东省 惠州市 惠城区,113.4403,24.2627,94580849,114.2611395,23.02677808,广东省,惠州市,惠城区
3218,樟木头东,ZHANG MU TOU DONG,珠三角城际,广东省 东莞市,113.2765,24.193,5060702,114.0997802,22.9577472,广东省,东莞市,
3219,樟木头,ZHANG MU TOU,中国铁路广州局,广东省 东莞市,113.2383,24.136,350425,114.0621493,22.9012944,广东省,东莞市,
3232,中山北,ZHONG SHAN BEI,中国铁路广州局,广东省 中山市,112.5422,23.7891,110974,113.3764212,22.55772464,广东省,中山市,
3259,博罗,BO LUO,中国铁路广州局,广东省 惠州市 博罗县,113.3817,24.3778,99200352,114.2034127,23.14077312,广东省,惠州市,博罗县
3273,惠东,HUI DONG,中国铁路广州局,广东省 惠州市 惠东县,113.9235,24.1677,99233700,114.7371399,22.93269008,广东省,惠州市,惠东县
3276,惠州南,HUI ZHOU NAN,中国铁路广州局,广东省 惠州市 惠城区,113.6352,24.233,99217026,114.4531355,22.9973632,广东省,惠州市,惠城区
3285,罗浮山,LUO FU SHAN,中国铁路广州局,广东省 惠州市 博罗县,113.2406,24.4318,99183678,114.0644151,23.19425472,广东省,惠州市,博罗县
3321,增城,ZENG CHENG,中国铁路广州局,广东省 广州市 增城区,112.9661,24.4414,99167004,113.7940051,23.20376256,广东省,广州市,增城区
21,百浪,BAI LANG,中国铁路南宁局,广西壮族自治区 南宁市 良庆区,107.5452,23.5943,65640845,108.4538765,22.36479472,广西壮族自治区,南宁市,良庆区
36,大拟,DA NI,中国铁路南宁局,广西壮族自治区 南宁市 良庆区,107.6098,23.5257,65630626,108.517514,22.29685328,广西壮族自治区,南宁市,良庆区
38,大王滩,DA WANG TAN,中国铁路南宁局,广西壮族自治区 南宁市 江南区,107.3701,23.843,65680382,108.2813855,22.6111072,广西壮族自治区,南宁市,江南区
39,大元,DA YUAN,中国铁路南宁局,广西壮族自治区 南宁市 良庆区,107.4407,23.7133,65660477,108.3509336,22.48265232,广西壮族自治区,南宁市,良庆区
93,宁村,NING CUN,中国铁路南宁局,广西壮族自治区 南宁市 良庆区,107.4243,23.7876,65670024,108.3347779,22.55623904,广西壮族自治区,南宁市,良庆区
97,那罗,NA LUO,中国铁路南宁局,广西壮族自治区 南宁市 江南区,107.3631,23.9651,65700332,108.2744898,22.73203504,广西壮族自治区,南宁市,江南区
98,南宁北,NAN NING BEI,中国铁路南宁局,广西壮族自治区 南宁市 武鸣区,107.3232,24.3935,99150330,108.2351843,23.1563224,广西壮族自治区,南宁市,武鸣区
99,南宁东,NAN NING DONG,中国铁路南宁局,广西壮族自治区 南宁市 兴宁区,107.502,24.0759,4640256,108.4113202,22.84177136,广西壮族自治区,南宁市,兴宁区
100,南宁,NAN NING,中国铁路南宁局,广西壮族自治区 南宁市 西乡塘区,107.4014,24.0613,4650385,108.3122191,22.82731152,广西壮族自治区,南宁市,西乡塘区
101,南宁西,NAN NING XI,中国铁路南宁局,广西壮族自治区 南宁市 西乡塘区,107.0565,24.1227,58120527,107.9724582,22.88812208,广西壮族自治区,南宁市,西乡塘区
102,那铺,NA PU,中国铁路南宁局,广西壮族自治区 南宁市 良庆区,107.4713,23.645,65650102,108.3810776,22.415008,广西壮族自治区,南宁市,良庆区
127,吴圩机场,WU XU JI CHANG,中国铁路南宁局,广西壮族自治区 南宁市 江南区,107.272,23.8315,97783062,108.1847472,22.5997176,广西壮族自治区,南宁市,江南区
183,博白,BO BAI,中国铁路南宁局,广西壮族自治区 玉林市 博白县,109.1052,23.4594,58160132,109.9906325,22.23118976,广西壮族自治区,玉林市,博白县
198,北海,BEI HAI,中国铁路南宁局,广西壮族自治区 北海市 银海区,108.2267,22.6714,40590563,109.1252222,21.45075456,广西壮族自治区,北海市,银海区
219,百色,BAI SE,中国铁路南宁局,广西壮族自治区 百色市 右江区,105.7279,25.1305,15230699,106.6636543,23.8862472,广西壮族自治区,百色市,右江区
227,宾阳,BIN YANG,中国铁路南宁局,广西壮族自治区 南宁市 宾阳县,108.1899,24.4541,4610849,109.0889705,23.21634064,广西壮族自治区,南宁市,宾阳县
319,崇左南,CHONG ZUO NAN,中国铁路南宁局,广西壮族自治区 崇左市 江州区,106.4676,23.5838,97816410,107.3923328,22.35439552,广西壮族自治区,崇左市,江州区
320,崇左,CHONG ZUO,中国铁路南宁局,广西壮族自治区 崇左市 江州区,106.4303,23.633,5410756,107.3555885,22.4031232,广西壮族自治区,崇左市,江州区
387,东兴市,DONG XING SHI,中国铁路南宁局,广西壮族自治区 防城港市 东兴市,107.0991,22.7974,100150710,108.0144234,21.57554496,广西壮族自治区,防城港市,东兴市
415,防城港北,FANG CHENG GANG BEI,中国铁路南宁局,广西壮族自治区 防城港市 港口区,107.4657,22.9361,40550500,108.3755611,21.71291344,广西壮族自治区,防城港市,港口区
441,扶绥,FU SUI,中国铁路南宁局,广西壮族自治区 崇左市 扶绥县,107.0007,23.8603,5360890,107.9174896,22.62824112,广西壮族自治区,崇左市,扶绥县
471,贵港,GUI GANG,中国铁路南宁局,广西壮族自治区 贵港市 港北区,108.719,24.3367,4600001,109.6101869,23.10006768,广西壮族自治区,贵港市,港北区
477,桂林北,GUI LIN BEI,中国铁路南宁局,广西壮族自治区 桂林市 叠彩区,109.416,26.5881,18890079,110.2968016,25.32985424,广西壮族自治区,桂林市,叠彩区
479,桂林,GUI LIN,中国铁路南宁局,广西壮族自治区 桂林市 象山区,109.397,26.5185,18900279,110.2780847,25.2609224,广西壮族自治区,桂林市,象山区
484,桂平,GUI PING,中国铁路南宁局,广西壮族自治区 贵港市 桂平市,109.2292,24.5541,4590301,110.1127849,23.31538064,广西壮族自治区,贵港市,桂平市
525,河池西,HE CHI XI,中国铁路南宁局,广西壮族自治区 河池市 金城江区,107.2605,25.9639,99083634,108.1734186,24.71164656,广西壮族自治区,河池市,金城江区
547,环江,HUAN JIANG,中国铁路南宁局,广西壮族自治区 河池市 环江毛南族自治县,107.2565,26.1071,99066960,108.1694782,24.85347184,广西壮族自治区,河池市,环江毛南族自治县
619,贺州,HE ZHOU,中国铁路南宁局,广西壮族自治区 贺州市 平桂区,110.6724,25.705,4110844,111.5344812,24.455232,广西壮族自治区,贺州市,平桂区
632,金城江,JIN CHENG JIANG,中国铁路南宁局,广西壮族自治区 河池市 金城江区,107.1479,25.9524,39010425,108.0624963,24.70025696,广西壮族自治区,河池市,金城江区
681,靖西,JING XI,中国铁路南宁局,广西壮族自治区 百色市 靖西市,105.4491,24.3841,59000446,106.3890084,23.14701264,广西壮族自治区,百色市,靖西市
736,隆安东,LONG AN DONG,中国铁路南宁局,广西壮族自治区 南宁市 隆安县,106.7881,24.3691,58130839,107.7080573,23.13215664,广西壮族自治区,南宁市,隆安县
739,来宾北,LAI BIN BEI,中国铁路南宁局,广西壮族自治区 来宾市 兴宾区,108.3453,24.9945,15830570,109.242055,23.7515528,广西壮族自治区,来宾市,兴宾区
746,陆川,LU CHUAN,中国铁路南宁局,广西壮族自治区 玉林市 陆川县,109.3723,23.5388,3800517,110.2537527,22.30982752,广西壮族自治区,玉林市,陆川县
817,黎塘,LI TANG,中国铁路南宁局,广西壮族自治区 南宁市 宾阳县,108.2315,24.4315,3630354,109.1299507,23.1939576,广西壮族自治区,南宁市,宾阳县
854,柳州,LIU ZHOU,中国铁路南宁局,广西壮族自治区 柳州市 柳南区,108.4896,25.5564,15880321,109.384205,24.30805856,广西壮族自治区,柳州市,柳南区
920,南丹,NAN DAN,中国铁路南宁局,广西壮族自治区 河池市 南丹县,106.6339,26.2319,38940649,107.5561549,24.97707376,广西壮族自治区,河池市,南丹县
983,凭祥,PING XIANG,中国铁路南宁局,广西壮族自治区 崇左市 凭祥市,105.8071,23.3065,5510474,106.7416742,22.0797576,广西壮族自治区,崇左市,凭祥市
1040,钦州东,QIN ZHOU DONG,中国铁路南宁局,广西壮族自治区 钦州市 钦南区,107.7611,23.2053,40540241,108.6665596,21.97952912,广西壮族自治区,钦州市,钦南区
1044,全州南,QUAN ZHOU NAN,中国铁路南宁局,广西壮族自治区 桂林市 全州县,110.1667,27.2189,18850206,111.0363162,25.95459856,广西壮族自治区,桂林市,全州县
1046,融安,RONG AN,中国铁路南宁局,广西壮族自治区 柳州市 融安县,108.514,26.4423,22120556,109.4082414,25.18545392,广西壮族自治区,柳州市,融安县
1088,三江南,SAN JIANG NAN,中国铁路南宁局,广西壮族自治区 柳州市 三江侗族自治县,108.6806,26.9888,4170110,109.5723591,25.72670752,广西壮族自治区,柳州市,三江侗族自治县
1091,三江县,SAN JIANG XIAN,中国铁路南宁局,广西壮族自治区 柳州市 三江侗族自治县,108.6778,27.0994,22030682,109.5696008,25.83624576,广西壮族自治区,柳州市,三江侗族自治县
1292,吴圩,WU XU,中国铁路南宁局,广西壮族自治区 南宁市 江南区,107.3334,23.8733,65690171,108.2452323,22.64111632,广西壮族自治区,南宁市,江南区
1302,梧州,WU ZHOU,中国铁路南宁局,广西壮族自治区 梧州市 长洲区,110.3683,24.7273,37750034,111.2349123,23.48691792,广西壮族自治区,梧州市,长洲区
1306,梧州南,WU ZHOU NAN,中国铁路南宁局,广西壮族自治区 梧州市 苍梧县,110.3503,24.6322,4560142,111.2171805,23.39273088,广西壮族自治区,梧州市,苍梧县
1308,兴安北,XING AN BEI,中国铁路南宁局,广西壮族自治区 桂林市 兴安县,109.7966,26.9391,18870220,110.6717307,25.67748464,广西壮族自治区,桂林市,兴安县
1457,玉林,YU LIN,中国铁路南宁局,广西壮族自治区 玉林市 玉州区,109.2697,23.829,3780422,110.1526815,22.5972416,广西壮族自治区,玉林市,玉州区
1661,北流,BEI LIU,中国铁路南宁局,广西壮族自治区 玉林市 北流市,109.4374,23.9632,38500256,110.3178827,22.73015328,广西壮族自治区,玉林市,北流市
1748,岑溪,CEN XI,中国铁路南宁局,广西壮族自治区 梧州市 岑溪市,110.0732,24.138,37820655,110.9442093,22.9032752,广西壮族自治区,梧州市,岑溪市
1766,都安,DU AN,中国铁路南宁局,广西壮族自治区 河池市 都安瑶族自治县,107.1977,25.2125,99116982,108.1115543,23.96746,广西壮族自治区,河池市,都安瑶族自治县
1770,德保,DE BAO,中国铁路南宁局,广西壮族自治区 百色市 德保县,105.6904,24.5849,58980025,106.626713,23.34588496,广西壮族自治区,百色市,德保县
1892,富川,FU CHUAN,中国铁路南宁局,广西壮族自治区 贺州市 富川瑶族自治县,110.4923,26.0457,37640635,111.3570647,24.79266128,广西壮族自治区,贺州市,富川瑶族自治县
1920,扶绥南,FU SUI NAN,中国铁路南宁局,广西壮族自治区 崇左市 扶绥县,106.989,23.8073,97799736,107.9059639,22.57574992,广西壮族自治区,崇左市,扶绥县
1944,恭城,GONG CHENG,中国铁路南宁局,广西壮族自治区 桂林市 恭城瑶族自治县,109.994,26.0853,4130508,110.8661894,24.83188112,广西壮族自治区,桂林市,恭城瑶族自治县
1969,桂林西,GUI LIN XI,中国铁路南宁局,广西壮族自治区 桂林市 灵川县,109.3815,26.6146,4150330,110.2628157,25.35609984,广西壮族自治区,桂林市,灵川县
2093,合浦,HE PU,中国铁路南宁局,广西壮族自治区 北海市 合浦县,108.2867,22.8434,40580249,109.1843282,21.62110336,广西壮族自治区,北海市,合浦县
2254,康熙岭,KANG XI LING,中国铁路南宁局,广西壮族自治区 钦州市 钦南区,107.6165,23.1524,65590011,108.5241142,21.92713696,广西壮族自治区,钦州市,钦南区
2260,来宾,LAI BIN,中国铁路南宁局,广西壮族自治区 来宾市 兴宾区,108.3416,24.9728,15840563,109.2384102,23.73006112,广西壮族自治区,来宾市,兴宾区
2265,罗城,LUO CHENG,中国铁路南宁局,广西壮族自治区 河池市 罗城仫佬族自治县,108.2242,26.0959,22190000,109.1227594,24.84237936,广西壮族自治区,河池市,罗城仫佬族自治县
2302,柳江,LIU JIANG,中国铁路南宁局,广西壮族自治区 柳州市 柳江区,108.4152,25.5109,22290610,109.3109135,24.26299536,广西壮族自治区,柳州市,柳江区
2356,濑湍,LAI TUAN,中国铁路南宁局,广西壮族自治区 崇左市 江州区,106.5762,23.6756,5400389,107.4993146,22.44531424,广西壮族自治区,崇左市,江州区
2382,鹿寨北,LU ZHAI BEI,中国铁路南宁局,广西壮族自治区 柳州市 鹿寨县,108.7604,25.8928,37860888,109.65097,24.64122912,广西壮族自治区,柳州市,鹿寨县
2388,鹿寨,LU ZHAI,中国铁路南宁局,广西壮族自治区 柳州市 鹿寨县,108.8534,25.7304,19050044,109.7425843,24.48038816,广西壮族自治区,柳州市,鹿寨县
2407,马皇,MA HUANG,中国铁路南宁局,广西壮族自治区 钦州市 钦北区,107.7444,23.274,65620404,108.6501084,22.0475696,广西壮族自治区,钦州市,钦北区
2414,茅岭,MAO LING,中国铁路南宁局,广西壮族自治区 防城港市 防城区,107.5401,23.0713,65750806,108.4488525,21.84681552,广西壮族自治区,防城港市,防城区
2431,马山县,MA SHAN XIAN,中国铁路南宁局,广西壮族自治区 南宁市 马山县,107.2563,24.9867,99133656,108.1692811,23.74382768,广西壮族自治区,南宁市,马山县
2470,宁明,NING MING,中国铁路南宁局,广西壮族自治区 崇左市 宁明县,106.1315,23.3858,5460608,107.0612407,22.15829632,广西壮族自治区,崇左市,宁明县
2501,平果,PING GUO,中国铁路南宁局,广西壮族自治区 百色市 平果市,106.6409,24.5547,15100768,107.5630506,23.31597488,广西壮族自治区,百色市,平果市
2510,平南南,PING NAN NAN,中国铁路南宁局,广西壮族自治区 贵港市 平南县,109.5491,24.6565,4580501,110.4279184,23.4167976,广西壮族自治区,贵港市,平南县
2558,渠旧,QU JIU,中国铁路南宁局,广西壮族自治区 崇左市 扶绥县,106.6589,23.7461,5390641,107.5807824,22.51513744,广西壮族自治区,崇左市,扶绥县
2567,渠黎,QU LI,中国铁路南宁局,广西壮族自治区 崇左市 扶绥县,106.8715,23.7854,5370183,107.7902147,22.55406016,广西壮族自治区,崇左市,扶绥县
2608,钦州,QIN ZHOU,中国铁路南宁局,广西壮族自治区 钦州市 钦南区,107.7113,23.2098,40610351,108.6175016,21.98398592,广西壮族自治区,钦州市,钦南区
2621,融水,RONG SHUI,中国铁路南宁局,广西壮族自治区 柳州市 融水苗族自治县,108.3409,26.328,22150315,109.2377206,25.0722512,广西壮族自治区,柳州市,融水苗族自治县
2623,容县,RONG XIAN,中国铁路南宁局,广西壮族自治区 玉林市 容县,109.6504,24.0941,38520022,110.527709,22.85979664,广西壮族自治区,玉林市,容县
2789,田东北,TIAN DONG BEI,中国铁路南宁局,广西壮族自治区 百色市 田东县,106.2183,24.9196,58140168,107.1467473,23.67737184,广西壮族自治区,百色市,田东县
2790,田东,TIAN DONG,中国铁路南宁局,广西壮族自治区 百色市 田东县,106.1982,24.8692,15160394,107.1269468,23.62745568,广西壮族自治区,百色市,田东县
2808,亭亮,TING LIANG,中国铁路南宁局,广西壮族自治区 崇左市 宁明县,106.2579,23.4444,5440475,107.1857573,22.21633376,广西壮族自治区,崇左市,宁明县
2809,田林,TIAN LIN,中国铁路南宁局,广西壮族自治区 百色市 田林县,105.294,25.5309,15300465,106.2362194,24.28280336,广西壮族自治区,百色市,田林县
2830,藤县,TENG XIAN,中国铁路南宁局,广西壮族自治区 梧州市 藤县,110.1125,24.573,4570205,110.9829238,23.3340992,广西壮族自治区,梧州市,藤县
2833,田阳,TIAN YANG,中国铁路南宁局,广西壮族自治区 百色市 田阳区,106.0029,25.01,15190283,106.9345568,23.766904,广西壮族自治区,百色市,田阳区
2860,文地,WEN DI,中国铁路南宁局,广西壮族自治区 玉林市 博白县,109.3145,23.1738,3820674,110.196814,21.94833152,广西壮族自治区,玉林市,博白县
2907,五通,WU TONG,中国铁路南宁局,广西壮族自治区 桂林市 临桂区,109.202,26.6327,4160058,110.0859902,25.37402608,广西壮族自治区,桂林市,临桂区
2933,兴安,XING AN,中国铁路南宁局,广西壮族自治区 桂林市 兴安县,109.7874,26.8777,40920159,110.6626677,25.61667408,广西壮族自治区,桂林市,兴安县
2949,小董,XIAO DONG,中国铁路南宁局,广西壮族自治区 钦州市 钦北区,107.6964,23.4515,65610770,108.6028236,22.2233656,广西壮族自治区,钦州市,钦北区
3008,夏石,XIA SHI,中国铁路南宁局,广西壮族自治区 崇左市 凭祥市,105.97,23.3457,5480738,106.902147,22.11858128,广西壮族自治区,崇左市,凭祥市
3040,兴业,XING YE,中国铁路南宁局,广西壮族自治区 玉林市 兴业县,109.017,23.9717,3760110,109.9037467,22.73857168,广西壮族自治区,玉林市,兴业县
3058,永安镇,YONG AN ZHEN,中国铁路南宁局,广西壮族自治区 河池市 都安瑶族自治县,107.1346,25.5345,99100308,108.0493945,24.2863688,广西壮族自治区,河池市,都安瑶族自治县
3088,永福南,YONG FU NAN,中国铁路南宁局,广西壮族自治区 桂林市 永福县,109.1091,26.2544,37850248,109.9944744,24.99935776,广西壮族自治区,桂林市,永福县
3136,阳朔,YANG SHUO,中国铁路南宁局,广西壮族自治区 桂林市 阳朔县,109.6901,26.2132,4140186,110.5668175,24.95855328,广西壮族自治区,桂林市,阳朔县
3179,宜州,YI ZHOU,中国铁路南宁局,广西壮族自治区 河池市 宜州区,107.7183,25.7296,39080598,108.6243973,24.47959584,广西壮族自治区,河池市,宜州区
3234,钟山,ZHONG SHAN,中国铁路南宁局,广西壮族自治区 贺州市 平桂区,110.5662,25.8243,37660622,111.4298636,24.57338672,广西壮族自治区,贺州市,平桂区
3236,钟山西,ZHONG SHAN XI,中国铁路南宁局,广西壮族自治区 贺州市 钟山县,110.4614,25.8039,4120004,111.3266251,24.55318256,广西壮族自治区,贺州市,钟山县
47,贵阳,GUI YANG,中国铁路成都局,贵州省 贵阳市 南明区,105.7656,27.829,28350794,106.7007926,26.5588416,贵州省,贵阳市,南明区
48,贵阳北,GUI YANG BEI,中国铁路成都局,贵州省 贵阳市 观山湖区,105.739,27.8928,8900354,106.6745889,26.62202912,贵州省,贵阳市,观山湖区
49,贵阳东,GUI YANG DONG,中国铁路成都局,贵州省 贵阳市 乌当区,105.8081,27.9378,8890892,106.7426593,26.66659712,贵州省,贵阳市,乌当区
174,安顺,AN SHUN,中国铁路成都局,贵州省 安顺市 西秀区,104.9957,27.4986,18410218,105.9423641,26.23161344,贵州省,安顺市,西秀区
176,安顺西,AN SHUN XI,中国铁路成都局,贵州省 安顺市 西秀区,104.9273,27.4671,8930648,105.8749832,26.20041584,贵州省,安顺市,西秀区
197,柏果,BAI GUO,中国铁路昆明局,贵州省 六盘水市 盘州市,103.5366,27.2675,39290779,104.5050047,26.002732,贵州省,六盘水市,盘州市
204,毕节,BI JIE,中国铁路成都局,贵州省 毕节市 七星关区,104.4632,28.5418,89843408,105.4177983,27.26479872,贵州省,毕节市,七星关区
229,白云北,BAI YUN BEI,中国铁路成都局,贵州省 贵阳市 白云区,105.725,27.9775,89885836,106.6607975,26.705916,贵州省,贵阳市,白云区
234,百宜,BAI YI,中国铁路成都局,贵州省 贵阳市 乌当区,105.999,28.0976,58240610,106.9307149,26.82486304,贵州省,贵阳市,乌当区
238,白云西,BAI YUN XI,中国铁路成都局,贵州省 贵阳市 白云区,105.6747,27.9749,96332144,106.611247,26.70334096,贵州省,贵阳市,白云区
262,草海,CAO HAI,中国铁路成都局,贵州省 毕节市 威宁彝族回族苗族自治县,103.2845,28.1556,39950297,104.256661,26.88230624,贵州省,毕节市,威宁彝族回族苗族自治县
266,从江,CONG JIANG,中国铁路南宁局,贵州省 黔东南苗族侗族自治州 从江县,108.2123,27.1749,4180523,109.1110367,25.91102096,贵州省,黔东南苗族侗族自治州,从江县
333,大方南,DA FANG NAN,中国铁路成都局,贵州省 毕节市 大方县,104.6149,28.3955,59430106,105.567238,27.1199032,贵州省,毕节市,大方县
372,独山,DU SHAN,中国铁路成都局,贵州省 黔南布依族苗族自治州 独山县,106.6224,27.1303,38830132,107.5448262,25.86684912,贵州省,黔南布依族苗族自治州,独山县
381,党武,DANG WU,中国铁路成都局,贵州省 贵阳市 花溪区,105.67,27.6747,96465576,106.606617,26.40602288,贵州省,贵阳市,花溪区
393,都匀东,DU YUN DONG,中国铁路成都局,贵州省 黔南布依族苗族自治州 都匀市,106.6605,27.4352,4210707,107.5823586,26.16882208,贵州省,黔南布依族苗族自治州,都匀市
398,都匀,DU YUN,中国铁路成都局,贵州省 黔南布依族苗族自治州 都匀市,106.5889,27.5013,38780186,107.5118254,26.23428752,贵州省,黔南布依族苗族自治州,都匀市
419,发耳,FA ER,中国铁路昆明局,贵州省 六盘水市 水城区,103.8418,27.582,39210174,104.8056572,26.3142128,贵州省,六盘水市,水城区
436,福泉,FU QUAN,中国铁路成都局,贵州省 黔南布依族苗族自治州 福泉市,106.6121,27.8968,38420245,107.5346797,26.62599072,贵州省,黔南布依族苗族自治州,福泉市
464,贵安,GUI AN,中国铁路成都局,贵州省 贵阳市 清镇市,105.5443,27.7378,8910225,106.4827899,26.46851712,贵州省,贵阳市,清镇市
517,湖潮东,HU CHAO DONG,中国铁路成都局,贵州省 贵阳市 花溪区,105.5736,27.7038,96432218,106.5116534,26.43484352,贵州省,贵阳市,花溪区
538,红果,HONG GUO,中国铁路昆明局,贵州省 六盘水市 盘州市,103.4967,26.9774,39350649,104.4656992,25.71541696,贵州省,六盘水市,盘州市
602,花溪大学城,HUA XI DA XUE CHENG,中国铁路成都局,贵州省 贵阳市 花溪区,105.6883,27.6655,96482255,106.6246443,26.3969112,贵州省,贵阳市,花溪区
604,花溪南,HUA XI NAN,中国铁路成都局,贵州省 贵阳市 花溪区,105.7435,27.6688,96498934,106.6790219,26.40017952,贵州省,贵阳市,花溪区
605,花溪西,HUA XI XI,中国铁路成都局,贵州省 贵阳市 花溪区,105.5789,27.7931,96398860,106.5168744,26.52328624,贵州省,贵阳市,花溪区
647,金华镇,JIN HUA ZHEN,中国铁路成都局,贵州省 贵阳市 观山湖区,105.6136,27.8272,96382181,106.5510574,26.55705888,贵州省,贵阳市,观山湖区
690,金阳,JIN YANG,中国铁路成都局,贵州省 贵阳市 观山湖区,105.6496,27.9216,96348823,106.586521,26.65055264,贵州省,贵阳市,观山湖区
694,金阳南,JIN YANG NAN,中国铁路成都局,贵州省 贵阳市 观山湖区,105.6473,27.8764,96365502,106.5842552,26.60578656,贵州省,贵阳市,观山湖区
720,凯里,KAI LI,中国铁路成都局,贵州省 黔东南苗族侗族自治州 凯里市,107.0578,27.8765,38390653,107.9737388,26.6058856,贵州省,黔东南苗族侗族自治州,凯里市
721,凯里南,KAI LI NAN,中国铁路成都局,贵州省 黔东南苗族侗族自治州 麻江县,106.9688,27.7863,8870076,107.8860649,26.51655152,贵州省,黔东南苗族侗族自治州,麻江县
730,开阳,KAI YANG,中国铁路成都局,贵州省 贵阳市 开阳县,106.0406,28.3185,58260132,106.9716951,27.0436424,贵州省,贵阳市,开阳县
759,龙洞堡,LONG DONG BAO,中国铁路成都局,贵州省 贵阳市 南明区,105.8633,27.8186,4240145,106.7970368,26.54854144,贵州省,贵阳市,南明区
769,芦官,LU GUAN,中国铁路成都局,贵州省 贵阳市 花溪区,105.5527,27.6954,96415539,106.4910648,26.42652416,贵州省,贵阳市,花溪区
805,六盘水,LIU PAN SHUI,中国铁路成都局,贵州省 六盘水市 钟山区,103.8904,27.8636,18550256,104.853533,26.59310944,贵州省,六盘水市,钟山区
823,洛湾三江,LUO WAN SAN JIANG,中国铁路成都局,贵州省 贵阳市 乌当区,105.8914,27.9563,58230316,106.8247181,26.68491952,贵州省,贵阳市,乌当区
855,六枝,LIU ZHI,中国铁路成都局,贵州省 六盘水市 六枝特区,104.51,27.4949,18460582,105.463901,26.22794896,贵州省,六盘水市,六枝特区
872,孟关,MENG GUAN,中国铁路成都局,贵州省 贵阳市 花溪区,105.8021,27.6896,96515613,106.7367487,26.42077984,贵州省,贵阳市,花溪区
895,麻尾,MA WEI,中国铁路成都局,贵州省 黔南布依族苗族自治州 独山县,106.533,26.5779,38900177,107.4567583,25.31975216,贵州省,黔南布依族苗族自治州,独山县
934,南江,NAN JIANG,中国铁路成都局,贵州省 贵阳市 开阳县,106.0386,28.169,58250013,106.9697249,26.8955776,贵州省,贵阳市,开阳县
952,纳雍,NA YONG,中国铁路成都局,贵州省 毕节市 纳雍县,104.4166,28.0297,59440585,105.3718927,26.75761488,贵州省,毕节市,纳雍县
995,盘州,PAN ZHOU,中国铁路成都局,贵州省 六盘水市 盘州市,103.6031,27.0561,8960583,104.5705138,25.79336144,贵州省,六盘水市,盘州市
1045,清镇西,QING ZHEN XI,中国铁路成都局,贵州省 贵阳市 清镇市,105.4383,28.0755,89875229,106.3783693,26.8029752,贵州省,贵阳市,清镇市
1100,双龙南,SHUANG LONG NAN,中国铁路成都局,贵州省 贵阳市 南明区,105.8523,27.7528,96532292,106.7862007,26.48337312,贵州省,贵阳市,南明区
1139,三穗,SAN SUI,中国铁路成都局,贵州省 黔东南苗族侗族自治州 三穗县,107.7426,28.2419,8850185,108.6483353,26.96777776,贵州省,黔东南苗族侗族自治州,三穗县
1140,松桃,SONG TAO,中国铁路广州局,贵州省 铜仁市 松桃苗族自治县,108.0686,29.3645,41780588,108.9694779,28.0796008,贵州省,铜仁市,松桃苗族自治县
1200,天河潭,TIAN HE TAN,中国铁路成都局,贵州省 贵阳市 花溪区,105.6327,27.6942,96448897,106.5698728,26.42533568,贵州省,贵阳市,花溪区
1223,铜仁,TONG REN,中国铁路广州局,贵州省 铜仁市,108.3036,29.024,41830517,109.2009764,27.7423696,贵州省,铜仁市,
1224,铜仁南,TONG REN NAN,中国铁路成都局,贵州省 铜仁市 玉屏侗族自治县,108.0718,28.56,8840513,108.9726302,27.282824,贵州省,铜仁市,玉屏侗族自治县
1237,桐梓北,TONG ZI BEI,中国铁路成都局,贵州省 遵义市 桐梓县,105.8921,29.6852,90120399,106.8254077,28.39722208,贵州省,遵义市,桐梓县
1240,桐梓东,TONG ZI DONG,中国铁路成都局,贵州省 遵义市 桐梓县,105.9017,29.4034,90121146,106.8348647,28.11812736,贵州省,遵义市,桐梓县
1280,威舍,WEI SHE,中国铁路昆明局,贵州省 黔西南布依族苗族自治州 兴义市,103.7788,26.5389,15530731,104.7435959,25.28112656,贵州省,黔西南布依族苗族自治州,兴义市
1321,息烽,XI FENG,中国铁路成都局,贵州省 贵阳市 息烽县,105.8108,28.3564,28240632,106.7453191,27.08117856,贵州省,贵阳市,息烽县
1378,修文县,XIU WEN XIAN,中国铁路成都局,贵州省 贵阳市 修文县,105.8156,28.1266,90126792,106.7500476,26.85358464,贵州省,贵阳市,修文县
1397,兴义,XING YI,中国铁路南宁局,贵州省 黔西南布依族苗族自治州 兴义市,104.0269,26.4238,15490359,104.9879992,25.16713152,贵州省,黔西南布依族苗族自治州,兴义市
1478,玉屏,YU PING,中国铁路成都局,贵州省 铜仁市 玉屏侗族自治县,108.0305,28.5189,38270246,108.9319456,27.24211856,贵州省,铜仁市,玉屏侗族自治县
1552,织金,ZHI JIN,中国铁路成都局,贵州省 毕节市 织金县,104.8106,27.9275,59380470,105.7600221,26.656396,贵州省,毕节市,织金县
1585,朱砂古镇,ZHU SHA GU ZHEN,中国铁路成都局,贵州省 铜仁市 万山区,108.2357,28.7989,90232251,109.1340881,27.51943056,贵州省,铜仁市,万山区
1596,遵义,ZUN YI,中国铁路成都局,贵州省 遵义市 红花岗区,106.0153,28.9477,90123527,106.946772,27.66680208,贵州省,遵义市,红花岗区
1597,镇远,ZHEN YUAN,中国铁路成都局,贵州省 黔东南苗族侗族自治州 镇远县,107.4982,28.3113,38320581,108.4075768,27.03651152,贵州省,黔东南苗族侗族自治州,镇远县
1598,遵义西,ZUN YI XI,中国铁路成都局,贵州省 遵义市 红花岗区,106.0155,28.9871,28130690,106.9469691,27.70582384,贵州省,遵义市,红花岗区
1624,安龙,AN LONG,中国铁路南宁局,贵州省 黔西南布依族苗族自治州 安龙县,104.2896,26.3176,15460226,105.246785,25.06195104,贵州省,黔西南布依族苗族自治州,安龙县
1637,八步,BA BU,中国铁路成都局,贵州省 毕节市 织金县,104.8372,28.1064,59400376,105.7862257,26.83357856,贵州省,毕节市,织金县
1651,白鸡坡,BAI JI PO,中国铁路昆明局,贵州省 六盘水市 水城区,103.7849,27.6981,39190379,104.749605,26.42919824,贵州省,六盘水市,水城区
1713,册亨,CE HENG,中国铁路南宁局,贵州省 黔西南布依族苗族自治州 册亨县,104.6222,26.1701,15410565,105.5744292,24.91586704,贵州省,黔西南布依族苗族自治州,册亨县
1719,岔江,CHA JIANG,中国铁路昆明局,贵州省 黔西南布依族苗族自治州 兴义市,103.6877,26.3177,15560330,104.6538533,25.06205008,贵州省,黔西南布依族苗族自治州,兴义市
1734,长箐,CHANG QING,中国铁路成都局,贵州省 六盘水市 六枝特区,104.316,27.5853,90204046,105.2727916,26.31748112,贵州省,六盘水市,六枝特区
1791,大方,DA FANG,中国铁路成都局,贵州省 毕节市 大方县,104.6428,28.4866,89854015,105.5947223,27.21012864,贵州省,毕节市,大方县
1793,都格,DU GE,中国铁路昆明局,贵州省 六盘水市 水城区,103.7898,27.6366,39200007,104.754432,26.36828864,贵州省,六盘水市,水城区
1911,法启,FA QI,中国铁路成都局,贵州省 毕节市 大方县,104.6213,28.2965,59420823,105.5735426,27.0218536,贵州省,毕节市,大方县
1947,贵定北,GUI DING BEI,中国铁路成都局,贵州省 黔南布依族苗族自治州 贵定县,106.3024,27.8655,8880512,107.2295942,26.5949912,贵州省,黔南布依族苗族自治州,贵定县
1949,贵定,GUI DING,中国铁路成都局,贵州省 黔南布依族苗族自治州 贵定县,106.2981,27.8541,38450833,107.2253583,26.58370064,贵州省,黔南布依族苗族自治州,贵定县
1952,贵定县,GUI DING XIAN,中国铁路成都局,贵州省 黔南布依族苗族自治州 贵定县,106.2604,27.6216,4220169,107.18822,26.35343264,贵州省,黔南布依族苗族自治州,贵定县
1966,关岭,GUAN LING,中国铁路成都局,贵州省 安顺市 关岭布依族苗族自治县,104.5732,27.2298,8940454,105.5261593,25.96539392,贵州省,安顺市,关岭布依族苗族自治县
2063,花家庄,HUA JIA ZHUANG,中国铁路昆明局,贵州省 六盘水市 盘州市,103.5151,27.0489,39330079,104.483825,25.78623056,贵州省,六盘水市,盘州市
2123,黄桶北,HUANG TONG BEI,中国铁路成都局,贵州省 安顺市 普定县,104.7396,27.4739,90182832,105.69008,26.20715056,贵州省,安顺市,普定县
2258,冷坝,LENG BA,中国铁路成都局,贵州省 六盘水市 水城区,104.2146,27.6973,90214653,105.1729025,26.42840592,贵州省,六盘水市,水城区
2275,鲁番,LU FAN,中国铁路昆明局,贵州省 六盘水市 盘州市,103.5617,26.8771,39370348,104.5297307,25.61607984,贵州省,六盘水市,盘州市
2313,龙里北,LONG LI BEI,中国铁路成都局,贵州省 黔南布依族苗族自治州 龙里县,106.0339,27.7403,4230057,106.9650949,26.47099312,贵州省,黔南布依族苗族自治州,龙里县
2328,六盘水东,LIU PAN SHUI DONG,中国铁路成都局,贵州省 六盘水市 水城区,104.0727,27.7926,90225260,105.0331168,26.52279104,贵州省,六盘水市,水城区
2349,娄山关南,LOU SHAN GUAN NAN,中国铁路成都局,贵州省 遵义市 汇川区,105.9951,29.2182,90122030,106.926873,27.93470528,贵州省,遵义市,汇川区
2390,六枝南,LIU ZHI NAN,中国铁路成都局,贵州省 六盘水市 六枝特区,104.4828,27.4957,90193439,105.4371063,26.22874128,贵州省,六盘水市,六枝特区
2401,茅草坪,MAO CAO PING,中国铁路昆明局,贵州省 六盘水市 水城区,103.7539,27.4804,39230620,104.7190669,26.21358816,贵州省,六盘水市,水城区
2489,普安县,PU AN XIAN,中国铁路成都局,贵州省 黔西南布依族苗族自治州 普安县,103.909,27.0678,8950633,104.8718559,25.80494912,贵州省,黔西南布依族苗族自治州,普安县
2495,平坝南,PING BA NAN,中国铁路成都局,贵州省 安顺市 平坝区,105.3147,27.655,8920890,106.256611,26.386512,贵州省,安顺市,平坝区
2498,普定,PU DING,中国铁路成都局,贵州省 安顺市 普定县,104.7606,27.5528,59350220,105.7107671,26.28529312,贵州省,安顺市,普定县
2502,平关,PING GUAN,中国铁路昆明局,贵州省 六盘水市 盘州市,103.3784,26.9142,39430849,104.3491618,25.65282368,贵州省,六盘水市,盘州市
2503,盘关,PAN GUAN,中国铁路昆明局,贵州省 六盘水市 盘州市,103.5349,27.1547,39310407,104.50333,25.89101488,贵州省,六盘水市,盘州市
2521,平田,PING TIAN,中国铁路昆明局,贵州省 六盘水市 盘州市,103.537,27.0985,39320083,104.5053987,25.8353544,贵州省,六盘水市,盘州市
2522,葡萄菁,PU TAO JING,中国铁路成都局,贵州省 毕节市 威宁彝族回族苗族自治县,103.7615,27.926,18570295,104.7265537,26.6549104,贵州省,毕节市,威宁彝族回族苗族自治县
2591,黔西,QIAN XI,中国铁路成都局,贵州省 毕节市 黔西市,105.0998,28.2617,89864622,106.044913,26.98738768,贵州省,毕节市,黔西市
2619,榕江,RONG JIANG,中国铁路成都局,贵州省 黔东南苗族侗族自治州 榕江县,107.6458,27.255,4190385,108.5529776,25.990352,贵州省,黔东南苗族侗族自治州,榕江县
2630,施秉,SHI BING,中国铁路成都局,贵州省 黔东南苗族侗族自治州 施秉县,107.2179,28.1929,38340076,108.1314533,26.91924816,贵州省,黔东南苗族侗族自治州,施秉县
2647,三都县,SAN DU XIAN,中国铁路成都局,贵州省 黔南布依族苗族自治州 三都水族自治县,106.8995,27.3451,4200136,107.8177975,26.07958704,贵州省,黔南布依族苗族自治州,三都水族自治县
2657,松河,SONG HE,中国铁路昆明局,贵州省 六盘水市 盘州市,103.6585,27.3,39270247,104.6250884,26.03492,贵州省,六盘水市,盘州市
2677,三家寨,SAN JIA ZHAI,中国铁路昆明局,贵州省 六盘水市 水城区,103.7626,27.4242,39250289,104.7276373,26.15792768,贵州省,六盘水市,水城区
2723,沙沱,SHA TUO,中国铁路昆明局,贵州省 六盘水市 盘州市,103.475,26.9838,39340133,104.4443225,25.72175552,贵州省,六盘水市,盘州市
2737,上西铺,SHANG XI PU,中国铁路昆明局,贵州省 六盘水市 盘州市,103.5032,26.9325,39360382,104.4721023,25.670948,贵州省,六盘水市,盘州市
2881,威箐,WEI QING,中国铁路昆明局,贵州省 六盘水市 盘州市,103.5908,26.7975,39380375,104.5583971,25.537244,贵州省,六盘水市,盘州市
2923,瓦窑田,WA YAO TIAN,中国铁路昆明局,贵州省 六盘水市 盘州市,103.6807,26.6471,39400231,104.6469576,25.38828784,贵州省,六盘水市,盘州市
3001,新坪田,XIN PING TIAN,中国铁路昆明局,贵州省 黔西南布依族苗族自治州 兴义市,103.709,26.5801,39410196,104.6748359,25.32193104,贵州省,黔西南布依族苗族自治州,兴义市
3041,小雨谷,XIAO YU GU,中国铁路昆明局,贵州省 六盘水市 盘州市,103.6346,26.7262,39390600,104.6015445,25.46662848,贵州省,六盘水市,盘州市
3092,雨格,YU GE,中国铁路昆明局,贵州省 六盘水市 盘州市,103.7029,27.3668,39260572,104.6688268,26.10107872,贵州省,六盘水市,盘州市
3102,营街,YING JIE,中国铁路昆明局,贵州省 六盘水市 水城区,103.7728,27.5303,39220619,104.7376853,26.26300912,贵州省,六盘水市,水城区
3116,月亮田,YUE LIANG TIAN,中国铁路昆明局,贵州省 六盘水市 盘州市,103.5319,27.1908,39300708,104.5003747,25.92676832,贵州省,六盘水市,盘州市
3140,玉舍,YU SHE,中国铁路昆明局,贵州省 六盘水市 水城区,103.8493,27.7413,39180546,104.8130454,26.47198352,贵州省,六盘水市,水城区
3205,织金北,ZHI JIN BEI,中国铁路成都局,贵州省 毕节市 织金县,104.8432,28.0016,59390271,105.7921363,26.72978464,贵州省,毕节市,织金县
3248,遵义南,ZUN YI NAN,中国铁路成都局,贵州省 遵义市 播州区,105.9057,28.7278,90125366,106.8388051,27.44901312,贵州省,遵义市,播州区
3266,独山东,DU SHAN DONG,中国铁路成都局,贵州省 黔南布依族苗族自治州 独山县,106.6537,27.1247,99033612,107.5756599,25.86130288,贵州省,黔南布依族苗族自治州,独山县
3270,革居,GE JU,中国铁路昆明局,贵州省 黔西南布依族苗族自治州 兴义市,103.7311,26.3691,15550475,104.6966066,25.11295664,贵州省,黔西南布依族苗族自治州,兴义市
3284,荔波,LI BO,中国铁路成都局,贵州省 黔南布依族苗族自治州 荔波县,106.9015,26.604,99050286,107.8197677,25.3456016,贵州省,黔南布依族苗族自治州,荔波县
66,海口东,HAI KOU DONG,中国铁路广州局,海南省 海口市 龙华区,109.4584,21.1875,33360328,110.3385698,19.9811,海南省,海口市,龙华区
67,海口,HAI KOU,中国铁路广州局,海南省 海口市 秀英区,109.2747,21.2317,3940731,110.157607,20.02487568,海南省,海口市,秀英区
214,白马井,BAI MA JING,中国铁路广州局,海南省 儋州市,108.3486,20.8555,33240603,109.2453059,19.6522872,海南省,儋州市,
275,长流,CHANG LIU,中国铁路广州局,海南省 海口市 秀英区,109.3208,21.1959,33330702,110.2030201,19.98941936,海南省,海口市,秀英区
300,城西,CHENG XI,中国铁路广州局,海南省 海口市 龙华区,109.4484,21.2003,33350697,110.3287188,19.99377712,海南省,海口市,龙华区
329,东方,DONG FANG,中国铁路广州局,海南省 东方市,107.7849,20.2828,3950462,108.690005,19.08508512,海南省,东方市,
421,凤凰机场,FENG HUANG JI CHANG,中国铁路广州局,海南省 三亚市 天涯区,108.5116,19.4951,33320671,109.4058772,18.30494704,海南省,三亚市,天涯区
756,老城镇,LAO CHENG ZHEN,中国铁路广州局,海南省 澄迈县,109.2305,21.1347,33200740,110.1140656,19.92880688,海南省,澄迈县,
811,陵水,LING SHUI,中国铁路广州局,海南省 陵水黎族自治县,109.1447,19.7254,33440634,110.029544,18.53303616,海南省,陵水黎族自治县,
880,美兰,MEI LAN,中国铁路广州局,海南省 海口市 美兰区,109.5794,21.1458,33370335,110.4577669,19.93980032,海南省,海口市,美兰区
1014,琼海,QIONG HAI,中国铁路广州局,海南省 琼海市,109.6109,20.4356,33390408,110.4887976,19.23641824,海南省,琼海市,
1151,三亚,SAN YA,中国铁路广州局,海南省 三亚市 吉阳区,108.5968,19.4833,3960516,109.4898077,18.29326032,海南省,三亚市,吉阳区
1246,文昌,WEN CHANG,中国铁路广州局,海南省 文昌市,109.859,20.8057,33380618,110.7332009,19.60296528,海南省,文昌市,
1399,秀英,XIU YING,中国铁路广州局,海南省 海口市 秀英区,109.3914,21.2004,33340809,110.2725681,19.99387616,海南省,海口市,秀英区
1466,亚龙湾,YA LONG WAN,中国铁路广州局,海南省 三亚市 吉阳区,108.7081,19.4896,33450801,109.5994493,18.29949984,海南省,三亚市,吉阳区
1504,银滩,YIN TAN,中国铁路广州局,海南省 儋州市,108.5923,20.9913,33230922,109.4853747,19.78678352,海南省,儋州市,
1526,崖州,YA ZHO,中国铁路广州局,海南省 三亚市 崖州区,108.2566,19.5641,33310414,109.1546767,18.37328464,海南省,三亚市,崖州区
1635,博鳌,BO AO,中国铁路广州局,海南省 琼海市,109.6059,20.3312,33400663,110.4838721,19.13302048,海南省,琼海市,
1922,福山镇,FU SHAN ZHEN,中国铁路广州局,海南省 澄迈县,109.0281,21.0791,33210474,109.9146813,19.87374064,海南省,澄迈县,
2070,黄流,HUANG LIU,中国铁路广州局,海南省 乐东黎族自治县,107.9265,19.7177,33290873,108.8294952,18.52541008,海南省,乐东黎族自治县,
2163,尖峰,JIAN FENG,中国铁路广州局,海南省 乐东黎族自治县,107.8462,19.812,33280620,108.7503916,18.6188048,海南省,乐东黎族自治县,
2232,金月湾,JIN YUE WAN,中国铁路广州局,海南省 东方市,107.8091,19.97,33270126,108.7138444,18.775288,海南省,东方市,
2270,乐东,LE DONG,中国铁路广州局,海南省 乐东黎族自治县,108.0386,19.6263,33300752,108.9399249,18.43488752,海南省,乐东黎族自治县,
2285,临高南,LIN GAO NAN,中国铁路广州局,海南省 临高县,108.8671,21.07,33220418,109.7560802,19.864728,海南省,临高县,
2612,棋子湾,QI ZI WAN,中国铁路广州局,海南省 昌江黎族自治县,107.9026,20.5342,33260079,108.8059513,19.33407168,海南省,昌江黎族自治县,
2765,神州,SHEN ZHOU,中国铁路广州局,海南省 万宁市,109.4233,19.9157,33430692,110.3039928,18.72150928,海南省,万宁市,
2894,万宁,WAN NING,中国铁路广州局,海南省 万宁市,109.4976,19.9993,33420512,110.3771858,18.80430672,海南省,万宁市,
3275,海头,HAI TOU,中国铁路广州局,海南省 儋州市,108.0912,20.6936,33250798,108.9917411,19.49194144,海南省,儋州市,
106,石家庄北,SHI JIA ZHUANG BEI,中国铁路北京局,河北省 石家庄市 新华区,113.64,39.4456,43980556,114.457864,38.06392224,河北省,石家庄市,新华区
107,石家庄东,SHI JIA ZHUANG DONG,中国铁路北京局,河北省 石家庄市 裕华区,113.8051,39.4305,415190235,114.620504,38.0489672,河北省,石家庄市,裕华区
109,石家庄,SHI JIA ZHUANG,中国铁路北京局,河北省 石家庄市 桥西区,113.6591,39.3892,900329,114.4766794,38.00806368,河北省,石家庄市,桥西区
154,安次,AN CI,中国铁路北京局,河北省 廊坊市 安次区,115.9053,40.6273,100217394,116.689411,39.23427792,河北省,廊坊市,安次区
191,保定东,BAO DING DONG,中国铁路北京局,河北省 保定市 竞秀区,114.7944,40.2513,3070834,115.5950634,38.86188752,河北省,保定市,竞秀区
192,北戴河,BEI DAI HE,中国铁路北京局,河北省 秦皇岛市 北戴河区,118.6678,41.2474,12010843,119.4107498,39.84842496,河北省,秦皇岛市,北戴河区
193,保定,BAO DING,中国铁路北京局,河北省 保定市 竞秀区,114.6696,40.2501,770141,115.472123,38.86069904,河北省,保定市,竞秀区
206,白涧,BAI JIAN,中国铁路北京局,河北省 保定市 涞水县,114.4766,41.0408,53130230,115.2819987,39.64380832,河北省,保定市,涞水县
231,白洋淀,BAI YANG DIAN,中国铁路北京局,河北省 保定市 容城县,115.0706,40.459,25660073,115.8671481,39.0675936,河北省,保定市,容城县
250,承德,CHENG DE,中国铁路北京局,河北省 承德市 双桥区,117.1815,42.3721,22930308,117.9465957,40.96232784,河北省,承德市,双桥区
251,承德南,CHENG DE NAN,中国铁路北京局,河北省 承德市 双桥区,117.1903,42.2896,90782185,117.9552645,40.88061984,河北省,承德市,双桥区
252,曹妃甸东,CAO FEI DIAN DONG,中国铁路北京局,河北省 唐山市 曹妃甸区,117.8275,40.6086,91227271,118.5829703,39.21575744,河北省,唐山市,曹妃甸区
254,曹妃甸港,CAO FEI DIAN GANG,中国铁路北京局,河北省 唐山市 曹妃甸区,117.7015,40.4626,91216982,118.4588477,39.07115904,河北省,唐山市,曹妃甸区
258,柴沟堡,CHAI GOU BU,中国铁路太原局,河北省 张家口市 怀安县,113.5882,42.075,6840788,114.4068358,40.66808,河北省,张家口市,怀安县
273,崇礼,CHONG LI,中国铁路北京局,河北省 张家口市 崇礼区,114.504,42.414,95231330,115.3089904,41.0038256,河北省,张家口市,崇礼区
274,昌黎,CHANG LI,中国铁路北京局,河北省 秦皇岛市 昌黎县,118.4128,41.0981,11980456,119.1595493,39.70055824,河北省,秦皇岛市,昌黎县
297,磁县,CI XIAN,中国铁路北京局,河北省 邯郸市 磁县,113.545,37.7236,1080689,114.3642795,36.35845344,河北省,邯郸市,磁县
315,沧州,CANG ZHOU,中国铁路北京局,河北省 沧州市 新华区,116.0892,39.6898,25930615,116.8705709,38.30577792,河北省,沧州市,新华区
322,沧州西,CANG ZHOU XI,中国铁路北京局,河北省 沧州市 沧县,115.9769,39.689,5940285,116.7599442,38.3049856,河北省,沧州市,沧县
383,大兴机场,DA XING JI CHANG,中国铁路北京局,河北省 廊坊市 广阳区,115.6196,40.9076,90055548,116.407968,39.51188704,河北省,廊坊市,广阳区
400,定州东,DING ZHOU DONG,中国铁路北京局,河北省 保定市 定州市,114.259,39.8917,3060814,115.0676409,38.50573968,河北省,保定市,定州市
405,定州,DING ZHOU,中国铁路北京局,河北省 保定市 定州市,114.1555,39.9145,830331,114.9656831,38.5283208,河北省,保定市,定州市
466,藁城,GAO CHENG,中国铁路北京局,河北省 石家庄市 藁城区,114.0134,39.4063,33510465,114.8257003,38.02499952,河北省,石家庄市,藁城区
467,藁城南,GAO CHENG NAN,中国铁路北京局,河北省 石家庄市 藁城区,114.0358,39.3643,658940649,114.8477666,37.98340272,河北省,石家庄市,藁城区
495,广阳,GUANG YANG,中国铁路北京局,河北省 廊坊市 广阳区,115.9138,40.9055,25750511,116.6977844,39.5098072,河北省,廊坊市,广阳区
496,高邑,GAO YI,中国铁路北京局,河北省 石家庄市 高邑县,113.7746,38.9802,940187,114.5904585,37.60299008,河北省,石家庄市,高邑县
502,高邑西,GAO YI XI,中国铁路北京局,河北省 石家庄市 高邑县,113.7056,39.0046,3040844,114.5224866,37.62715584,河北省,石家庄市,高邑县
527,邯郸,HAN DAN,中国铁路北京局,河北省 邯郸市 邯山区,113.6505,37.9671,1050792,114.4682076,36.59961584,河北省,邯郸市,邯山区
529,邯郸东,HAN DAN DONG,中国铁路北京局,河北省 邯郸市 丛台区,113.7349,37.986,3020566,114.55135,36.6183344,河北省,邯郸市,丛台区
584,衡水北,HENG SHUI BEI,中国铁路北京局,河北省 衡水市 桃城区,114.8683,39.1497,451072570,115.6678623,37.77086288,河北省,衡水市,桃城区
590,衡水,HENG SHUI,中国铁路北京局,河北省 衡水市 桃城区,114.8846,39.1207,19280284,115.6839195,37.74214128,河北省,衡水市,桃城区
658,井南,JING NAN,中国铁路北京局,河北省 石家庄市 井陉县,113.1852,39.371,44060568,114.0098405,37.9900384,河北省,石家庄市,井陉县
684,井陉,JING XING,中国铁路北京局,河北省 石家庄市 井陉县,113.3061,39.4139,44040278,114.1289391,38.03252656,河北省,石家庄市,井陉县
705,晋州,JIN ZHOU,中国铁路北京局,河北省 石家庄市 晋州市,114.2154,39.3995,33520548,115.0246905,38.0182648,河北省,石家庄市,晋州市
763,廊坊,LANG FANG,中国铁路北京局,河北省 廊坊市 安次区,115.9178,40.9026,5910587,116.7017248,39.50693504,河北省,廊坊市,安次区
778,隆化,LONG HUA,中国铁路北京局,河北省 承德市 隆化县,116.9748,42.7377,22970529,117.7429755,41.32441808,河北省,承德市,隆化县
801,滦平,LUAN PING,中国铁路北京局,河北省 承德市 滦平县,116.5322,42.3293,23190124,117.3069702,40.91993872,河北省,承德市,滦平县
828,临西,LIN XI,中国铁路北京局,河北省 邢台市 临西县,114.9072,38.2991,19340793,115.7061827,36.92842864,河北省,邢台市,临西县
849,涞源,LAI YUAN,中国铁路北京局,河北省 保定市 涞源县,113.8907,40.7638,53230516,114.7048286,39.36946752,河北省,保定市,涞源县
922,南大庙,NAN DA MIAO,中国铁路北京局,河北省 承德市 滦平县,116.2806,42.1715,23130803,117.0591191,40.7636536,河北省,承德市,滦平县
953,南峪,NAN YU,中国铁路北京局,河北省 石家庄市 井陉县,113.103,39.3688,44070902,113.9288653,37.98785952,河北省,石家庄市,井陉县
974,平泉北,PING QUAN BEI,中国铁路北京局,河北省 承德市 平泉市,117.9493,42.4458,90801489,118.7029554,41.03532032,河北省,承德市,平泉市
975,平泉,PING QUAN,中国铁路北京局,河北省 承德市 平泉市,117.9385,42.4058,43780180,118.6923164,40.99570432,河北省,承德市,平泉市
1015,清河城,QING HE CHENG,中国铁路北京局,河北省 邢台市 清河县,114.8809,38.4336,19330710,115.6802746,37.06163744,河北省,邢台市,清河县
1016,秦皇岛,QING HUANG DAO,中国铁路北京局,河北省 秦皇岛市 海港区,118.8441,41.3632,12020899,119.5844229,39.96311328,河北省,秦皇岛市,海港区
1063,沙城,SHA CHENG,中国铁路北京局,河北省 张家口市 怀来县,114.7074,41.7977,6730327,115.5093597,40.39344208,河北省,张家口市,怀来县
1075,山海关,SHAN HAI GUAN,中国铁路沈阳局,河北省 秦皇岛市 山海关区,119.0227,41.3975,12040787,119.7603618,39.997084,河北省,秦皇岛市,山海关区
1077,沙河市,SHA HE SHI,中国铁路北京局,河北省 邢台市 沙河市,113.6724,38.229,1020672,114.4897812,36.8590016,河北省,邢台市,沙河市
1148,涉县,SHE XIAN,中国铁路北京局,河北省 邯郸市 涉县,112.8309,37.9433,54620195,113.6608196,36.57604432,河北省,邯郸市,涉县
1225,唐山北,TANG SHAN BEI,中国铁路北京局,河北省 唐山市 丰润区,117.348,41.2118,11850659,118.1106148,39.81316672,河北省,唐山市,丰润区
1228,唐山,TANG SHAN,中国铁路北京局,河北省 唐山市 路北区,117.3466,41.0191,12930621,118.1092357,39.62231664,河北省,唐山市,路北区
1238,太子城,TAI ZI CHENG,中国铁路北京局,河北省 张家口市 崇礼区,114.6363,42.3193,89970692,115.4393191,40.91003472,河北省,张家口市,崇礼区
1309,雄安,XIONG AN,中国铁路北京局,河北省 保定市 雄县,115.3597,40.4454,92270173,116.1519405,39.05412416,河北省,保定市,雄县
1333,下花园北,XIA HUA YUAN BEI,中国铁路北京局,河北省 张家口市 下花园区,114.4886,41.9062,89928264,115.2938199,40.50090048,河北省,张家口市,下花园区
1340,辛集,XIN JI,中国铁路北京局,河北省 石家庄市 辛集市,114.4007,39.2822,33530453,115.2072296,37.90209088,河北省,石家庄市,辛集市
1344,辛集南,XIN JI NAN,中国铁路北京局,河北省 石家庄市 辛集市,114.3964,39.2597,334456045,115.2029936,37.87980688,河北省,石家庄市,辛集市
1348,新乐,XIN LE,中国铁路北京局,河北省 石家庄市 新乐市,113.8709,39.7248,860495,114.6853236,38.34044192,河北省,石家庄市,新乐市
1352,兴隆县,XING LONG XIAN,中国铁路北京局,河北省 承德市 兴隆县,116.7334,41.8385,22810376,117.5051723,40.4338504,河北省,承德市,兴隆县
1374,邢台东,XING TAI DONG,中国铁路北京局,河北省 邢台市 襄都区,113.7685,38.4621,3030126,114.5844494,37.08986384,河北省,邢台市,襄都区
1446,燕郊,YAN JIAO,中国铁路北京局,河北省 廊坊市 三河市,116.0361,41.3381,11750724,116.8182621,39.93825424,河北省,廊坊市,三河市
1485,永清东,YONG QING DONG,中国铁路北京局,河北省 廊坊市 永清县,115.7168,40.6961,100200723,116.5037197,39.30241744,河北省,廊坊市,永清县
1500,元氏,YUAN SHI,中国铁路北京局,河北省 石家庄市 元氏县,113.7208,39.1361,930881,114.5374601,37.75739344,河北省,石家庄市,元氏县
1513,玉田县,YU TIAN XIAN,中国铁路北京局,河北省 唐山市 玉田县,116.9579,41.2783,11830381,117.7263273,39.87902832,河北省,唐山市,玉田县
1536,正定机场,ZHENG DING JI CHANG,中国铁路北京局,河北省 石家庄市 正定县,113.888,39.6327,3050509,114.7021688,38.24922608,河北省,石家庄市,正定县
1537,正定,ZHENG DING,中国铁路北京局,河北省 石家庄市 正定县,113.733,39.5433,880612,114.5494783,38.16068432,河北省,石家庄市,正定县
1559,张家口,ZHANG JIA KOU NAN,中国铁路北京局,河北省 张家口市 桥东区,114.0636,42.1561,6800020,114.8751524,40.74840144,河北省,张家口市,桥东区
1560,张家口南,ZHANG JIA KOU NAN,中国铁路北京局,河北省 张家口市 宣化区,114.0627,42.1086,64630041,114.8742658,40.70135744,河北省,张家口市,宣化区
1602,涿州东,ZHUO ZHOU DONG,中国铁路北京局,河北省 保定市 涿州市,115.2525,40.852,3090325,116.0463378,39.4568208,河北省,保定市,涿州市
1615,艾河,AI HE,中国铁路北京局,河北省 保定市 涞源县,113.7232,40.7855,53250666,114.5398243,39.3909592,河北省,保定市,涞源县
1620,安匠,AN JIANG,中国铁路北京局,河北省 承德市 承德县,116.9523,42.168,92153337,117.7208107,40.7601872,河北省,承德市,承德县
1639,板城,BAN CHENG,中国铁路北京局,河北省 保定市 涞水县,114.4419,41.0076,53140577,115.2478157,39.61092704,河北省,保定市,涞水县
1643,白沟,BAI GOU,中国铁路北京局,河北省 保定市 雄县,115.2918,40.4753,25650153,116.0850522,39.08373712,河北省,保定市,雄县
1665,百里峡,BAI LI XIA,中国铁路北京局,河北省 保定市 涞水县,114.5815,41.078,53110093,115.3853357,39.6806512,河北省,保定市,涞水县
1669,北马圈子,BEI MA QUAN ZI,中国铁路北京局,河北省 承德市 鹰手营子矿区,116.8255,41.9237,22820707,117.5959001,40.51823248,河北省,承德市,鹰手营子矿区
1671,白旗,BAI QI,中国铁路北京局,河北省 承德市 滦平县,116.8937,42.5656,23250850,117.6630839,41.15397024,河北省,承德市,滦平县
1683,泊头,BO TOU,中国铁路北京局,河北省 沧州市 泊头市,115.7947,39.4413,25970283,116.580459,38.05966352,河北省,沧州市,泊头市
1684,北屯,BEI TUN,中国铁路北京局,河北省 保定市 涞源县,113.9489,40.7498,53220503,114.7621614,39.35560192,河北省,保定市,涞源县
1696,霸州北,BA ZHOU BEI,中国铁路北京局,河北省 廊坊市 霸州市,115.5293,40.5761,92261829,116.3190134,39.18356944,河北省,廊坊市,霸州市
1698,霸州,BA ZHOU,中国铁路北京局,河北省 廊坊市 霸州市,115.5787,40.5116,19200728,116.3676774,39.11968864,河北省,廊坊市,霸州市
1701,霸州西,BA ZHOU XI,中国铁路北京局,河北省 廊坊市 霸州市,115.553,40.4818,25640609,116.3423603,39.09017472,河北省,廊坊市,霸州市
1708,承德县北,CHENG DE XIAN BEI,中国铁路北京局,河北省 承德市 承德县,117.5221,42.3423,90791837,118.2821207,40.93281392,河北省,承德市,承德县
1709,承德东,CHENG DE DONG,中国铁路北京局,河北省 承德市 双桥区,117.2172,42.295,22920884,117.9817637,40.885968,河北省,承德市,双桥区
1724,超梁沟,CHAO LIANG GOU,中国铁路北京局,河北省 承德市 隆化县,116.9179,42.6416,23260269,117.6869233,41.22924064,河北省,承德市,隆化县
1741,磁山,CI SHAN,中国铁路北京局,河北省 邯郸市 武安市,113.2865,37.963,54520000,114.1096312,36.5955552,河北省,邯郸市,武安市
1750,磁西,CI XI,中国铁路北京局,河北省 邯郸市 武安市,113.2542,37.9455,54530017,114.0778124,36.5782232,河北省,邯郸市,武安市
1755,朝阳地,CHAO YANG CI,中国铁路沈阳局,河北省 承德市 围场满族蒙古族自治县,117.4573,43.4404,23400763,118.2182862,42.02037216,河北省,承德市,围场满族蒙古族自治县
1779,大厂,DA CHANG,中国铁路北京局,河北省 廊坊市 大厂回族自治县,116.1152,41.2867,97482930,116.8961835,39.88734768,河北省,廊坊市,大厂回族自治县
1797,东光,DONG GUANG,中国铁路北京局,河北省 沧州市 东光县,115.7373,39.2702,25980526,116.5239142,37.89020608,河北省,沧州市,东光县
1799,东花园北,DONG HUA YUAN BEI,中国铁路北京局,河北省 张家口市 怀来县,114.9898,41.7447,89907050,115.787552,40.34095088,河北省,张家口市,怀来县
1820,洞庙河,DONG MIAO HE,中国铁路北京局,河北省 承德市 兴隆县,116.9172,41.9746,22840095,117.6862337,40.56864384,河北省,承德市,兴隆县
1822,大盘石,DA PAN SHI,中国铁路北京局,河北省 保定市 易县,114.2702,40.8185,53180313,115.078674,39.4236424,河北省,保定市,易县
1853,东戌,DONG XU,中国铁路北京局,河北省 邯郸市 涉县,112.9765,38.0595,54590580,113.8042502,36.6911288,河北省,邯郸市,涉县
1865,大营镇,DA YING ZHEN,中国铁路北京局,河北省 衡水市 枣强县,114.9302,38.6899,19310287,115.72884,37.31547696,河北省,衡水市,枣强县
1873,豆庄,DOU ZHUANG,中国铁路北京局,河北省 邯郸市 涉县,113.0123,38.0973,54580848,113.8395167,36.72856592,河北省,邯郸市,涉县
1876,大杖子,DA ZHANG ZI,中国铁路北京局,河北省 承德市 承德县,117.7852,42.2567,43800101,118.5413005,40.84803568,河北省,承德市,承德县
1879,二道沟门,ER DAO GOU MEN,中国铁路北京局,河北省 承德市 滦平县,116.3645,42.2913,23170500,117.141769,40.88230352,河北省,承德市,滦平县
1906,抚宁,FU NING,中国铁路北京局,河北省 秦皇岛市 抚宁区,118.4959,41.2907,12940623,119.2414111,39.89130928,河北省,秦皇岛市,抚宁区
1919,福山口,FU SHAN KOU,中国铁路北京局,河北省 保定市 涞水县,114.5278,41.0687,53120752,115.3324358,39.67144048,河北省,保定市,涞水县
1925,浮图峪,FU TU YU,中国铁路北京局,河北省 保定市 涞源县,114.0135,40.7586,53210697,114.8257989,39.36431744,河北省,保定市,涞源县
1937,固安东,GU AN DONG,中国铁路北京局,河北省 廊坊市 固安县,115.6089,40.7634,92253485,116.3974274,39.36907136,河北省,廊坊市,固安县
1938,固安,GU AN,中国铁路北京局,河北省 廊坊市 固安县,115.5269,40.8171,19180783,116.3166492,39.42225584,河北省,廊坊市,固安县
1939,高碑店东,GAO BEI DIAN DONG,中国铁路北京局,河北省 保定市 高碑店市,115.1444,40.6795,3080449,115.9398484,39.2859768,河北省,保定市,高碑店市
1940,高碑店,GAO BEI DIAN,中国铁路北京局,河北省 保定市 高碑店市,115.0539,40.7205,710533,115.8506969,39.3265832,河北省,保定市,高碑店市
1970,郭磊庄,GUO LEI ZHUANG,中国铁路北京局,河北省 张家口市 万全区,113.7262,42.1247,6830199,114.5427796,40.71730288,河北省,张家口市,万全区
1979,广平,GUANG PING,中国铁路北京局,河北省 邯郸市 广平县,114.1227,37.8622,54780510,114.9333718,36.49572288,河北省,邯郸市,广平县
1998,官厅,GUAN TING,中国铁路北京局,河北省 张家口市 怀来县,114.7804,41.6523,27660338,115.581272,40.24943792,河北省,张家口市,怀来县
2000,官厅西,GUAN TING XI,中国铁路北京局,河北省 张家口市 怀来县,114.7763,41.6536,27670588,115.5772331,40.25072544,河北省,张家口市,怀来县
2024,怀安,HUAI AN,中国铁路北京局,河北省 张家口市 怀安县,113.5725,42.0899,89949478,114.3913698,40.68283696,河北省,张家口市,怀安县
2062,河间西,HE JIAN XI,中国铁路北京局,河北省 沧州市 河间市,115.1531,39.8891,19220503,115.9484188,38.50316464,河北省,沧州市,河间市
2067,怀来,HUAI LAI,中国铁路北京局,河北省 张家口市 怀来县,114.7552,41.7791,89917657,115.5564475,40.37502064,河北省,张家口市,怀来县
2083,韩麻营,HAN MA YING,中国铁路北京局,河北省 承德市 隆化县,117.0652,42.6864,22960072,117.8320285,41.27361056,河北省,承德市,隆化县
2113,虎什哈,HU SHI HA,中国铁路北京局,河北省 承德市 滦平县,116.2089,42.2673,23150603,116.9884874,40.85853392,河北省,承德市,滦平县
2161,井店,JING DIAN,中国铁路北京局,河北省 邯郸市 涉县,112.8851,37.9709,54610600,113.714212,36.60337936,河北省,邯郸市,涉县
2164,金沟屯,JIN GOU TUN,中国铁路北京局,河北省 承德市 滦平县,116.7369,42.4668,23220409,117.5086202,41.05611872,河北省,承德市,滦平县
2172,纪家沟,JI JIA GOU,中国铁路沈阳局,河北省 承德市 围场满族蒙古族自治县,117.3617,43.3445,23380728,118.1241107,41.9253928,河北省,承德市,围场满族蒙古族自治县
2201,甲山,JIA SHAN,中国铁路北京局,河北省 承德市 承德县,117.4969,42.1934,43840076,118.2572962,40.78534336,河北省,承德市,承德县
2239,景州,JING ZHOU,中国铁路北京局,河北省 衡水市 景县,115.3384,39.0206,132734255,116.1309578,37.64300224,河北省,衡水市,景县
2241,旧庄窝,JIU ZHUANG WO,中国铁路北京局,河北省 张家口市 怀来县,114.8309,41.5716,27640481,115.6310196,40.16951264,河北省,张家口市,怀来县
2243,康城,KANG CHENG,中国铁路北京局,河北省 邯郸市 武安市,113.464,38.0228,54490318,114.2844864,36.65478112,河北省,邯郸市,武安市
2268,临城,LIN CHENG,中国铁路北京局,河北省 邢台市 临城县,113.7891,38.8433,960762,114.6047424,37.46740432,河北省,邢台市,临城县
2273,梁底下,LIANG DI XIA,中国铁路北京局,河北省 承德市 滦平县,116.8471,42.5163,23240668,117.6171782,41.10514352,河北省,承德市,滦平县
2274,六道河子,LIU DAO HE ZI,中国铁路北京局,河北省 承德市 兴隆县,116.5319,41.797,22790294,117.3066747,40.3927488,河北省,承德市,兴隆县
2292,滦河,LUAN HE,中国铁路北京局,河北省 唐山市 滦州市,117.9104,41.2503,58020303,118.664635,39.85129712,河北省,唐山市,滦州市
2295,龙华,LONG HUA,中国铁路北京局,河北省 衡水市 景县,115.2199,38.986,33590082,116.0142235,37.6087344,河北省,衡水市,景县
2296,滦河沿,LUAN HE YAN,中国铁路北京局,河北省 承德市 滦平县,116.7659,42.489,23230712,117.5371881,41.0781056,河北省,承德市,滦平县
2320,卢龙,LU LONG,中国铁路北京局,河北省 秦皇岛市 卢龙县,118.226,41.3498,36790808,118.9755326,39.94984192,河北省,秦皇岛市,卢龙县
2341,流水沟,LIU SHUI GOU,中国铁路北京局,河北省 承德市 滦平县,116.3583,42.1102,23120383,117.1356613,40.70294208,河北省,承德市,滦平县
2366,滦县,LUAN XIAN,中国铁路北京局,河北省 唐山市 滦州市,117.9443,41.1538,11930811,118.6980299,39.75572352,河北省,唐山市,滦州市
2446,南城司,NAN CHENG SI,中国铁路北京局,河北省 保定市 易县,114.4484,40.9425,53150726,115.2542188,39.546452,河北省,保定市,易县
2451,南宫东,NAN GONG DONG,中国铁路北京局,河北省 邢台市 南宫市,114.8895,38.5402,19320353,115.6887465,37.16721408,河北省,邢台市,南宫市
2472,南堡北,NAN BU BEI,中国铁路北京局,河北省 唐山市 曹妃甸区,117.4361,40.6684,91207843,118.1974021,39.27498336,河北省,唐山市,曹妃甸区
2477,南湾子,NAN WAN ZI,中国铁路北京局,河北省 承德市 承德县,117.0544,42.1391,22870512,117.8213894,40.73156464,河北省,承德市,承德县
2499,偏店,PIAN DIAN,中国铁路北京局,河北省 邯郸市 涉县,112.9179,38.013,54600865,113.7465233,36.6450752,河北省,邯郸市,涉县
2504,徘徊北,PAI HUAI BEI,中国铁路北京局,河北省 邯郸市 武安市,113.2103,37.9843,54540192,114.0345665,36.61665072,河北省,邯郸市,武安市
2507,潘家店,PAN JIA DIAN,中国铁路北京局,河北省 承德市 兴隆县,117.0473,42.0793,22860553,117.8143952,40.67233872,河北省,承德市,兴隆县
2543,迁安,QIAN AN,中国铁路北京局,河北省 唐山市 迁安市,117.9315,41.3225,36770222,118.6854207,39.922804,河北省,唐山市,迁安市
2552,奇峰塔,QI FENG TA,中国铁路北京局,河北省 保定市 易县,114.4171,40.883,53160089,115.2233852,39.4875232,河北省,保定市,易县
2575,前磨头,QIAN MO TOU,中国铁路北京局,河北省 衡水市 深州市,114.6827,39.1716,33550845,115.4850278,37.79255264,河北省,衡水市,深州市
2589,前苇塘,QIAN WEI TANG,中国铁路北京局,河北省 承德市 兴隆县,116.6288,41.8016,22800279,117.4021309,40.39730464,河北省,承德市,兴隆县
2594,青县,QING XIAN,中国铁路北京局,河北省 沧州市 青县,116.0496,39.9622,25900281,116.831561,38.57556288,河北省,沧州市,青县
2620,任丘,REN QIU,中国铁路北京局,河北省 沧州市 任丘市,115.3451,40.0793,19210410,116.137558,38.69153872,河北省,沧州市,任丘市
2624,饶阳,RAO YANG,中国铁路北京局,河北省 衡水市 饶阳县,114.9103,39.6186,19250026,115.7092365,38.23526144,河北省,衡水市,饶阳县
2629,上板城,SHANG BAN CHENG,中国铁路北京局,河北省 承德市 承德县,117.2861,42.2436,22910262,118.0496371,40.83506144,河北省,承德市,承德县
2631,上板城南,SHANG BAN CHENG NAN,中国铁路北京局,河北省 承德市 承德县,117.2738,42.2297,22900460,118.0375204,40.82129488,河北省,承德市,承德县
2649,胜芳,SHENG FANG,中国铁路北京局,河北省 廊坊市 霸州市,115.969,40.5277,25630451,116.7521619,39.13563408,河北省,廊坊市,霸州市
2663,三河县,SAN HE XIAN,中国铁路北京局,河北省 廊坊市 三河市,116.3056,41.3693,11780596,117.0837466,39.96915472,河北省,廊坊市,三河市
2664,四合永,SI HE YONG,中国铁路沈阳局,河北省 承德市 围场满族蒙古族自治县,117.0529,43.2151,23340416,117.8199118,41.79723504,河北省,承德市,围场满族蒙古族自治县
2678,什里店,SHI LI DIAN,中国铁路北京局,河北省 邯郸市 武安市,113.1099,38.0567,54560685,113.9356625,36.68835568,河北省,邯郸市,武安市
2688,沙岭子,SHA LING ZI,中国铁路北京局,河北省 张家口市 宣化区,114.1068,42.0775,6790858,114.9177087,40.670556,河北省,张家口市,宣化区
2692,肃宁,SU NING,中国铁路北京局,河北省 沧州市 肃宁县,115.0467,39.7977,19240122,115.8436042,38.41264208,河北省,沧州市,肃宁县
2767,深州,SHEN ZHOU,中国铁路北京局,河北省 衡水市 深州市,114.8063,39.3905,19260599,115.6067861,38.0093512,河北省,衡水市,深州市
2799,唐海南,TANG HAI NAN,中国铁路北京局,河北省 唐山市 曹妃甸区,117.6661,40.6282,91217580,118.4239751,39.23516928,河北省,唐山市,曹妃甸区
2825,唐山西,TANG SHAN XI,中国铁路北京局,河北省 唐山市 丰润区,117.2514,41.0907,97549626,118.0154541,39.69322928,河北省,唐山市,丰润区
2841,塔崖驿,TA YA YI,中国铁路北京局,河北省 保定市 涞源县,114.1897,40.8215,53190294,114.9993735,39.4266136,河北省,保定市,涞源县
2847,武安,WU AN,中国铁路北京局,河北省 邯郸市 武安市,113.3831,38.0428,54500496,114.2047918,36.67458912,河北省,邯郸市,武安市
2848,文安,WEN AN,中国铁路北京局,河北省 廊坊市 文安县,115.5368,40.2718,19190253,116.3264017,38.88219072,河北省,廊坊市,文安县
2850,王安镇,WANG AN ZHEN,中国铁路北京局,河北省 保定市 涞源县,114.1247,40.8004,53200648,114.935342,39.40571616,河北省,保定市,涞源县
2859,五道河,WU DAO HE,中国铁路北京局,河北省 承德市 滦平县,116.2801,42.2986,23160735,117.0586265,40.88953344,河北省,承德市,滦平县
2863,望都,WANG DU,中国铁路北京局,河北省 保定市 望都县,114.3485,40.0929,810672,115.1558074,38.70500816,河北省,保定市,望都县
2880,午汲,WU JI,中国铁路北京局,河北省 邯郸市 武安市,113.3248,38.0183,54510109,114.1473605,36.65032432,河北省,邯郸市,武安市
2899,吴桥,WU QIAO,中国铁路北京局,河北省 沧州市 吴桥县,115.5898,39.0017,26000416,116.378612,37.62428368,河北省,沧州市,吴桥县
2908,王瞳,WANG TONG,中国铁路北京局,河北省 衡水市 景县,115.3638,38.9142,33600770,116.1559794,37.53762368,河北省,衡水市,景县
2936,新保安,XIN BAO AN,中国铁路北京局,河北省 张家口市 怀来县,114.6192,41.8415,6740099,115.4224739,40.4368216,河北省,张家口市,怀来县
2937,下板城,XIA BAN CHENG,中国铁路北京局,河北省 承德市 承德县,117.4062,42.1788,43850829,118.1679476,40.77088352,河北省,承德市,承德县
2938,西八里,XI BA LI,中国铁路北京局,河北省 张家口市 怀来县,114.5317,41.8402,6750527,115.3362777,40.43553408,河北省,张家口市,怀来县
2948,西大庙,XI DA MIAO,中国铁路北京局,河北省 承德市 承德县,117.1945,42.209,22890854,117.959402,40.8007936,河北省,承德市,承德县
2963,宣化北,XUAN HUA BEI,中国铁路北京局,河北省 张家口市 宣化区,114.2316,42.036,89938871,115.0406492,40.6294544,河北省,张家口市,宣化区
2967,香河,XIANG HE,中国铁路北京局,河北省 廊坊市 香河县,116.2467,41.1141,97499604,117.0257242,39.71640464,河北省,廊坊市,香河县
2973,宣化,XUAN HUA,中国铁路北京局,河北省 张家口市 宣化区,114.2398,42.0006,6780454,115.048727,40.59439424,河北省,张家口市,宣化区
2975,下花园,XIA HUA YUAN,中国铁路北京局,河北省 张家口市 下花园区,114.4661,41.8887,6760145,115.2716551,40.48356848,河北省,张家口市,下花园区
2991,兴隆县西,XING LONG XIAN XI,中国铁路北京局,河北省 承德市 兴隆县,116.7006,41.8155,92144991,117.4728611,40.4110712,河北省,承德市,兴隆县
3007,小寺沟,XIAO SI GOU,中国铁路北京局,河北省 承德市 平泉市,117.8823,42.3058,43790878,118.6369537,40.89666432,河北省,承德市,平泉市
3012,徐水,XU SHUI,中国铁路北京局,河北省 保定市 徐水区,114.8357,40.4203,750761,115.6357481,39.02926512,河北省,保定市,徐水区
3017,邢台,XING TAI,中国铁路北京局,河北省 邢台市 襄都区,113.667,38.4394,1000977,114.4844617,37.06738176,河北省,邢台市,襄都区
3020,下台子,XIA TAI ZI,中国铁路北京局,河北省 承德市 兴隆县,116.9645,42.0068,22850556,117.732829,40.60053472,河北省,承德市,兴隆县
3035,小西庄,XIAO XI ZHUANG,中国铁路北京局,河北省 保定市 涞源县,113.8062,40.7941,53240702,114.6215876,39.39947664,河北省,保定市,涞源县
3052,悬钟,XUAN ZHONG,中国铁路北京局,河北省 邯郸市 涉县,112.7384,38.0268,54630302,113.5696978,36.65874272,河北省,邯郸市,涉县
3055,新杖子,XIN ZHANG ZI,中国铁路北京局,河北省 承德市 承德县,117.1066,42.1796,22880007,117.8728117,40.77167584,河北省,承德市,承德县
3134,榆树沟,YU SHU GOU,中国铁路北京局,河北省 承德市 承德县,117.6372,42.1897,43820686,118.3955057,40.78167888,河北省,承德市,承德县
3139,窑上,YAO SHANG,中国铁路北京局,河北省 承德市 滦平县,116.6265,42.3903,23200772,117.3998652,40.98035312,河北省,承德市,滦平县
3145,杨树岭,YANG SHU LING,中国铁路沈阳局,河北省 承德市 平泉市,118.119,42.3974,43770883,118.8701269,40.98738496,河北省,承德市,平泉市
3147,野三坡,YE SAN PO,中国铁路北京局,河北省 保定市 涞水县,114.6426,41.066,53100436,115.4455253,39.6687664,河北省,保定市,涞水县
3150,鹰手营子,YING SHOU YING ZI,中国铁路北京局,河北省 承德市 鹰手营子矿区,116.8845,41.9533,22830935,117.654021,40.54754832,河北省,承德市,鹰手营子矿区
3153,玉田南,YU TIAN NAN,中国铁路北京局,河北省 唐山市 玉田县,117.0389,41.092,97532952,117.8061204,39.6945168,河北省,唐山市,玉田县
3175,阳邑,YANG YI,中国铁路北京局,河北省 邯郸市 武安市,113.0685,38.1054,54570403,113.8948794,36.73658816,河北省,邯郸市,武安市
3190,张百湾,ZHANG BAI WAN,中国铁路北京局,河北省 承德市 滦平县,116.699,42.4056,23210165,117.4712849,40.99550624,河北省,承德市,滦平县
3208,紫荆关,ZI JING GUAN,中国铁路北京局,河北省 保定市 易县,114.3561,40.8422,53170503,115.1632941,39.44711488,河北省,保定市,易县
3229,枣强,ZAO QIANG,中国铁路北京局,河北省 衡水市 枣强县,114.9336,38.8783,19300114,115.7321894,37.50206832,河北省,衡水市,枣强县
3253,涿州,ZHUO ZHOU,中国铁路北京局,河北省 保定市 涿州市,115.1822,40.8735,690153,115.9770852,39.4781144,河北省,保定市,涿州市
147,郑州东,ZHENG ZHOU DONG,中国铁路郑州局,河南省 郑州市 金水区,112.9435,36.109,2980278,113.7717419,34.7593536,河南省,郑州市,金水区
148,郑州航空港,ZHENG ZHOU HANG KONG GANG,中国铁路郑州局,河南省 郑州市 中牟县,113.1009,35.8347,89281237,113.9267966,34.48768688,河南省,郑州市,中牟县
149,郑州,ZHENG ZHOU,中国铁路郑州局,河南省 郑州市 二七区,112.8223,36.096,1270203,113.6523477,34.7464784,河南省,郑州市,二七区
150,郑州西,ZHENG ZHOU XI,中国铁路郑州局,河南省 郑州市 荥阳市,112.583,36.0928,8450453,113.4166133,34.74330912,河南省,郑州市,荥阳市
180,安阳,AN YANG,中国铁路郑州局,河南省 安阳市 文峰区,113.5125,37.4656,1110088,114.3322638,36.10293024,河南省,安阳市,文峰区
181,安阳东,AN YANG DONG,中国铁路郑州局,河南省 安阳市 安阳县,113.6295,37.4446,3010407,114.4475205,36.08213184,河南省,安阳市,安阳县
259,长葛北,CHANG GE BEI,中国铁路郑州局,河南省 许昌市 长葛市,112.8982,35.5967,89291844,113.7271168,34.25197168,河南省,许昌市,长葛市
401,邓州东,DENG ZHOU DONG,中国铁路郑州局,河南省 南阳市 邓州市,111.4091,33.9264,89366093,112.2602044,32.59770656,河南省,南阳市,邓州市
406,邓州,DENG ZHOU,中国铁路郑州局,河南省 南阳市 邓州市,111.209,34.0141,21040665,112.0630859,32.68456464,河南省,南阳市,邓州市
486,固始,GU SHI,中国铁路武汉局,河南省 信阳市 固始县,114.8641,33.2394,31950047,115.6637249,31.91730176,河南省,信阳市,固始县
497,巩义,GONG YI,中国铁路郑州局,河南省 郑州市 巩义市,112.134,36.1096,9590179,112.9743034,34.75994784,河南省,郑州市,巩义市
498,巩义南,GONG YI NAN,中国铁路郑州局,河南省 郑州市 巩义市,112.0685,36.0195,8460081,112.9097794,34.6707128,河南省,郑州市,巩义市
515,淮滨,HUAI BIN,中国铁路武汉局,河南省 信阳市 淮滨县,114.6017,33.8306,19680365,115.4052347,32.50282624,河南省,信阳市,淮滨县
521,潢川,HUANG CHUAN,中国铁路武汉局,河南省 信阳市 潢川县,114.2885,33.4363,19710438,115.0967014,32.11231152,河南省,信阳市,潢川县
544,黄河景区,HUANG HE JING QU,中国铁路郑州局,河南省 郑州市 惠济区,112.6937,36.2824,55580604,113.5256639,34.93108896,河南省,郑州市,惠济区
651,贾鲁河,JIA LU HE,中国铁路郑州局,河南省 郑州市 中牟县,113.0152,36.1251,55530758,113.8423735,34.77529904,河南省,郑州市,中牟县
708,焦作,JIAO ZUO,中国铁路郑州局,河南省 焦作市 解放区,112.3907,36.5753,20640496,113.2271786,35.22117712,河南省,焦作市,解放区
709,焦作西,JIAO ZUO XI,中国铁路郑州局,河南省 焦作市 博爱县,112.2156,36.5615,91919697,113.0546876,35.2075096,河南省,焦作市,博爱县
714,开封北,KAI FENG BEI,中国铁路郑州局,河南省 开封市 龙亭区,113.4339,36.1904,55780682,114.2548349,34.83997216,河南省,开封市,龙亭区
715,开封,KAI FENG,中国铁路郑州局,河南省 开封市 禹王台区,113.5265,36.1201,9450489,114.3460552,34.77034704,河南省,开封市,禹王台区
738,灵宝,LING BAO,中国铁路郑州局,河南省 三门峡市 灵宝市,110.0207,35.8576,9840670,110.8924916,34.51036704,河南省,三门峡市,灵宝市
740,灵宝西,LING BAO XI,中国铁路郑州局,河南省 三门峡市 灵宝市,109.8087,35.9247,8500321,110.6836504,34.57682288,河南省,三门峡市,灵宝市
741,绿博园,LV BO YUAN,中国铁路郑州局,河南省 郑州市 中牟县,113.1007,36.1304,55540581,113.9265996,34.78054816,河南省,郑州市,中牟县
774,漯河,LUO HE,中国铁路武汉局,河南省 漯河市 召陵区,113.2124,34.9094,1400415,114.0366352,33.57126976,河南省,漯河市,召陵区
780,漯河西,LUO HE XI,中国铁路武汉局,河南省 漯河市 源汇区,113.1306,34.9119,2960959,113.9560541,33.57374576,河南省,漯河市,源汇区
789,兰考,LAN KAO,中国铁路郑州局,河南省 开封市 兰考县,114.0005,36.1643,9410125,114.8129926,34.81412272,河南省,开封市,兰考县
790,兰考南,LAN KAO BEI,中国铁路郑州局,河南省 开封市 兰考县,114.0047,36.1203,55790097,114.81713,34.77054512,河南省,开封市,兰考县
837,洛阳,LUO YANG,中国铁路郑州局,河南省 洛阳市 西工区,111.58,36.0351,9650412,112.428558,34.68616304,河南省,洛阳市,西工区
840,洛阳东,LUO YANG DONG,中国铁路郑州局,河南省 洛阳市 瀍河回族区,111.6308,36.0464,9640527,112.4786011,34.69735456,河南省,洛阳市,瀍河回族区
843,洛阳龙门,LUO YANG LONG MEN,中国铁路郑州局,河南省 洛阳市 洛龙区,111.6031,35.9411,8470828,112.4513138,34.59306544,河南省,洛阳市,洛龙区
863,渑池南,MIAN CHI NAN,中国铁路郑州局,河南省 三门峡市 渑池县,110.9086,36.0339,8480179,111.7671619,34.68497456,河南省,三门峡市,渑池县
888,民权,MIN QUAN,中国铁路郑州局,河南省 商丘市 民权县,114.3255,35.9933,9390504,115.1331501,34.64476432,河南省,商丘市,民权县
906,孟庄,MENG ZHUANG,中国铁路郑州局,河南省 郑州市 新郑市,113.0022,35.9354,55510808,113.8295672,34.58742016,河南省,郑州市,新郑市
915,南曹,NAN CAO,中国铁路郑州局,河南省 郑州市 管城回族区,112.9551,36.0275,55500078,113.783169,34.678636,河南省,郑州市,管城回族区
938,宁陵县,NING LING XIAN,中国铁路郑州局,河南省 商丘市 宁陵县,114.5065,35.9223,9380542,115.3114532,34.57444592,河南省,商丘市,宁陵县
950,南阳,NAN YANG,中国铁路郑州局,河南省 南阳市 卧龙区,111.6571,34.3327,21000642,112.5045092,33.00010608,河南省,南阳市,卧龙区
951,南阳东,NAN YANG DONG,中国铁路郑州局,河南省 南阳市 宛城区,111.8105,34.2838,89355486,112.6556236,32.95167552,河南省,南阳市,宛城区
954,南阳寨,NAN YANG ZHAI,中国铁路郑州局,河南省 郑州市 惠济区,112.7789,36.1648,1260886,113.6095944,34.81461792,河南省,郑州市,惠济区
959,平顶山,PING DING SHAN,中国铁路武汉局,河南省 平顶山市 湛河区,112.461,35.0588,48040443,113.2964311,33.71923552,河南省,平顶山市,湛河区
962,平顶山西,PING DING SHAN XI,中国铁路郑州局,河南省 平顶山市 宝丰县,112.2405,35.1581,89323665,113.0792166,33.81758224,河南省,平顶山市,宝丰县
988,濮阳,PU YANG,中国铁路郑州局,河南省 濮阳市 华龙区,114.2077,37.0983,60760062,115.0171053,35.73915632,河南省,濮阳市,华龙区
991,濮阳东,PU YANG DONG,中国铁路郑州局,河南省 濮阳市 华龙区,114.3361,37.1232,96882551,115.1435921,35.76381728,河南省,濮阳市,华龙区
1064,宋城路,SONG CHENG LU,中国铁路郑州局,河南省 开封市 龙亭区,113.4568,36.1347,55560411,114.2773937,34.78480688,河南省,开封市,龙亭区
1111,三门峡南,SAN MEN XIA NAN,中国铁路郑州局,河南省 三门峡市 陕州区,110.2855,36.0975,8490895,111.1533461,34.747964,河南省,三门峡市,陕州区
1114,三门峡西,SAN MEN XIA XI,中国铁路郑州局,河南省 三门峡市 陕州区,110.2051,36.0355,9810253,111.074144,34.6865592,河南省,三门峡市,陕州区
1115,三门峡,SAN MEN XIA,中国铁路郑州局,河南省 三门峡市 湖滨区,110.3602,36.1105,9780349,111.226933,34.7608392,河南省,三门峡市,湖滨区
1125,沈丘北,SHEN QIU BEI,中国铁路郑州局,河南省 周口市 沈丘县,114.2919,34.76,89440342,115.1000507,33.423304,河南省,周口市,沈丘县
1127,商丘,SHANG QIU,中国铁路郑州局,河南省 商丘市 梁园区,114.8509,35.7913,9350504,115.6507216,34.44470352,河南省,商丘市,梁园区
1311,许昌东,XU CHANG DONG,中国铁路郑州局,河南省 许昌市 建安区,113.0554,35.3923,2970888,113.8819745,34.04953392,河南省,许昌市,建安区
1315,许昌,XU CHANG,中国铁路郑州局,河南省 许昌市 魏都区,112.9855,35.3635,1360213,113.8131161,34.0210104,河南省,许昌市,魏都区
1381,新乡东,XIN XIANG DONG,中国铁路郑州局,河南省 新乡市 延津县,113.1474,36.6681,2990030,113.9726037,35.31308624,河南省,新乡市,延津县
1384,西峡,XI XIA,中国铁路郑州局,河南省 南阳市 西峡县,110.6423,34.6068,46950296,111.5048297,33.27157472,河南省,南阳市,西峡县
1385,新乡,XIN XIANG,中国铁路郑州局,河南省 新乡市 卫滨区,113.0247,36.6603,1190113,113.851732,35.30536112,河南省,新乡市,卫滨区
1387,信阳,XIN YANG,中国铁路武汉局,河南省 信阳市 浉河区,113.2515,33.4547,1530126,114.0751527,32.13053488,河南省,信阳市,浉河区
1395,信阳东,XIN YANG DONG,中国铁路武汉局,河南省 信阳市 平桥区,113.3315,33.4696,2930594,114.1539607,32.14529184,河南省,信阳市,平桥区
1403,新郑机场,XIN ZHENG JI CHANG,中国铁路郑州局,河南省 郑州市 新郑市,113.0159,35.8748,55520311,113.8430631,34.52740192,河南省,郑州市,新郑市
1564,周口东,ZHOU KOU DONG,中国铁路郑州局,河南省 周口市 川汇区,113.9269,34.9853,89419128,114.7404892,33.64644112,河南省,周口市,川汇区
1565,周口,ZHOU KOU,中国铁路武汉局,河南省 周口市 商水县,113.8442,34.9164,47880331,114.6590214,33.57820256,河南省,周口市,商水县
1571,驻马店,ZHU MA DIAN,中国铁路武汉局,河南省 驻马店市 驿城区,113.2118,34.3115,1450320,114.0360442,32.9791096,河南省,驻马店市,驿城区
1572,中牟,ZHONG MU,中国铁路郑州局,河南省 郑州市 中牟县,113.2008,36.0577,9480678,114.0252081,34.70854608,河南省,郑州市,中牟县
1573,驻马店西,ZHU MA DIAN XI,中国铁路武汉局,河南省 驻马店市 驿城区,113.1459,34.3345,2950440,113.9711261,33.0018888,河南省,驻马店市,驿城区
1642,宝丰,BAO FENG,中国铁路郑州局,河南省 平顶山市 宝丰县,112.2001,35.1966,20910754,113.0394185,33.85571264,河南省,平顶山市,宝丰县
1711,长葛,CHANGE GE,中国铁路郑州局,河南省 许昌市 长葛市,112.9433,35.5608,1340532,113.7715448,34.21641632,河南省,许昌市,长葛市
1758,长垣,CHANG YUAN,中国铁路郑州局,河南省 新乡市 长垣市,113.8383,36.5648,44720029,114.6532093,35.21077792,河南省,新乡市,长垣市
1894,方城,FANG CHENG,中国铁路郑州局,河南省 南阳市 方城县,112.1019,34.575,89344879,112.9426817,33.24008,河南省,南阳市,方城县
1897,扶沟南,FU GOU NAN,中国铁路郑州局,河南省 周口市 扶沟县,113.561,35.3387,89397914,114.3800411,33.99644848,河南省,周口市,扶沟县
1967,关林,GUAN LIN,中国铁路郑州局,河南省 洛阳市 洛龙区,111.6589,35.983,20800042,112.5062824,34.6345632,河南省,洛阳市,洛龙区
1988,光山,GUANG SHAN,中国铁路武汉局,河南省 信阳市 光山县,114.1496,33.3014,19720856,114.959871,31.97870656,河南省,信阳市,光山县
2029,鹤壁东,HE BI DONG,中国铁路郑州局,河南省 鹤壁市 淇滨区,113.4736,37.063,3000072,114.2939434,35.7041952,河南省,鹤壁市,淇滨区
2031,鹤壁,HE BI,中国铁路郑州局,河南省 鹤壁市 淇滨区,113.4455,37.1179,1150943,114.2662621,35.75856816,河南省,鹤壁市,淇滨区
2060,获嘉,HUO JIA,中国铁路郑州局,河南省 新乡市 获嘉县,112.8119,36.6093,20600176,113.6421027,35.25485072,河南省,新乡市,获嘉县
2100,红旗渠,HONG QI QU,中国铁路郑州局,河南省 安阳市 林州市,113.0118,37.542,60690030,113.8390242,36.1785968,河南省,安阳市,林州市
2130,滑浚,HUA XUN,中国铁路郑州局,河南省 鹤壁市 浚县,113.7293,36.9739,96915909,114.5458334,35.61595056,河南省,鹤壁市,浚县
2140,淮阳南,HUAI YANG NAN,中国铁路郑州局,河南省 周口市 淮阳区,114.0845,34.8419,89429735,114.895741,33.50441776,河南省,周口市,淮阳区
2218,郏县,JIA XIAN,中国铁路郑州局,河南省 平顶山市 郏县,112.4275,35.287,89313058,113.2634303,33.9452448,河南省,平顶山市,郏县
2231,济源,JI YUAN,中国铁路郑州局,河南省 济源市,111.7197,36.4631,20720176,112.5661765,35.11005424,河南省,济源市,
2236,焦作东,JIAO ZUO DONG,中国铁路郑州局,河南省 焦作市 武陟县,112.753,36.3866,1230613,113.5840803,35.03428864,河南省,焦作市,武陟县
2344,罗山,LUO SHAN,中国铁路武汉局,河南省 信阳市 罗山县,113.728,33.4918,32000686,114.5445528,32.16727872,河南省,信阳市,罗山县
2348,鲁山,LU SHAN,中国铁路郑州局,河南省 平顶山市 鲁山县,112.0551,35.0894,20920707,112.896579,33.74954176,河南省,平顶山市,鲁山县
2376,临颍,LIN YING,中国铁路郑州局,河南省 漯河市 临颍县,113.0872,35.148,1370646,113.9133007,33.8075792,河南省,漯河市,临颍县
2399,渑池,MIAN CHI,中国铁路郑州局,河南省 三门峡市 渑池县,110.9196,36.1029,9720738,111.777998,34.75331216,河南省,三门峡市,渑池县
2405,明港,MING CHANG,中国铁路武汉局,河南省 信阳市 平桥区,113.2183,33.7935,1500406,114.0424473,32.4660824,河南省,信阳市,平桥区
2406,明港东,MING GANG DONG,中国铁路武汉局,河南省 信阳市 平桥区,113.2333,33.8156,2940290,114.0572238,32.48797024,河南省,信阳市,平桥区
2424,民权北,MIN QUAN BEI,中国铁路郑州局,河南省 商丘市 民权县,114.3664,36.0094,55800692,115.1734406,34.66070976,河南省,商丘市,民权县
2456,内黄,NEI HUANG,中国铁路郑州局,河南省 安阳市 内黄县,114.0449,37.0298,96899230,114.856731,35.67131392,河南省,安阳市,内黄县
2465,南乐,NAN LE,中国铁路济南局,河南省 濮阳市 南乐县,114.6023,37.3721,99600528,115.4058257,36.01032784,河南省,濮阳市,南乐县
2480,内乡,NEI XIANG,中国铁路郑州局,河南省 南阳市 内乡县,111.0029,34.403,46920425,111.8600568,33.0697312,河南省,南阳市,内乡县
2484,南召,NAN ZHAO,中国铁路郑州局,河南省 南阳市 南召县,111.89,34.7775,20970625,112.733939,33.440636,河南省,南阳市,南召县
2580,确山,QUE SHAN,中国铁路武汉局,河南省 驻马店市 确山县,113.2056,34.1336,1470307,114.0299366,32.80291744,河南省,驻马店市,确山县
2601,沁阳,QIN YANG,中国铁路郑州局,河南省 焦作市 沁阳市,112.1019,36.5536,20680066,112.9426817,35.19968544,河南省,焦作市,沁阳市
2625,汝阳,RU YANG,中国铁路郑州局,河南省 洛阳市 汝阳县,111.7078,35.6518,20830222,112.5544538,34.30654272,河南省,洛阳市,汝阳县
2627,汝州,RU ZHOU,中国铁路郑州局,河南省 平顶山市 汝州市,111.9777,35.514,20870355,112.8203323,34.1700656,河南省,平顶山市,汝州市
2633,商城,SHANG CHENG,中国铁路武汉局,河南省 信阳市 商城县,114.6333,33.2773,31960870,115.4363638,31.95483792,河南省,信阳市,商城县
2696,遂平,SUI PING,中国铁路武汉局,河南省 驻马店市 遂平县,113.2049,34.4791,1430633,114.029247,33.14510064,河南省,驻马店市,遂平县
2698,商丘东,SHANG QIU DONG,中国铁路郑州局,河南省 商丘市 虞城县,114.9268,35.6771,90714772,115.7254907,34.33159984,河南省,商丘市,虞城县
2700,沈丘,SHEN QIU,中国铁路武汉局,河南省 周口市 沈丘县,114.2716,34.6974,47910307,115.0800532,33.36130496,河南省,周口市,沈丘县
2701,商丘南,SHANG QIU NAN,中国铁路郑州局,河南省 商丘市 梁园区,114.8997,35.7549,19540319,115.6987945,34.40865296,河南省,商丘市,梁园区
2777,桐柏,TONG BAI,中国铁路郑州局,河南省 南阳市 桐柏县,112.5951,33.7183,46830073,113.428533,32.39160432,河南省,南阳市,桐柏县
2798,唐河,TANG HE,中国铁路郑州局,河南省 南阳市 唐河县,112.002,33.9976,46860133,112.8442702,32.66822304,河南省,南阳市,唐河县
2817,台前,TAI QIAN,中国铁路济南局,河南省 濮阳市 台前县,115.0594,37.3237,19420819,115.8561149,35.96239248,河南省,濮阳市,台前县
2835,汤阴,TANG YIN,中国铁路郑州局,河南省 安阳市 汤阴县,113.5175,37.2718,1130147,114.3371893,35.91099072,河南省,安阳市,汤阴县
2876,卫辉南,WEI HUI NAN,中国铁路郑州局,河南省 新乡市 卫辉市,113.3087,36.7444,96932588,114.1315004,35.38865376,河南省,新乡市,卫辉市
2877,卫辉,WEI HUI,中国铁路郑州局,河南省 新乡市 卫辉市,113.2303,36.7867,1170482,114.0542685,35.43054768,河南省,新乡市,卫辉市
2929,武陟,WU ZHI,中国铁路郑州局,河南省 焦作市 武陟县,112.6094,36.4407,55590440,113.4426199,35.08786928,河南省,焦作市,武陟县
2935,新安县,XIN AN XIAN,中国铁路郑州局,河南省 洛阳市 新安县,111.2939,36.0674,9680587,112.1467209,34.71815296,河南省,洛阳市,新安县
2940,许昌北,XU CHANG BEI,中国铁路郑州局,河南省 许昌市 建安区,113.098,35.4878,89376700,113.9239398,34.14411712,河南省,许昌市,建安区
2941,项城,XIANG CHENG,中国铁路武汉局,河南省 周口市 项城市,114.073,34.7496,47890274,114.8844123,33.41300384,河南省,周口市,项城市
2974,西华,XI HUA,中国铁路郑州局,河南省 周口市 西华县,113.7885,35.1348,89408521,114.6041514,33.79450592,河南省,周口市,西华县
3000,西平,XI PING,中国铁路武汉局,河南省 驻马店市 西平县,113.2082,34.7146,1410855,114.0324978,33.37833984,河南省,驻马店市,西平县
3026,修武,XIU WU,中国铁路郑州局,河南省 焦作市 修武县,112.5973,36.5966,20620482,113.4307002,35.24227264,河南省,焦作市,修武县
3027,修武西,XIU WU XI,中国铁路郑州局,河南省 焦作市 修武县,112.5829,36.5634,55600297,113.4165148,35.20939136,河南省,焦作市,修武县
3028,新县,XIN XIAN,中国铁路武汉局,河南省 信阳市 新县,114.072,32.9635,19740210,114.8834272,31.6440504,河南省,信阳市,新县
3029,息县,XI XIAN,中国铁路武汉局,河南省 信阳市 息县,114.0143,33.4985,31990014,114.8265869,32.1739144,河南省,信阳市,息县
3032,新乡南,XIN XIANG NAN,中国铁路郑州局,河南省 新乡市 原阳县,113.0243,36.3941,96949267,113.8513379,35.04171664,河南省,新乡市,原阳县
3048,夏邑县,XIA YI XIAN,中国铁路上海局,河南省 商丘市 夏邑县,115.2293,35.7573,9310432,116.0234834,34.41102992,河南省,商丘市,夏邑县
3061,永城北,YONG CHENG BEI,中国铁路上海局,河南省 商丘市 永城市,115.7276,35.5618,55820427,116.5143588,34.21740672,河南省,商丘市,永城市
3078,虞城县,YU CHENG XIAN,中国铁路上海局,河南省 商丘市 虞城县,115.0614,35.7542,9320129,115.8580851,34.40795968,河南省,商丘市,虞城县
3111,运粮河,YUN LIANG HE,中国铁路郑州局,河南省 开封市 龙亭区,113.3671,36.146,55550856,114.1890302,34.7959984,河南省,开封市,龙亭区
3114,鄢陵,YAN LING,中国铁路郑州局,河南省 许昌市 鄢陵县,113.3099,35.4068,89387307,114.1326825,34.06389472,河南省,许昌市,鄢陵县
3117,义马,YI MA,中国铁路郑州局,河南省 三门峡市 义马市,111.0487,36.0704,9710243,111.9051744,34.72112416,河南省,三门峡市,义马市
3143,偃师,YAN SHI,中国铁路郑州局,河南省 洛阳市 偃师区,111.944,36.0786,9610720,112.7871344,34.72924544,河南省,洛阳市,偃师区
3144,月山,YUE SHAN,中国铁路郑州局,河南省 焦作市 博爱县,112.2049,36.5636,20670306,113.044147,35.20958944,河南省,焦作市,博爱县
3183,禹州,YU ZHOU,中国铁路郑州局,河南省 许昌市 禹州市,112.7332,35.4686,89302451,113.5645753,34.12510144,河南省,许昌市,禹州市
3226,镇平,ZHEN PING,中国铁路郑州局,河南省 南阳市 镇平县,111.3663,34.3882,46900166,112.2180421,33.05507328,河南省,南阳市,镇平县
20,滨江,BIN JIANG,中国铁路哈尔滨局,黑龙江省 哈尔滨市 道外区,126.0145,47.2296,49100387,126.647984,45.77319584,黑龙江省,哈尔滨市,道外区
56,哈尔滨北,HA ER BIN BEI,中国铁路哈尔滨局,黑龙江省 哈尔滨市 松北区,125.8913,47.3047,55000098,126.5266196,45.84757488,黑龙江省,哈尔滨市,松北区
57,哈尔滨,HA ER BIN,中国铁路哈尔滨局,黑龙江省 哈尔滨市 南岗区,125.9875,47.2136,12220826,126.6213863,45.75734944,黑龙江省,哈尔滨市,南岗区
58,哈尔滨东,HA ER BIN DONG,中国铁路哈尔滨局,黑龙江省 哈尔滨市 道外区,126.0706,47.2411,48680450,126.7032481,45.78458544,黑龙江省,哈尔滨市,道外区
59,哈尔滨西,HA ER BIN XI,中国铁路哈尔滨局,黑龙江省 哈尔滨市 南岗区,125.9345,47.1601,12230290,126.569176,45.70436304,黑龙江省,哈尔滨市,南岗区
128,王兆屯,WANG ZHAO TUN,中国铁路哈尔滨局,黑龙江省 哈尔滨市 香坊区,126.0079,47.1839,24970102,126.6414823,45.72793456,黑龙江省,哈尔滨市,香坊区
151,昂昂溪,ANG ANG XI,中国铁路哈尔滨局,黑龙江省 齐齐哈尔市 昂昂溪区,123.1281,48.629,12670887,123.8045913,47.1591616,黑龙江省,齐齐哈尔市,昂昂溪区
152,阿城北,A CHENG BEI,中国铁路哈尔滨局,黑龙江省 哈尔滨市 阿城区,126.3863,47.0413,90917354,127.0142441,45.58670352,黑龙江省,哈尔滨市,阿城区
153,阿城,A CHENG,中国铁路哈尔滨局,黑龙江省 哈尔滨市 阿城区,126.3594,47.0025,25010111,126.9877449,45.548276,黑龙江省,哈尔滨市,阿城区
155,安达,AN DA,中国铁路哈尔滨局,黑龙江省 绥化市 安达市,124.6583,47.8623,12760867,125.3119913,46.39982192,黑龙江省,绥化市,安达市
161,安家,AN JIA,中国铁路哈尔滨局,黑龙江省 哈尔滨市 五常市,126.4295,46.4997,49190895,127.0568005,45.05030288,黑龙江省,哈尔滨市,五常市
182,北安,BEI AN,中国铁路哈尔滨局,黑龙江省 黑河市 北安市,125.8667,49.7129,36010515,126.5023862,48.23265616,黑龙江省,黑河市,北安市
209,白奎堡,BAI KUI BAO,中国铁路哈尔滨局,黑龙江省 哈尔滨市 呼兰区,126.3666,47.8314,48760295,126.9948377,46.36921856,黑龙江省,哈尔滨市,呼兰区
213,勃利,BO LI,中国铁路哈尔滨局,黑龙江省 七台河市 勃利县,129.9725,47.2097,54190007,130.5470098,45.75348688,黑龙江省,七台河市,勃利县
215,八面通,BA MIAN TONG,中国铁路哈尔滨局,黑龙江省 牡丹江市 穆棱市,129.9557,46.3719,58560539,130.5304601,44.92372976,黑龙江省,牡丹江市,穆棱市
217,宝清,BAO QING,中国铁路哈尔滨局,黑龙江省 双鸭山市 宝清县,131.64,47.8133,61990671,132.189664,46.35129232,黑龙江省,双鸭山市,宝清县
218,宝泉岭,BAO QUAN LING,中国铁路哈尔滨局,黑龙江省 鹤岗市 萝北县,129.934,48.8997,54350267,130.5090834,47.42726288,黑龙江省,鹤岗市,萝北县
224,宾西北,BIN XI BEI,中国铁路哈尔滨局,黑龙江省 哈尔滨市 宾县,126.5139,47.2453,90167044,127.1399429,45.78874512,黑龙江省,哈尔滨市,宾县
233,背荫河,BEI YIN HE,中国铁路哈尔滨局,黑龙江省 哈尔滨市 五常市,126.3603,46.6174,49180278,126.9886315,45.16687296,黑龙江省,哈尔滨市,五常市
244,宾州,BIN ZHOU,中国铁路哈尔滨局,黑龙江省 哈尔滨市 宾县,126.8282,47.2288,90169175,127.4495598,45.77240352,黑龙江省,哈尔滨市,宾县
261,成高子,CHENG GAO ZI,中国铁路哈尔滨局,黑龙江省 哈尔滨市 香坊区,126.1959,47.1527,25000730,126.8266811,45.69703408,黑龙江省,哈尔滨市,香坊区
264,柴河,CHAI HE,中国铁路哈尔滨局,黑龙江省 牡丹江市 海林市,129.088,46.2111,54040214,129.6756888,44.76447344,黑龙江省,牡丹江市,海林市
277,晨明,CHEN MING,中国铁路哈尔滨局,黑龙江省 伊春市 南岔县,128.8857,48.441,53650400,129.4764031,46.9729664,黑龙江省,伊春市,南岔县
293,长汀镇,CHANG TING ZHEN,中国铁路哈尔滨局,黑龙江省 牡丹江市 海林市,128.3279,45.9068,61620689,128.9269143,44.46309472,黑龙江省,牡丹江市,海林市
332,东方红,DONG FANG HONG,中国铁路哈尔滨局,黑龙江省 鸡西市 虎林市,132.5348,47.6574,58540484,133.0711315,46.19688896,黑龙江省,鸡西市,虎林市
347,东京城,DONG JING CHENG,中国铁路哈尔滨局,黑龙江省 牡丹江市 宁安市,128.6197,45.5546,57210319,129.2143665,44.11427584,黑龙江省,牡丹江市,宁安市
357,达连河,DA LIAN HE,中国铁路哈尔滨局,黑龙江省 哈尔滨市 依兰县,128.8618,47.6055,90177161,129.4528592,46.1454872,黑龙江省,哈尔滨市,依兰县
362,得莫利,DE MO LI,中国铁路哈尔滨局,黑龙江省 哈尔滨市 方正县,128.4239,47.3322,90175770,129.0214839,45.87481088,黑龙江省,哈尔滨市,方正县
367,大庆东,DA QING DONG,中国铁路哈尔滨局,黑龙江省 大庆市 龙凤区,124.4557,47.9938,55010886,125.1124101,46.53005952,黑龙江省,大庆市,龙凤区
368,大庆,DA QING,中国铁路哈尔滨局,黑龙江省 大庆市 萨尔图区,124.3435,48.0601,12740552,125.0018819,46.59572304,黑龙江省,大庆市,萨尔图区
369,对青山,DUI QING SHAN,中国铁路哈尔滨局,黑龙江省 哈尔滨市 松北区,125.6967,47.3859,12830750,126.3349192,45.92799536,黑龙江省,哈尔滨市,松北区
370,大庆西,DA QING XI,中国铁路哈尔滨局,黑龙江省 大庆市 让胡路区,124.2164,48.12,24120637,124.8766756,46.655048,黑龙江省,大庆市,让胡路区
386,大兴,DA XING,中国铁路哈尔滨局,黑龙江省 齐齐哈尔市 泰来县,123.0636,48.3414,30780496,123.7410524,46.87432256,黑龙江省,齐齐哈尔市,泰来县
425,富锦,FU JIN,中国铁路哈尔滨局,黑龙江省 佳木斯市 富锦市,131.4818,48.7046,53890256,132.0338212,47.23403584,黑龙江省,佳木斯市,富锦市
431,富拉尔基,FU LA ER JI,中国铁路哈尔滨局,黑龙江省 齐齐哈尔市 富拉尔基区,122.9617,48.6778,12660379,123.6406707,47.20749312,黑龙江省,齐齐哈尔市,富拉尔基区
454,抚远,FU YUAN,中国铁路哈尔滨局,黑龙江省 佳木斯市 抚远市,133.8712,49.8243,54000247,134.3876191,48.34298672,黑龙江省,佳木斯市,抚远市
455,富裕,FU YU,中国铁路哈尔滨局,黑龙江省 齐齐哈尔市 富裕县,123.7836,49.2704,35950927,124.4503244,47.79440416,黑龙江省,齐齐哈尔市,富裕县
460,方正,FANG ZHENG,中国铁路哈尔滨局,黑龙江省 哈尔滨市 方正县,128.199,47.3223,90174372,128.7999349,45.86500592,黑龙江省,哈尔滨市,方正县
478,高楞,GAO LENG,中国铁路哈尔滨局,黑龙江省 哈尔滨市 方正县,128.6759,47.4492,90176817,129.2697291,45.99068768,黑龙江省,哈尔滨市,方正县
480,古莲,GU LIAN,中国铁路哈尔滨局,黑龙江省 大兴安岭地区 漠河市,121.6445,54.4743,36620251,122.343097,52.94834672,黑龙江省,大兴安岭地区,漠河市
514,鹤北,HE BEI,中国铁路哈尔滨局,黑龙江省 鹤岗市 萝北县,129.8815,49.0118,54360291,130.4573657,47.53828672,黑龙江省,鹤岗市,萝北县
534,横道河子,HENG DAO HE ZI,中国铁路哈尔滨局,黑龙江省 牡丹江市 海林市,128.4647,46.2582,25180334,129.061676,44.81112128,黑龙江省,牡丹江市,海林市
536,鹤岗,HE GANG,中国铁路哈尔滨局,黑龙江省 鹤岗市 工农区,129.6935,48.8089,54340780,130.2721669,47.33733456,黑龙江省,鹤岗市,工农区
542,黑河,HEI HE,中国铁路哈尔滨局,黑龙江省 黑河市 爱辉区,126.8671,51.732,49070216,127.4878802,50.2323728,黑龙江省,黑河市,爱辉区
553,宏克力,HONG KE LI,中国铁路哈尔滨局,黑龙江省 哈尔滨市 依兰县,129.262,47.9783,90179005,129.8470962,46.51470832,黑龙江省,哈尔滨市,依兰县
556,呼兰,HU LAN,中国铁路哈尔滨局,黑龙江省 哈尔滨市 呼兰区,126.0043,47.4549,48720720,126.6379359,45.99633296,黑龙江省,哈尔滨市,呼兰区
562,海林,HAI LIN,中国铁路哈尔滨局,黑龙江省 牡丹江市 海林市,128.7839,46.008,25220748,129.3761199,44.5633232,黑龙江省,牡丹江市,海林市
563,虎林,HU LIU,中国铁路哈尔滨局,黑龙江省 鸡西市 虎林市,132.4274,47.2182,58520234,132.9653317,45.76190528,黑龙江省,鸡西市,虎林市
566,海伦,HAI LUN,中国铁路哈尔滨局,黑龙江省 绥化市 海伦市,126.3565,48.9374,48860848,126.9848882,47.46460096,黑龙江省,绥化市,海伦市
574,桦南,HUA NAN,中国铁路哈尔滨局,黑龙江省 佳木斯市 桦南县,129.9981,47.7027,54240019,130.5722283,46.24175408,黑龙江省,佳木斯市,桦南县
635,鸡东,JI DONG,中国铁路哈尔滨局,黑龙江省 鸡西市 鸡东县,130.5736,46.7007,58390010,131.1391534,45.24937328,黑龙江省,鸡西市,鸡东县
638,加格达奇,JIA GE DA QI,中国铁路哈尔滨局,黑龙江省 大兴安岭地区 加格达奇区,123.4427,51.9207,36340010,124.1145038,50.41926128,黑龙江省,大兴安岭地区,加格达奇区
657,佳木斯,JIA MU SI,中国铁路哈尔滨局,黑龙江省 佳木斯市 前进区,129.7933,48.2675,53740248,130.3704798,46.801132,黑龙江省,佳木斯市,前进区
673,建三江,JIAN SAN JIANG,中国铁路哈尔滨局,黑龙江省 佳木斯市 富锦市,132.0811,48.7146,53920438,132.6241916,47.24393984,黑龙江省,佳木斯市,富锦市
683,鸡西,JI XI,中国铁路哈尔滨局,黑龙江省 鸡西市 鸡冠区,130.3973,46.7529,58380288,130.9654802,45.30107216,黑龙江省,鸡西市,鸡冠区
689,鸡西西,JI XI XI,中国铁路哈尔滨局,黑龙江省 鸡西市 恒山区,130.2393,46.7597,94197232,130.8098344,45.30780688,黑龙江省,鸡西市,恒山区
718,康金井,TANG JIN JING,中国铁路哈尔滨局,黑龙江省 哈尔滨市 呼兰区,126.1772,47.6545,48740618,126.8082597,46.1940168,黑龙江省,哈尔滨市,呼兰区
727,克山,KE SHAN,中国铁路哈尔滨局,黑龙江省 齐齐哈尔市 克山县,125.1948,49.4915,35990523,125.8404975,48.0133816,黑龙江省,齐齐哈尔市,克山县
758,鹿道,LU DAO,中国铁路沈阳局,黑龙江省 牡丹江市 宁安市,128.6842,45.3097,57180030,129.2779054,43.87172688,黑龙江省,牡丹江市,宁安市
768,拉古,LA GU,中国铁路哈尔滨局,黑龙江省 牡丹江市 西安区,128.8955,46.007,25230709,129.4860571,44.5623328,黑龙江省,牡丹江市,西安区
791,林口,LIN KOU,中国铁路哈尔滨局,黑龙江省 牡丹江市 林口县,129.6782,46.7414,54100456,130.2570948,45.28968256,黑龙江省,牡丹江市,林口县
795,兰棱,LAN LENG,中国铁路哈尔滨局,黑龙江省 哈尔滨市 双城区,125.5392,46.6689,24930464,126.1797659,45.21787856,黑龙江省,哈尔滨市,双城区
796,拉林,LA LIN,中国铁路哈尔滨局,黑龙江省 哈尔滨市 五常市,126.2572,46.6783,49170530,126.8870677,45.22718832,黑龙江省,哈尔滨市,五常市
857,龙镇,LONG ZHEN,中国铁路哈尔滨局,黑龙江省 黑河市 五大连池市,126.0734,50.1692,48950498,126.7060063,48.68457568,黑龙江省,黑河市,五大连池市
858,立志,LI ZHI,中国铁路沈阳局,黑龙江省 大庆市 大同区,123.8961,47.4508,24020601,124.5611481,45.99227232,黑龙江省,大庆市,大同区
866,牡丹江,MU DAN JIANG,中国铁路哈尔滨局,黑龙江省 牡丹江市 西安区,129.0123,46.0329,25240031,129.6011167,44.58798416,黑龙江省,牡丹江市,西安区
868,帽儿山,MAO ER SHAN,中国铁路哈尔滨局,黑龙江省 哈尔滨市 尚志市,126.8909,46.7256,25060875,127.5113256,45.27403424,黑龙江省,哈尔滨市,尚志市
869,帽儿山西,MAO ER SHAN XI,中国铁路哈尔滨局,黑龙江省 哈尔滨市 尚志市,126.8466,46.728,90927017,127.4676857,45.2764112,黑龙江省,哈尔滨市,尚志市
874,漠河,MO HE,中国铁路哈尔滨局,黑龙江省 大兴安岭地区 漠河市,121.8011,54.5154,36610090,122.4973636,52.98905216,黑龙江省,大兴安岭地区,漠河市
877,孟家岗,MENG JIA GANG,中国铁路哈尔滨局,黑龙江省 佳木斯市 桦南县,130.0747,47.8834,54260493,130.647687,46.42071936,黑龙江省,佳木斯市,桦南县
882,穆棱,MU LING,中国铁路哈尔滨局,黑龙江省 牡丹江市 穆棱市,129.7831,46.0591,25280698,130.3604318,44.61393264,黑龙江省,牡丹江市,穆棱市
891,密山,MI SHAN,中国铁路哈尔滨局,黑龙江省 鸡西市 密山市,131.3075,47.0025,58450663,131.8621183,45.548276,黑龙江省,鸡西市,密山市
910,宁安,NING AN,中国铁路哈尔滨局,黑龙江省 牡丹江市 宁安市,128.8593,45.7989,57240212,129.4503964,44.35623056,黑龙江省,牡丹江市,宁安市
919,南岔,NAN CHA,中国铁路哈尔滨局,黑龙江省 伊春市 南岔县,128.6743,48.5999,53630483,129.2681529,47.13034096,黑龙江省,伊春市,南岔县
929,讷河,NE HE,中国铁路哈尔滨局,黑龙江省 齐齐哈尔市 讷河市,124.1771,49.9625,36100426,124.8379612,48.47986,黑龙江省,齐齐哈尔市,讷河市
933,嫩江,NEN JIANG,中国铁路哈尔滨局,黑龙江省 黑河市 嫩江市,124.5838,50.6655,36190763,125.2386014,49.1761112,黑龙江省,黑河市,嫩江市
935,牛家,NIU JIA,中国铁路哈尔滨局,黑龙江省 哈尔滨市 五常市,126.0951,46.7998,49160207,126.727383,45.34752192,黑龙江省,哈尔滨市,五常市
955,碾子山,NIAN ZI SHAN,中国铁路哈尔滨局,黑龙江省 齐齐哈尔市 碾子山区,122.1842,48.9864,12610688,122.8747554,47.51313056,黑龙江省,齐齐哈尔市,碾子山区
964,平房,PING FANG,中国铁路哈尔滨局,黑龙江省 哈尔滨市 平房区,126.0358,47.041,49140303,126.6689666,45.5864064,黑龙江省,哈尔滨市,平房区
979,平山,PING SHAN,中国铁路哈尔滨局,黑龙江省 哈尔滨市 阿城区,126.7734,46.7702,25050327,127.3955763,45.31820608,黑龙江省,哈尔滨市,阿城区
1000,庆安,QING AN,中国铁路哈尔滨局,黑龙江省 绥化市 庆安县,126.8719,48.3527,53490035,127.4926087,46.88551408,黑龙江省,绥化市,庆安县
1012,前锋,QIAN FENG,中国铁路哈尔滨局,黑龙江省 佳木斯市 抚远市,133.3493,49.0893,53960295,133.8734954,47.61504272,黑龙江省,佳木斯市,抚远市
1023,前进镇,QIAN JIN ZHEN,中国铁路哈尔滨局,黑龙江省 佳木斯市 同江市,132.5756,49.0142,53940464,133.1113236,47.54066368,黑龙江省,佳木斯市,同江市
1026,齐齐哈尔,QI QI HA ER,中国铁路哈尔滨局,黑龙江省 齐齐哈尔市 铁锋区,123.3124,48.8088,30830788,123.9861452,47.33723552,黑龙江省,齐齐哈尔市,铁锋区
1027,齐齐哈尔南,QI QI HA ER NAN,中国铁路哈尔滨局,黑龙江省 齐齐哈尔市 龙沙区,123.288,48.7532,55020633,123.9621088,47.28216928,黑龙江省,齐齐哈尔市,龙沙区
1031,七台河,QI TAI HE,中国铁路哈尔滨局,黑龙江省 七台河市 新兴区,130.321,47.2659,59570720,130.8903171,45.80914736,黑龙江省,七台河市,新兴区
1033,七台河西,QI TAI HE XI,中国铁路哈尔滨局,黑龙江省 七台河市 勃利县,130.1972,47.1974,94213911,130.7683617,45.74130496,黑龙江省,七台河市,勃利县
1060,双城北,SHUANG CHENG BEI,中国铁路哈尔滨局,黑龙江省 哈尔滨市 双城区,125.6222,46.8765,12210083,126.2615292,45.4234856,黑龙江省,哈尔滨市,双城区
1065,双城堡,SHUANG CHENG PU,中国铁路哈尔滨局,黑龙江省 哈尔滨市 双城区,125.6443,46.8458,24940481,126.2832999,45.39308032,黑龙江省,哈尔滨市,双城区
1069,双丰,SHUANG FENG,中国铁路哈尔滨局,黑龙江省 伊春市 铁力市,127.1335,48.4398,53510868,127.7503109,46.97177792,黑龙江省,伊春市,铁力市
1070,绥芬河,SUI FEN HE,中国铁路哈尔滨局,黑龙江省 牡丹江市 绥芬河市,130.5583,45.8455,25310493,131.1240813,44.4023832,黑龙江省,牡丹江市,绥芬河市
1078,山河屯,SHAN HE TUN,中国铁路沈阳局,黑龙江省 哈尔滨市 五常市,126.5768,46.1392,49220390,127.2019057,44.69326368,黑龙江省,哈尔滨市,五常市
1079,绥化,SUI HUA,中国铁路哈尔滨局,黑龙江省 绥化市 北林区,126.3783,48.1074,48790454,127.0063633,46.64256896,黑龙江省,绥化市,北林区
1083,三间房,SAN JIAN FANG,中国铁路哈尔滨局,黑龙江省 齐齐哈尔市 昂昂溪区,123.1563,48.5638,30800016,123.8323711,47.09458752,黑龙江省,齐齐哈尔市,昂昂溪区
1086,孙家,SUN JIA,中国铁路哈尔滨局,黑龙江省 哈尔滨市 香坊区,126.0415,47.1484,49120479,126.6745817,45.69277536,黑龙江省,哈尔滨市,香坊区
1087,沈家,SHEN JIA,中国铁路哈尔滨局,黑龙江省 哈尔滨市 呼兰区,126.1292,47.5545,48730526,126.7609749,46.0949768,黑龙江省,哈尔滨市,呼兰区
1096,双龙湖,SHUANG LONG HU,中国铁路哈尔滨局,黑龙江省 哈尔滨市 方正县,127.882,47.2841,90173471,128.4876582,45.82717264,黑龙江省,哈尔滨市,方正县
1097,绥棱,SUI LING,中国铁路哈尔滨局,黑龙江省 绥化市 绥棱县,126.4443,48.7167,48840117,127.0713799,47.24601968,黑龙江省,绥化市,绥棱县
1104,胜利镇,SHENG LI ZHEN,中国铁路哈尔滨局,黑龙江省 哈尔滨市 宾县,127.3705,47.2421,90171593,127.9837796,45.78557584,黑龙江省,哈尔滨市,宾县
1119,宋,SONG,中国铁路哈尔滨局,黑龙江省 绥化市 肇东市,124.9827,47.6803,12780589,125.6315578,46.21956912,黑龙江省,绥化市,肇东市
1131,石人城,SHI REN CHENG,中国铁路哈尔滨局,黑龙江省 哈尔滨市 呼兰区,126.2574,47.7589,48750746,126.8872647,46.29741456,黑龙江省,哈尔滨市,呼兰区
1136,神树,SHEN SHU,中国铁路哈尔滨局,黑龙江省 伊春市 铁力市,127.8097,48.4084,53560006,128.4164355,46.94067936,黑龙江省,伊春市,铁力市
1158,双鸭山,SHUANG YA SHAN,中国铁路哈尔滨局,黑龙江省 双鸭山市 尖山区,130.5721,48.1069,53820675,131.1376757,46.64207376,黑龙江省,双鸭山市,尖山区
1160,双鸭山西,SHUANG YA SHAN XI,中国铁路哈尔滨局,黑龙江省 双鸭山市 集贤县,130.51,48.174,94247269,131.076501,46.7085296,黑龙江省,双鸭山市,集贤县
1174,尚志,SHANG ZHI,中国铁路哈尔滨局,黑龙江省 哈尔滨市 尚志市,127.3391,46.6563,25080323,127.9528474,45.20539952,黑龙江省,哈尔滨市,尚志市
1177,尚志南,SHANG ZHI NAN,中国铁路哈尔滨局,黑龙江省 哈尔滨市 尚志市,127.3294,46.6433,90936680,127.9432919,45.19252432,黑龙江省,哈尔滨市,尚志市
1182,通北,TONG BEI,中国铁路哈尔滨局,黑龙江省 黑河市 北安市,126.1187,49.2429,48890371,126.7506314,47.76716816,黑龙江省,黑河市,北安市
1185,汤池,TANG CHI,中国铁路哈尔滨局,黑龙江省 齐齐哈尔市 泰来县,123.0877,48.4529,30790656,123.7647933,46.98475216,黑龙江省,齐齐哈尔市,泰来县
1194,塔哈,TA HA,中国铁路哈尔滨局,黑龙江省 齐齐哈尔市 富裕县,123.5515,49.0231,35910169,124.2216827,47.54947824,黑龙江省,齐齐哈尔市,富裕县
1197,塔河,TA HE,中国铁路哈尔滨局,黑龙江省 大兴安岭地区 塔河县,124.0233,53.8537,36500389,124.6864528,52.33370448,黑龙江省,大兴安岭地区,塔河县
1203,同江,TONG JIANG,中国铁路哈尔滨局,黑龙江省 佳木斯市 同江市,131.9496,49.1002,60580421,132.494651,47.62583808,黑龙江省,佳木斯市,同江市
1206,泰来,TAI LAI,中国铁路哈尔滨局,黑龙江省 齐齐哈尔市 泰来县,122.7185,47.852,30750513,123.4010944,46.3896208,黑龙江省,齐齐哈尔市,泰来县
1212,铁力,TIE LI,中国铁路哈尔滨局,黑龙江省 伊春市 铁力市,127.4304,48.4393,53530294,128.042787,46.97128272,黑龙江省,伊春市,铁力市
1231,汤旺河,TANG WANG HE,中国铁路哈尔滨局,黑龙江省 伊春市 汤旺县,128.9794,49.9361,58950231,129.5687069,48.45371344,黑龙江省,伊春市,汤旺县
1235,太阳升,YAI YANG SHENG,中国铁路沈阳局,黑龙江省 大庆市 大同区,123.9122,47.3953,24010054,124.5770082,45.93730512,黑龙江省,大庆市,大同区
1248,五常,WU CHANG,中国铁路哈尔滨局,黑龙江省 哈尔滨市 五常市,126.5068,46.3667,49200195,127.1329487,44.91857968,黑龙江省,哈尔滨市,五常市
1252,万发屯,WAN FA TUN,中国铁路哈尔滨局,黑龙江省 哈尔滨市 巴彦县,126.4853,47.9968,48780371,127.111769,46.53303072,黑龙江省,哈尔滨市,巴彦县
1254,王岗,WANG GANG,中国铁路哈尔滨局,黑龙江省 哈尔滨市 南岗区,125.9012,47.1239,24960879,126.5363721,45.66851056,黑龙江省,哈尔滨市,南岗区
1258,苇河,WEI HE,中国铁路哈尔滨局,黑龙江省 哈尔滨市 尚志市,127.7606,46.4002,25110416,128.3680671,44.95175808,黑龙江省,哈尔滨市,尚志市
1261,苇河西,WEI HE XI,中国铁路哈尔滨局,黑龙江省 哈尔滨市 尚志市,127.7465,46.3789,90956506,128.3541772,44.93066256,黑龙江省,哈尔滨市,尚志市
1263,五家,WU JIA,中国铁路哈尔滨局,黑龙江省 哈尔滨市 双城区,125.7465,46.9956,24950888,126.3839772,45.54144224,黑龙江省,哈尔滨市,双城区
1266,万乐,WAN LE,中国铁路哈尔滨局,黑龙江省 哈尔滨市 松北区,125.8174,47.3399,12840686,126.4538207,45.88243696,黑龙江省,哈尔滨市,松北区
1295,五营,WU YING,中国铁路哈尔滨局,黑龙江省 伊春市 丰林县,128.6305,49.5883,58910833,129.2250056,48.10925232,黑龙江省,伊春市,丰林县
1296,乌伊岭,WU YI LING,中国铁路哈尔滨局,黑龙江省 伊春市 汤旺县,128.8283,50.0734,58960071,129.4198583,48.58969536,黑龙江省,伊春市,汤旺县
1318,香坊,XIANG FANG,中国铁路哈尔滨局,黑龙江省 哈尔滨市 香坊区,126.037,47.1744,24980679,126.6701487,45.71852576,黑龙江省,哈尔滨市,香坊区
1341,徐家,XU JIA,中国铁路哈尔滨局,黑龙江省 哈尔滨市 呼兰区,126.0013,47.3651,48710794,126.6349806,45.90739504,黑龙江省,哈尔滨市,呼兰区
1350,小岭,XIAO LING,中国铁路哈尔滨局,黑龙江省 哈尔滨市 阿城区,126.6856,46.7832,25040154,127.3090846,45.33108128,黑龙江省,哈尔滨市,阿城区
1354,兴隆镇,XING LONG ZHEN,中国铁路哈尔滨局,黑龙江省 哈尔滨市 巴彦县,126.4843,47.904,48770851,127.1107839,46.4411216,黑龙江省,哈尔滨市,巴彦县
1370,新松浦,XIN SONG PU,中国铁路哈尔滨局,黑龙江省 哈尔滨市 松北区,126.0233,47.2957,48690032,126.6566528,45.83866128,黑龙江省,哈尔滨市,松北区
1380,新香坊北,XIN XIANG FANG BEI,中国铁路哈尔滨局,黑龙江省 哈尔滨市 香坊区,126.2674,47.1926,90907691,126.8971157,45.73655104,黑龙江省,哈尔滨市,香坊区
1406,新肇,XIN ZHAO,中国铁路沈阳局,黑龙江省 大庆市 肇源县,123.7363,47.1631,23990422,124.4037291,45.70733424,黑龙江省,大庆市,肇源县
1414,依安,YI AN,中国铁路哈尔滨局,黑龙江省 齐齐哈尔市 依安县,124.6223,49.3485,35970975,125.2765277,47.8717544,黑龙江省,齐齐哈尔市,依安县
1416,亚布力,YA BU LI,中国铁路哈尔滨局,黑龙江省 哈尔滨市 尚志市,128.0017,46.3739,25120540,128.6055747,44.92571056,黑龙江省,哈尔滨市,尚志市
1417,亚布力南,YA BU LI NAN,中国铁路哈尔滨局,黑龙江省 哈尔滨市 尚志市,127.8724,46.2366,60640541,128.4782012,44.78972864,黑龙江省,哈尔滨市,尚志市
1420,亚布力西,YA BU LI XI,中国铁路哈尔滨局,黑龙江省 哈尔滨市 尚志市,127.9727,46.3554,90965669,128.5770068,44.90738816,黑龙江省,哈尔滨市,尚志市
1432,伊春,YI CHUN,中国铁路哈尔滨局,黑龙江省 伊春市 伊美区,128.3168,49.2023,58870808,128.9159797,47.72695792,黑龙江省,伊春市,伊美区
1454,依兰,YI LAN,中国铁路哈尔滨局,黑龙江省 哈尔滨市 依兰县,129.0068,47.7378,90178554,129.5956987,46.27651712,黑龙江省,哈尔滨市,依兰县
1468,一面坡北,YI MIAN PO BEI,中国铁路哈尔滨局,黑龙江省 哈尔滨市 尚志市,127.4651,46.5323,90946343,128.07697,45.08258992,黑龙江省,哈尔滨市,尚志市
1471,一面坡,YI MIAO PO,中国铁路哈尔滨局,黑龙江省 哈尔滨市 尚志市,127.458,46.508,25090722,128.0699758,45.0585232,黑龙江省,哈尔滨市,尚志市
1494,玉泉,YU QUAN,中国铁路哈尔滨局,黑龙江省 哈尔滨市 阿城区,126.5265,46.8666,25030296,127.1523552,45.41368064,黑龙江省,哈尔滨市,阿城区
1503,榆树屯,YU SHU TUN,中国铁路哈尔滨局,黑龙江省 齐齐哈尔市 昂昂溪区,123.2098,48.6227,30810617,123.885074,47.15292208,黑龙江省,齐齐哈尔市,昂昂溪区
1557,周家,ZHOU JIA,中国铁路哈尔滨局,黑龙江省 哈尔滨市 双城区,126.0309,46.9123,49150776,126.6641396,45.45894192,黑龙江省,哈尔滨市,双城区
1626,阿木尔,A MU ER,中国铁路哈尔滨局,黑龙江省 大兴安岭地区 漠河市,122.4654,54.3873,36580385,123.1517655,52.86218192,黑龙江省,大兴安岭地区,漠河市
1652,笔架山,BI JIA ZHAN,中国铁路哈尔滨局,黑龙江省 双鸭山市 集贤县,130.4228,48.2511,53800892,130.9906003,46.78488944,黑龙江省,双鸭山市,集贤县
1662,宝林,BAO LIN,中国铁路哈尔滨局,黑龙江省 牡丹江市 林口县,129.3822,46.4744,54070368,129.9655052,45.02524576,黑龙江省,牡丹江市,林口县
1735,辰清,CHEN QING,中国铁路哈尔滨局,黑龙江省 黑河市 孙吴县,126.6018,50.6302,48980305,127.2265332,49.14115008,黑龙江省,黑河市,孙吴县
1744,楚山,CHU SHAN,中国铁路哈尔滨局,黑龙江省 牡丹江市 林口县,129.4338,46.5658,54080348,130.0163364,45.11576832,黑龙江省,牡丹江市,林口县
1754,创业村,CHUANG YE CUN,中国铁路哈尔滨局,黑龙江省 大庆市 红岗区,124.1294,47.8655,24080036,124.7909719,46.4029912,黑龙江省,大庆市,红岗区
1775,东边井,DONG BIAN JING,中国铁路哈尔滨局,黑龙江省 绥化市 海伦市,126.4753,48.8801,48850748,127.101918,47.40785104,黑龙江省,绥化市,海伦市
1783,滴道,DI DAO,中国铁路哈尔滨局,黑龙江省 鸡西市 滴道区,130.2505,46.7951,58360559,130.8208676,45.34286704,黑龙江省,鸡西市,滴道区
1789,东二道河,DONG ER DAO HE,中国铁路哈尔滨局,黑龙江省 佳木斯市 抚远市,133.588,49.1583,53970279,134.1086388,47.68338032,黑龙江省,佳木斯市,抚远市
1790,杜尔伯特,DU ER BO TE,中国铁路哈尔滨局,黑龙江省 大庆市 杜尔伯特蒙古族自治县,123.7703,48.3353,12710248,124.4372225,46.86828112,黑龙江省,大庆市,杜尔伯特蒙古族自治县
1798,东海,DONG HAI,中国铁路哈尔滨局,黑龙江省 鸡西市 鸡东县,130.7381,46.739,58400573,131.3012023,45.2873056,黑龙江省,鸡西市,鸡东县
1806,东津,DONG JIN,中国铁路哈尔滨局,黑龙江省 绥化市 北林区,126.5799,48.2028,53460139,127.2049595,46.73705312,黑龙江省,绥化市,北林区
1812,带岭,DAI LING,中国铁路哈尔滨局,黑龙江省 伊春市 大箐山县,128.4114,48.4888,53610530,129.0091701,47.02030752,黑龙江省,伊春市,大箐山县
1814,独立屯,YIN LANG,中国铁路哈尔滨局,黑龙江省 大庆市 让胡路区,124.1788,48.0351,24100107,124.8396359,46.57096304,黑龙江省,大庆市,让胡路区
1880,二道湾,ER DAO WAN,中国铁路哈尔滨局,黑龙江省 齐齐哈尔市 富裕县,123.8721,49.4366,36030186,124.5375057,47.95900864,黑龙江省,齐齐哈尔市,富裕县
1882,二龙山屯,ER LONG SHAN TUN,中国铁路哈尔滨局,黑龙江省 黑河市 五大连池市,125.9981,49.9709,48930267,126.6318283,48.48817936,黑龙江省,黑河市,五大连池市
1898,富海,FU HAI,中国铁路哈尔滨局,黑龙江省 齐齐哈尔市 富裕县,124.1942,49.3413,35960674,124.8548064,47.86462352,黑龙江省,齐齐哈尔市,富裕县
1903,福利屯,FU LI TUN,中国铁路哈尔滨局,黑龙江省 双鸭山市 集贤县,130.5541,48.1845,53810230,131.1199439,46.7189288,黑龙江省,双鸭山市,集贤县
1904,丰乐镇,FENG LE ZHEN,中国铁路哈尔滨局,黑龙江省 双鸭山市 集贤县,130.2918,48.2763,53790716,130.8615522,46.80984752,黑龙江省,双鸭山市,集贤县
1924,冯屯,FENG TUN,中国铁路哈尔滨局,黑龙江省 齐齐哈尔市 富裕县,123.448,48.9348,35900745,124.1197248,47.46202592,黑龙江省,齐齐哈尔市,富裕县
1946,古城镇,GU CHENG ZHEN,中国铁路哈尔滨局,黑龙江省 牡丹江市 林口县,129.7037,46.8033,54110057,130.2822149,45.35098832,黑龙江省,牡丹江市,林口县
2030,海北,HAI BEI,中国铁路哈尔滨局,黑龙江省 绥化市 海伦市,126.2376,49.1427,48880390,126.8677598,47.66793008,黑龙江省,绥化市,海伦市
2033,寒葱沟,HAN CONG GOU,中国铁路哈尔滨局,黑龙江省 佳木斯市 抚远市,133.6249,49.4459,53980463,134.144989,47.96821936,黑龙江省,佳木斯市,抚远市
2040,横道河子东,HENG DAO HE ZI DONG,中国铁路哈尔滨局,黑龙江省 牡丹江市 海林市,128.4982,46.2343,90975832,129.0946768,44.78745072,黑龙江省,牡丹江市,海林市
2051,洪河,HONG HE,中国铁路哈尔滨局,黑龙江省 佳木斯市 同江市,132.9598,49.0765,53950349,133.489799,47.6023656,黑龙江省,佳木斯市,同江市
2068,海林北,HAI LIN BEI,中国铁路哈尔滨局,黑龙江省 牡丹江市 海林市,128.7691,46.0529,90984935,129.3615404,44.60779216,黑龙江省,牡丹江市,海林市
2069,浩良河,HAO LIANG HE,中国铁路哈尔滨局,黑龙江省 伊春市 南岔县,129.038,48.1918,53670174,129.6264338,46.72615872,黑龙江省,伊春市,南岔县
2072,鹤立,HE LI,中国铁路哈尔滨局,黑龙江省 佳木斯市 汤原县,129.6997,48.5189,54300125,130.2782745,47.05011856,黑龙江省,佳木斯市,汤原县
2073,桦林,HUA LIN,中国铁路哈尔滨局,黑龙江省 牡丹江市 阳明区,129.0759,46.1204,54030847,129.6637691,44.67464416,黑龙江省,牡丹江市,阳明区
2085,桦南东,HUA NAN DONG,中国铁路哈尔滨局,黑龙江省 佳木斯市 桦南县,130.0361,47.6743,94230590,130.6096621,46.21362672,黑龙江省,佳木斯市,桦南县
2115,红山,HONG SHAN,中国铁路哈尔滨局,黑龙江省 伊春市 友好区,128.4166,49.458,58900578,129.0142927,47.9802032,黑龙江省,伊春市,友好区
2122,黑台,HEI TAI,中国铁路哈尔滨局,黑龙江省 鸡西市 密山市,131.054,46.8596,58420095,131.6123954,45.40674784,黑龙江省,鸡西市,密山市
2126,红星,HONG XING,中国铁路哈尔滨局,黑龙江省 伊春市 丰林县,128.7794,49.7131,58930301,129.3716869,48.23285424,黑龙江省,伊春市,丰林县
2127,红兴隆,HONG XING LONG,中国铁路哈尔滨局,黑龙江省 双鸭山市 友谊县,131.0239,48.1888,53850164,131.5827439,46.72318752,黑龙江省,双鸭山市,友谊县
2129,换新天,HUAN XIN TIAN,中国铁路哈尔滨局,黑龙江省 佳木斯市 富锦市,132.5152,48.8302,53930092,133.0518235,47.35843008,黑龙江省,佳木斯市,富锦市
2160,峻德,JUN DE,中国铁路哈尔滨局,黑龙江省 鹤岗市 东山区,129.6998,48.664,54320260,130.278373,47.1938256,黑龙江省,鹤岗市,东山区
2168,锦河,JIN HE,中国铁路哈尔滨局,黑龙江省 黑河市 爱辉区,126.7798,51.6345,49060849,127.401881,50.1358088,黑龙江省,黑河市,爱辉区
2174,姜家,JIANG JIA,中国铁路哈尔滨局,黑龙江省 绥化市 肇东市,125.4476,47.4662,12810513,126.0895308,46.00752448,黑龙江省,绥化市,肇东市
2181,佳木斯西,JIA MU SI XI,中国铁路哈尔滨局,黑龙江省 佳木斯市 郊区,129.6728,48.237,90181596,130.2517753,46.7709248,黑龙江省,佳木斯市,郊区
2192,江桥,JIANG QIAO,中国铁路哈尔滨局,黑龙江省 齐齐哈尔市 泰来县,122.9963,48.2347,30770853,123.6747551,46.76864688,黑龙江省,齐齐哈尔市,泰来县
2194,九三,JIU SAN,中国铁路哈尔滨局,黑龙江省 黑河市 嫩江市,124.59,50.3666,36140752,125.244709,48.88008064,黑龙江省,黑河市,嫩江市
2207,金山屯,JIN SHAN TUN,中国铁路哈尔滨局,黑龙江省 伊春市 金林区,128.8181,48.8928,58830733,129.4098103,47.42042912,黑龙江省,伊春市,金林区
2245,克东,KE DONG,中国铁路哈尔滨局,黑龙江省 齐齐哈尔市 克东县,125.5609,49.6379,36000622,126.2011426,48.15837616,黑龙江省,齐齐哈尔市,克东县
2252,奎山,KUI SHAN,中国铁路哈尔滨局,黑龙江省 牡丹江市 林口县,129.8185,46.6761,58280718,130.3953044,45.22500944,黑龙江省,牡丹江市,林口县
2283,兰岗,LAN GANG,中国铁路哈尔滨局,黑龙江省 牡丹江市 宁安市,128.8079,45.7052,57230309,129.3997623,44.26343008,黑龙江省,牡丹江市,宁安市
2290,拉哈,LA HA,中国铁路哈尔滨局,黑龙江省 齐齐哈尔市 讷河市,123.9569,49.6832,36060405,124.6210422,48.20324128,黑龙江省,齐齐哈尔市,讷河市
2291,林海,LIN HAI,中国铁路哈尔滨局,黑龙江省 大兴安岭地区 新林区,123.6768,53.0916,36440479,124.3451157,51.57892064,黑龙江省,大兴安岭地区,新林区
2297,六合镇,LIU HE ZHEN,中国铁路哈尔滨局,黑龙江省 齐齐哈尔市 讷河市,124.0238,49.8301,36080713,124.6869454,48.34873104,黑龙江省,齐齐哈尔市,讷河市
2304,李家,LI JIA,中国铁路哈尔滨局,黑龙江省 黑河市 北安市,126.1139,49.4152,48900472,126.7459029,47.93781408,黑龙江省,黑河市,北安市
2305,龙江,LONG JIANG,中国铁路哈尔滨局,黑龙江省 齐齐哈尔市 龙江县,122.4827,48.7981,12630397,123.1688078,47.32663824,黑龙江省,齐齐哈尔市,龙江县
2306,莲江口,LIAN JIANG KOU,中国铁路哈尔滨局,黑龙江省 佳木斯市 郊区,129.7313,48.3377,53720788,130.3094036,46.87065808,黑龙江省,佳木斯市,郊区
2310,林口南,LIN KOU NAN,中国铁路哈尔滨局,黑龙江省 牡丹江市 林口县,129.7065,46.6603,94180553,130.2849732,45.20936112,黑龙江省,牡丹江市,林口县
2312,老莱,LAO LAI,中国铁路哈尔滨局,黑龙江省 齐齐哈尔市 讷河市,124.3368,50.133,36120196,124.9952817,48.6487232,黑龙江省,齐齐哈尔市,讷河市
2321,喇嘛甸,LA MA DIAN,中国铁路哈尔滨局,黑龙江省 大庆市 让胡路区,124.1082,48.171,12730050,124.7700878,46.7055584,黑龙江省,大庆市,让胡路区
2322,里木店,LI MU DIAN,中国铁路哈尔滨局,黑龙江省 绥化市 肇东市,125.5658,47.4228,12820767,126.2059696,45.96454112,黑龙江省,绥化市,肇东市
2353,梨树镇,LI SHU ZHEN,中国铁路哈尔滨局,黑龙江省 鸡西市 梨树区,130.1029,46.5291,58570741,130.6754668,45.07942064,黑龙江省,鸡西市,梨树区
2368,朗乡,LANG XIANG,中国铁路哈尔滨局,黑龙江省 伊春市 铁力市,128.2671,48.4248,53600687,128.8670202,46.95692192,黑龙江省,伊春市,铁力市
2381,林源,LIN YUAN,中国铁路哈尔滨局,黑龙江省 大庆市 大同区,124.0907,47.8036,24070773,124.7528486,46.34168544,黑龙江省,大庆市,大同区
2403,磨刀石,MO DAO SHI,中国铁路哈尔滨局,黑龙江省 牡丹江市 穆棱市,129.2506,46.013,25260202,129.8358661,44.5682752,黑龙江省,牡丹江市,穆棱市
2413,马莲河,MA LIAN HE,中国铁路哈尔滨局,黑龙江省 牡丹江市 宁安市,128.599,45.4566,57200179,129.1939749,44.01721664,黑龙江省,牡丹江市,宁安市
2430,麻山,MA SHAN,中国铁路哈尔滨局,黑龙江省 鸡西市 麻山区,129.9526,46.653,58300407,130.5274063,45.2021312,黑龙江省,鸡西市,麻山区
2434,美溪,MEI XI,中国铁路哈尔滨局,黑龙江省 伊春市 伊美区,128.5316,49.1074,58860051,129.1275792,47.63296896,黑龙江省,伊春市,伊美区
2497,裴德,PEI DE,中国铁路哈尔滨局,黑龙江省 鸡西市 密山市,131.339,47.0898,58460854,131.8931489,45.63473792,黑龙江省,鸡西市,密山市
2529,平洋,PING YANG,中国铁路哈尔滨局,黑龙江省 齐齐哈尔市 泰来县,122.8511,48.0611,30760074,123.5317186,46.59671344,黑龙江省,齐齐哈尔市,泰来县
2562,秦家,QIN JIA,中国铁路哈尔滨局,黑龙江省 绥化市 北林区,126.3642,48.2628,48810283,126.9924734,46.79647712,黑龙江省,绥化市,北林区
2570,青龙,QING LONG,中国铁路哈尔滨局,黑龙江省 鸡西市 麻山区,130.0002,46.6956,58320011,130.574297,45.24432224,黑龙江省,鸡西市,麻山区
2582,青山,QING SHAN,中国铁路哈尔滨局,黑龙江省 牡丹江市 林口县,129.982,46.8963,54140329,130.5563682,45.44309552,黑龙江省,牡丹江市,林口县
2650,四方台,SI FANG TAI,中国铁路哈尔滨局,黑龙江省 绥化市 北林区,126.3575,48.388,48820242,126.9858733,46.9204752,黑龙江省,绥化市,北林区
2670,尚家,SHANG JIA,中国铁路哈尔滨局,黑龙江省 绥化市 肇东市,125.2243,47.5846,12790850,125.8695579,46.12478784,黑龙江省,绥化市,肇东市
2684,石磷,SHI LIN,中国铁路哈尔滨局,黑龙江省 鸡西市 梨树区,130.111,46.6073,58580308,130.6834461,45.15686992,黑龙江省,鸡西市,梨树区
2712,山市,SHAN SHI,中国铁路哈尔滨局,黑龙江省 牡丹江市 海林市,128.4936,46.0204,25200466,129.0901454,44.57560416,黑龙江省,牡丹江市,海林市
2722,石头,SHI TOU,中国铁路哈尔滨局,黑龙江省 牡丹江市 宁安市,128.7323,45.6147,57220363,129.3252887,44.17379888,黑龙江省,牡丹江市,宁安市
2727,孙吴,SUN WU,中国铁路哈尔滨局,黑龙江省 黑河市 孙吴县,126.6866,50.9162,49000570,127.3100697,49.42440448,黑龙江省,黑河市,孙吴县
2747,绥阳,SUI YANG,中国铁路哈尔滨局,黑龙江省 牡丹江市 东宁市,130.3081,45.8683,25300752,130.8776093,44.42496432,黑龙江省,牡丹江市,东宁市
2801,团结,TUAN JIE,中国铁路哈尔滨局,黑龙江省 齐齐哈尔市 讷河市,123.9426,49.5809,36050152,124.6069553,48.10192336,黑龙江省,齐齐哈尔市,讷河市
2816,太平镇,TAI PING ZHEN,中国铁路哈尔滨局,黑龙江省 双鸭山市 集贤县,130.1402,48.2397,53780770,130.712211,46.77359888,黑龙江省,双鸭山市,集贤县
2818,图强,TU QIANG,中国铁路哈尔滨局,黑龙江省 大兴安岭地区 漠河市,122.0902,54.4577,36590403,122.782156,52.93190608,黑龙江省,大兴安岭地区,漠河市
2824,桃山,TAO SHAN,中国铁路哈尔滨局,黑龙江省 伊春市 铁力市,127.5591,48.3898,53540819,128.1695694,46.92225792,黑龙江省,伊春市,铁力市
2839,汤原,TAN YUAN,中国铁路哈尔滨局,黑龙江省 佳木斯市 汤原县,129.3293,48.2107,53690280,129.9133934,46.74487728,黑龙江省,佳木斯市,汤原县
2854,温春,WEN CHUN,中国铁路哈尔滨局,黑龙江省 牡丹江市 西安区,128.8995,45.8757,57250834,129.4899975,44.43229328,黑龙江省,牡丹江市,西安区
2855,五大连池,WU DA LIAN CHI,中国铁路哈尔滨局,黑龙江省 黑河市 五大连池市,125.9736,50.1117,48940817,126.6076934,48.62762768,黑龙江省,黑河市,五大连池市
2883,倭肯,WO KEN,中国铁路哈尔滨局,黑龙江省 七台河市 勃利县,129.943,47.4604,54220166,130.5179493,46.00178016,黑龙江省,七台河市,勃利县
2887,瓦拉干,WA LA GAN,中国铁路哈尔滨局,黑龙江省 大兴安岭地区 塔河县,123.8696,54.1123,36520907,124.535043,52.58982192,黑龙江省,大兴安岭地区,塔河县
2891,卧里屯,WO LI TUN,中国铁路哈尔滨局,黑龙江省 大庆市 龙凤区,124.5867,47.9092,12750061,125.2414582,46.44627168,黑龙江省,大庆市,龙凤区
2918,卫星,WEI XING,中国铁路哈尔滨局,黑龙江省 鸡西市 虎林市,131.9441,47.1761,58500293,132.4892329,45.72020944,黑龙江省,鸡西市,虎林市
2920,王杨,WANG YANG,中国铁路哈尔滨局,黑龙江省 伊春市 铁力市,127.3016,48.4359,53520564,127.9159062,46.96791536,黑龙江省,伊春市,铁力市
2945,下城子,XIA CHENG ZI,中国铁路哈尔滨局,黑龙江省 牡丹江市 穆棱市,129.8587,46.1134,58550106,130.4349054,44.66771136,黑龙江省,牡丹江市,穆棱市
2962,西岗子,XI GANG ZI,中国铁路哈尔滨局,黑龙江省 黑河市 爱辉区,126.7129,51.3986,49040473,127.3359778,49.90217344,黑龙江省,黑河市,爱辉区
2968,襄河,XIANG HE,中国铁路哈尔滨局,黑龙江省 黑河市 五大连池市,126.2148,50.2839,48960557,126.8452995,48.79817456,黑龙江省,黑河市,五大连池市
2970,新华屯,XIN HUA TUN,中国铁路哈尔滨局,黑龙江省 大庆市 大同区,123.959,47.6055,24040692,124.6231109,46.1454872,黑龙江省,大庆市,大同区
2971,新华,XIN HUA,中国铁路哈尔滨局,黑龙江省 鹤岗市 东山区,129.7067,48.5777,54310083,130.2851702,47.10835408,黑龙江省,鹤岗市,东山区
2982,兴凯,XING KAI,中国铁路哈尔滨局,黑龙江省 鸡西市 密山市,131.5104,47.1568,58470675,132.061995,45.70109472,黑龙江省,鸡西市,密山市
2985,香兰,XIANG LAN,中国铁路哈尔滨局,黑龙江省 佳木斯市 汤原县,129.1587,48.115,53680058,129.7453354,46.650096,黑龙江省,佳木斯市,汤原县
2988,西林,XI LIN,中国铁路哈尔滨局,黑龙江省 伊春市 金林区,128.7031,48.9489,58840720,129.2965238,47.47599056,黑龙江省,伊春市,金林区
2989,新林,XIN LIN,中国铁路哈尔滨局,黑龙江省 大兴安岭地区 新林区,123.7333,53.1939,36450713,124.4007738,51.68023856,黑龙江省,大兴安岭地区,新林区
2992,西麻山,XI MA SHAN,中国铁路哈尔滨局,黑龙江省 鸡西市 麻山区,129.8924,46.661,58290192,130.4681032,45.2100544,黑龙江省,鸡西市,麻山区
3004,新青,XIN QING,中国铁路哈尔滨局,黑龙江省 伊春市 丰林县,128.9239,49.7707,58940252,129.5140339,48.28990128,黑龙江省,伊春市,丰林县
3010,杏树,XING SHU,中国铁路哈尔滨局,黑龙江省 七台河市 勃利县,129.9769,47.378,54210736,130.5513442,45.9201712,黑龙江省,七台河市,勃利县
3036,向阳,XIANG YANG,中国铁路哈尔滨局,黑龙江省 牡丹江市 林口县,129.4945,46.6376,54090463,130.076132,45.18687904,黑龙江省,牡丹江市,林口县
3049,新友谊,XIN YOU YI,中国铁路哈尔滨局,黑龙江省 双鸭山市 友谊县,131.2465,48.2295,53860593,131.8020272,46.7634968,黑龙江省,双鸭山市,友谊县
3057,永安乡,YONG AN XIANG,中国铁路哈尔滨局,黑龙江省 鸡西市 鸡东县,130.9047,46.7877,58410600,131.46532,45.33553808,黑龙江省,鸡西市,鸡东县
3060,羊草,YANG CAO,中国铁路哈尔滨局,黑龙江省 绥化市 安达市,124.7603,47.7946,12770117,125.4124715,46.33277184,黑龙江省,绥化市,安达市
3075,迎春,YING CHUN,中国铁路哈尔滨局,黑龙江省 鸡西市 虎林市,132.4018,47.4987,58530825,132.9401132,46.03971248,黑龙江省,鸡西市,虎林市
3091,杨岗,YANG GANG,中国铁路哈尔滨局,黑龙江省 鸡西市 虎林市,131.7273,47.1693,58480354,132.2756632,45.71347472,黑龙江省,鸡西市,虎林市
3095,友好,YOU HAO,中国铁路哈尔滨局,黑龙江省 伊春市 友好区,128.23,49.3328,58890763,128.830473,47.85620512,黑龙江省,伊春市,友好区
3109,银浪,YIN LANG,中国铁路哈尔滨局,黑龙江省 大庆市 红岗区,124.1835,47.9524,24090376,124.8442659,46.48905696,黑龙江省,大庆市,红岗区
3112,伊拉哈,YI LA HA,中国铁路哈尔滨局,黑龙江省 黑河市 嫩江市,124.5,50.3059,36130846,125.15605,48.81996336,黑龙江省,黑河市,嫩江市
3156,烟筒屯,YAN TONG TUN,中国铁路哈尔滨局,黑龙江省 大庆市 杜尔伯特蒙古族自治县,123.4804,48.4692,12700163,124.151642,47.00089568,黑龙江省,大庆市,杜尔伯特蒙古族自治县
3198,肇东,ZHAO DONG,中国铁路哈尔滨局,黑龙江省 绥化市 肇东市,125.3456,47.534,12800531,125.9890506,46.0746736,黑龙江省,绥化市,肇东市
3202,赵光,ZHAO GUANG,中国铁路哈尔滨局,黑龙江省 黑河市 北安市,126.089,49.5382,48910687,126.7213739,48.05963328,黑龙江省,黑河市,北安市
3204,中和,ZHONG HE,中国铁路哈尔滨局,黑龙江省 齐齐哈尔市 富裕县,123.7032,49.1519,35930492,124.3711223,47.67704176,黑龙江省,齐齐哈尔市,富裕县
3209,朱家沟,ZHU JIA GOU,中国铁路哈尔滨局,黑龙江省 牡丹江市 林口县,129.261,46.3217,54060879,129.8461111,44.87401168,黑龙江省,牡丹江市,林口县
3239,张维屯,ZHANG WEI TUN,中国铁路哈尔滨局,黑龙江省 绥化市 北林区,126.3664,48.5286,48830575,126.9946406,47.05972544,黑龙江省,绥化市,北林区
3255,壮志,DU LI TUN,中国铁路哈尔滨局,黑龙江省 大庆市 让胡路区,124.1782,48.1031,24110668,124.8390448,46.63831024,黑龙江省,大庆市,让胡路区
122,武汉,WU HAN,中国铁路武汉局,湖北省 武汉市 洪山区,113.5996,31.9179,2900044,114.418066,30.60848816,湖北省,武汉市,洪山区
123,武汉东,WU HAN DONG,中国铁路武汉局,湖北省 武汉市 江夏区,113.6062,31.7958,91585932,114.4245676,30.48756032,湖北省,武汉市,江夏区
169,安陆,AN LU,中国铁路武汉局,湖北省 孝感市 安陆市,112.8596,32.5736,28430134,113.689092,31.25789344,湖北省,孝感市,安陆市
170,安陆西,AN LU XI,中国铁路武汉局,湖北省 孝感市 安陆市,112.8154,32.5714,90087369,113.6455505,31.25571456,湖北省,孝感市,安陆市
195,巴东,BA DONG,中国铁路武汉局,湖北省 恩施土家族苗族自治州 巴东县,109.4891,32.4757,97066020,110.3688124,31.16093328,湖北省,恩施土家族苗族自治州,巴东县
247,赤壁,CHI BI,中国铁路武汉局,湖北省 咸宁市 赤壁市,113.0981,31.0237,1850854,113.9240383,29.72287248,湖北省,咸宁市,赤壁市
389,当阳,DANG YANG,中国铁路武汉局,湖北省 宜昌市 当阳市,110.9478,32.1613,21230246,111.8057778,30.84955152,湖北省,宜昌市,当阳市
391,大冶北,DA YE BEI,中国铁路武汉局,湖北省 黄石市 大冶市,114.1856,31.4289,55730385,114.9953346,30.12418256,湖北省,黄石市,大冶市
413,恩施,EN SHI,中国铁路武汉局,湖北省 恩施土家族苗族自治州 恩施市,108.5871,31.6579,13070699,109.4802522,30.35098416,湖北省,恩施土家族苗族自治州,恩施市
414,鄂州,E ZHOU,中国铁路武汉局,湖北省 鄂州市 鄂城区,114.0483,31.6706,43380563,114.8600803,30.36356224,湖北省,鄂州市,鄂城区
487,广水,GUANG SHUI,中国铁路武汉局,湖北省 随州市 广水市,113.2054,32.9521,1580531,114.0297395,31.63275984,湖北省,随州市,广水市
512,红安西,HONG AN XI,中国铁路武汉局,湖北省 黄冈市 红安县,113.8109,32.3185,8740849,114.6262176,31.0052424,湖北省,黄冈市,红安县
537,黄冈东,HUANG GANG DONG,中国铁路武汉局,湖北省 黄冈市 黄州区,114.171,31.8166,55770452,114.9809521,30.50816064,湖北省,黄冈市,黄州区
546,后湖,HOU HU,中国铁路武汉局,湖北省 武汉市 江岸区,113.4469,31.9487,62410308,114.2676412,30.63899248,湖北省,武汉市,江岸区
555,汉口,HAN KOU,中国铁路武汉局,湖北省 武汉市 江汉区,113.4276,31.9303,1720295,114.2486288,30.62076912,湖北省,武汉市,江汉区
568,黄梅东,HUANG MEI DONG,中国铁路上海局,湖北省 黄冈市 黄梅县,115.1723,31.3664,95431478,115.9673327,30.06228256,湖北省,黄冈市,黄梅县
591,黄石,HUANG SHI,中国铁路武汉局,湖北省 黄石市 大冶市,114.1239,31.4607,43400425,114.9345539,30.15567728,湖北省,黄石市,大冶市
593,花山南,HUA SHAN NAN,中国铁路武汉局,湖北省 武汉市 洪山区,113.69,31.8384,55660276,114.507119,30.52975136,湖北省,武汉市,洪山区
655,荆门,JING MEN,中国铁路武汉局,湖北省 荆门市 东宝区,111.3538,32.366,21190016,112.2057284,31.0522864,湖北省,荆门市,东宝区
697,金银潭,JIN YIN TAN,中国铁路武汉局,湖北省 武汉市 东西湖区,113.4375,31.9711,62420781,114.2583813,30.66117744,湖北省,武汉市,东西湖区
701,荆州,JING ZHOU,中国铁路武汉局,湖北省 荆州市 荆州区,111.3547,31.6796,12990298,112.206615,30.37247584,湖北省,荆州市,荆州区
748,利川,LI CHUAN,中国铁路武汉局,湖北省 恩施土家族苗族自治州 利川市,108.0356,31.5863,13080507,108.9369696,30.28007152,湖北省,恩施土家族苗族自治州,利川市
861,麻城北,MA CHENG BEI,中国铁路武汉局,湖北省 黄冈市 麻城市,114.1686,32.5037,8730347,114.9785879,31.18866448,湖北省,黄冈市,麻城市
862,麻城,MA CHENG,中国铁路武汉局,湖北省 黄冈市 麻城市,114.1469,32.462,19780435,114.9572112,31.1473648,湖北省,黄冈市,麻城市
892,庙山,MIAO SHAN,中国铁路武汉局,湖北省 武汉市 江夏区,113.5478,31.7219,57920342,114.3670378,30.41436976,湖北省,武汉市,江夏区
928,南湖东,NAN HU DONG,中国铁路武汉局,湖北省 武汉市 江夏区,113.5555,31.7761,57900413,114.3746231,30.46804944,湖北省,武汉市,江夏区
956,普安,PU AN,中国铁路武汉局,湖北省 武汉市 江夏区,113.5286,31.6958,57930544,114.3481239,30.38852032,湖北省,武汉市,江夏区
968,盘龙城,PAN LONG CHENG,中国铁路武汉局,湖北省 武汉市 黄陂区,113.3898,32.0275,62430771,114.211392,30.717036,湖北省,武汉市,黄陂区
1003,蕲春,QI CHUN,中国铁路武汉局,湖北省 黄冈市 蕲春县,114.6376,31.5497,19850022,115.4405998,30.24382288,湖北省,黄冈市,蕲春县
1123,山坡东,SHAN PO DONG,中国铁路武汉局,湖北省 武汉市 江夏区,113.5341,31.3919,57970432,114.3535419,30.08753776,湖北省,武汉市,江夏区
1153,十堰,SHI YAN,中国铁路武汉局,湖北省 十堰市 茅箭区,109.9029,33.9344,28660739,110.7764468,32.60562976,湖北省,十堰市,茅箭区
1155,十堰东,SHI YAN DONG,中国铁路武汉局,湖北省 十堰市 张湾区,109.9465,34.0392,90172225,110.8193972,32.70942368,湖北省,十堰市,张湾区
1171,随州,SUI ZHOU,中国铁路武汉局,湖北省 随州市,112.5763,33.0426,28460611,113.4100131,31.72239104,湖北省,随州市,
1175,随州南,SUI ZHOU NAN,中国铁路武汉局,湖北省 随州市 曾都区,112.5216,32.9716,90097976,113.3561282,31.65207264,湖北省,随州市,曾都区
1187,土地堂东,TU DI TANG DONG,中国铁路武汉局,湖北省 武汉市 江夏区,113.5123,31.5194,57960224,114.3320667,30.21381376,湖北省,武汉市,江夏区
1195,天河机场,TIAN HE JI CHANG,中国铁路武汉局,湖北省 武汉市 黄陂区,113.3892,32.0832,62440831,114.2108009,30.77220128,湖北省,武汉市,黄陂区
1198,天河街,TIAN HE JIE,中国铁路武汉局,湖北省 武汉市 黄陂区,113.3847,32.1352,62450891,114.206368,30.82370208,湖北省,武汉市,黄陂区
1220,天门南,TIAN MEN NAN,中国铁路武汉局,湖北省 仙桃市,112.6159,31.7374,12960826,113.4490231,30.42972096,湖北省,仙桃市,
1232,汤逊湖,TANG XUN HU,中国铁路武汉局,湖北省 武汉市 江夏区,113.5598,31.7545,57910641,114.378859,30.4466568,湖北省,武汉市,江夏区
1247,武昌,WU CHANG,中国铁路武汉局,湖北省 武汉市 武昌区,113.4915,31.8386,1730728,114.3115767,30.52994944,湖北省,武汉市,武昌区
1249,武当山,WU DANG SHAN,中国铁路武汉局,湖北省 十堰市 丹江口市,110.0894,33.8678,28640774,110.9601679,32.53966912,湖北省,十堰市,丹江口市
1268,乌龙泉南,WU LONG QUAN NAN,中国铁路武汉局,湖北省 武汉市 江夏区,113.5195,31.5642,57950383,114.3391595,30.25818368,湖北省,武汉市,江夏区
1287,武穴北,WU XUE BEI,中国铁路武汉局,湖北省 黄冈市 武穴市,114.8816,31.3083,95715021,115.6809642,30.00474032,湖北省,黄冈市,武穴市
1291,武穴,WU XUE,中国铁路武汉局,湖北省 黄冈市 武穴市,114.8327,31.2745,19870673,115.6327928,29.9712648,湖北省,黄冈市,武穴市
1319,咸丰,XIAN FENG,中国铁路广州局,湖北省 恩施土家族苗族自治州 咸丰县,108.1572,30.8973,89684303,109.0567577,29.59768592,湖北省,恩施土家族苗族自治州,咸丰县
1325,孝感北,XIAO GAN BEI,中国铁路武汉局,湖北省 孝感市 大悟县,113.3943,32.9062,2920462,114.2158249,31.58730048,湖北省,孝感市,大悟县
1326,孝感东,XIAO GAN DONG,中国铁路武汉局,湖北省 孝感市 孝南区,113.1155,32.2477,62490769,113.9411791,30.93512208,湖北省,孝感市,孝南区
1360,咸宁南,XIAN NING NAN,中国铁路武汉局,湖北省 咸宁市 咸安区,113.4793,31.1404,58010825,114.2995584,29.83845216,湖北省,咸宁市,咸安区
1368,兴山,XING SHAN,中国铁路武汉局,湖北省 宜昌市 兴山县,109.8732,32.6446,97049341,110.7471893,31.32821184,湖北省,宜昌市,兴山县
1371,仙桃,XIAN TAO,中国铁路武汉局,湖北省 仙桃市,112.6681,31.629,91594277,113.5004453,30.3223616,湖北省,仙桃市,
1391,襄阳,XIANG YANG,中国铁路武汉局,湖北省 襄阳市 樊城区,111.2963,33.3815,21090663,112.1490851,32.0580376,湖北省,襄阳市,樊城区
1396,襄阳东,XIANG YANG DONG,中国铁路武汉局,湖北省 襄阳市 襄州区,111.4387,33.3389,90119190,112.2893634,32.01584656,湖北省,襄阳市,襄州区
1407,襄州,XIANG ZHOU,中国铁路武汉局,湖北省 襄阳市 襄州区,111.3678,33.4225,28530852,112.2195198,32.098644,湖北省,襄阳市,襄州区
1424,宜昌东,YI CHANG DONG,中国铁路武汉局,湖北省 宜昌市 伍家岗区,110.4998,31.97,13010772,111.364453,30.660088,湖北省,宜昌市,伍家岗区
1430,宜昌,YI CHANG,中国铁路武汉局,湖北省 宜昌市 西陵区,110.4271,32.0139,35880605,111.2928362,30.70356656,湖北省,宜昌市,西陵区
1469,云梦东,YUN MENG DONG,中国铁路武汉局,湖北省 孝感市 云梦县,112.9504,32.361,90076762,113.778539,31.0473344,湖北省,孝感市,云梦县
1518,阳新,YANG XIN,中国铁路武汉局,湖北省 黄石市 阳新县,114.3665,31.1629,43430128,115.1735392,29.86073616,湖北省,黄石市,阳新县
1539,纸坊东,ZHI FANG DONG,中国铁路武汉局,湖北省 武汉市 江夏区,113.5188,31.6623,57940279,114.3384699,30.35534192,湖北省,武汉市,江夏区
1568,左岭,ZUO LING,中国铁路武汉局,湖北省 武汉市 洪山区,113.789,31.8103,55670083,114.6046439,30.50192112,湖北省,武汉市,洪山区
1593,枣阳,ZAO YANG,中国铁路武汉局,湖北省 襄阳市 枣阳市,111.911,33.3947,28510443,112.7546261,32.07111088,湖北省,襄阳市,枣阳市
1657,保康县,BAO KANG XIAN,中国铁路武汉局,湖北省 襄阳市 保康县,110.3548,33.0645,97015983,111.2216135,31.7440808,湖北省,襄阳市,保康县
1676,白沙铺,BAI SHA PU,中国铁路武汉局,湖北省 黄石市 阳新县,114.2601,31.2625,90075127,115.0687245,29.95938,湖北省,黄石市,阳新县
1704,赤壁北,CHI BI BEI,中国铁路武汉局,湖北省 咸宁市 赤壁市,113.0675,31.0399,2870786,113.8938943,29.73891696,湖北省,咸宁市,赤壁市
1738,蔡山,CAI SHAN,中国铁路武汉局,湖北省 黄冈市 黄梅县,114.9845,31.1961,19880175,115.782331,29.89361744,湖北省,黄冈市,黄梅县
1752,长阳,CHANG YANG,中国铁路武汉局,湖北省 宜昌市 长阳土家族自治县,109.9727,31.9314,13030541,110.8452068,30.62185856,湖北省,宜昌市,长阳土家族自治县
1807,丹江口,DAN JIANG KOU,中国铁路武汉局,湖北省 十堰市 丹江口市,110.5166,33.7864,90151011,111.3810027,32.45905056,湖北省,十堰市,丹江口市
1888,鄂州东,E ZHOU DONG,中国铁路武汉局,湖北省 鄂州市 鄂城区,114.1319,31.6698,55700172,114.9424347,30.36276992,湖北省,鄂州市,鄂城区
1902,枫林,FENG LIN,中国铁路武汉局,湖北省 黄石市 阳新县,114.5994,31.0527,90076524,115.4029689,29.75159408,湖北省,黄石市,阳新县
1942,谷城北,GU CHENG BEI,中国铁路武汉局,湖北省 襄阳市 谷城县,110.7636,33.6334,90140404,111.6243224,32.30751936,湖北省,襄阳市,谷城县
1945,谷城,GU CHENG,中国铁路武汉局,湖北省 襄阳市 谷城县,110.7349,33.5919,28610650,111.59605,32.26641776,湖北省,襄阳市,谷城县
1951,葛店南,GE DIAN NAN,中国铁路武汉局,湖北省 鄂州市 华容区,113.8396,31.8001,55680670,114.65449,30.49181904,湖北省,鄂州市,华容区
1978,高坪,GAO PING,中国铁路武汉局,湖北省 恩施土家族苗族自治州 建始县,109.2012,31.9763,13050295,110.0852021,30.66632752,湖北省,恩施土家族苗族自治州,建始县
2021,红安,HONG AN,中国铁路武汉局,湖北省 黄冈市 红安县,113.8116,32.3179,66230321,114.6269072,31.00464816,湖北省,黄冈市,红安县
2037,汉川,HAN CHUAN,中国铁路武汉局,湖北省 孝感市 汉川市,112.9789,31.8519,12950699,113.8066144,30.54312176,湖北省,孝感市,汉川市
2048,黄冈,HUANG GANG,中国铁路武汉局,湖北省 黄冈市 黄州区,114.1276,31.7959,55760802,114.9381988,30.48765936,湖北省,黄冈市,黄州区
2049,横沟桥东,HENG GOU QIAO DONG,中国铁路武汉局,湖北省 咸宁市 咸安区,113.5488,31.238,57990563,114.3680229,29.9351152,湖北省,咸宁市,咸安区
2050,黄冈西,HUANG GANG XI,中国铁路武汉局,湖北省 黄冈市 黄州区,114.0719,31.8147,55750662,114.8833287,30.50627888,湖北省,黄冈市,黄州区
2055,花湖,HUA HU,中国铁路武汉局,湖北省 鄂州市 鄂城区,114.2065,31.5687,55710034,115.0159232,30.26264048,湖北省,鄂州市,鄂城区
2080,黄梅,HUANG MEI,中国铁路上海局,湖北省 黄冈市 黄梅县,115.1414,31.4005,43210700,115.9368931,30.0960552,湖北省,黄冈市,黄梅县
2101,华容东,HUA RONG DONG,中国铁路武汉局,湖北省 鄂州市 华容区,113.9678,31.8419,55740522,114.7807798,30.53321776,湖北省,鄂州市,华容区
2103,华容南,HUA RONG NAN,中国铁路武汉局,湖北省 鄂州市 华容区,113.9553,31.756,55690071,114.768466,30.4481424,湖北省,鄂州市,华容区
2104,华容,HUA RONG,中国铁路武汉局,湖北省 鄂州市 华容区,113.923,31.828,43360660,114.7366473,30.5194512,湖北省,鄂州市,华容区
2108,黄石北,HUANG SHI BEI,中国铁路武汉局,湖北省 黄石市 下陆区,114.1922,31.5191,55720884,115.0018362,30.21351664,湖北省,黄石市,下陆区
2109,贺胜桥东,HE SHENG QIAO DONG,中国铁路武汉局,湖北省 咸宁市 咸安区,113.5464,31.3245,57980706,114.3656586,30.0207848,湖北省,咸宁市,咸安区
2138,槐荫,HUAI YIN,中国铁路武汉局,湖北省 孝感市 孝南区,113.134,32.2108,62480036,113.9594034,30.89857632,湖北省,孝感市,孝南区
2142,花园,HUAN YUAN,中国铁路武汉局,湖北省 孝感市 孝昌县,113.1453,32.5614,1610388,113.970535,31.24581056,湖北省,孝感市,孝昌县
2145,黄州,HUANG ZHOU,中国铁路武汉局,湖北省 黄冈市 黄州区,114.1897,31.8973,19820014,114.9993735,30.58808592,湖北省,黄冈市,黄州区
2196,建始,JIAN SHI,中国铁路武汉局,湖北省 恩施土家族苗族自治州 建始县,108.8358,31.8777,13060766,109.7252466,30.56867408,湖北省,恩施土家族苗族自治州,建始县
2202,京山,JING SHAN,中国铁路武汉局,湖北省 荆门市 京山市,112.292,32.3517,58070245,113.1299492,31.03812368,湖北省,荆门市,京山市
2278,来凤,LAI FENG,中国铁路广州局,湖北省 恩施土家族苗族自治州 来凤县,108.4571,30.8186,89694910,109.3521892,29.51974144,湖北省,恩施土家族苗族自治州,来凤县
2398,毛陈,MAO CHEN,中国铁路武汉局,湖北省 孝感市 孝南区,113.16,32.1775,62470864,113.985016,30.865596,湖北省,孝感市,孝南区
2409,闵集,MIN JI,中国铁路武汉局,湖北省 孝感市 孝南区,113.3123,32.1364,62460846,114.1350467,30.82489056,湖北省,孝感市,孝南区
2483,南漳,NAN ZHANG,中国铁路武汉局,湖北省 襄阳市 南漳县,111.0033,33.1237,96999304,111.8604508,31.80271248,湖北省,襄阳市,南漳县
2546,蕲春南,QI CHUN NAN,中国铁路武汉局,湖北省 黄冈市 蕲春县,114.5973,31.5094,95698342,115.4009002,30.20390976,湖北省,黄冈市,蕲春县
2559,潜江,QIAN JIANG,中国铁路武汉局,湖北省 潜江市,112.0921,31.6983,12980122,112.9330277,30.39099632,湖北省,潜江市,
2693,神农架,SHEN NONG JIA,中国铁路武汉局,湖北省 神农架林区,110.0382,32.9496,97032662,110.9097308,31.63028384,湖北省,神农架林区,
2733,随县,SUI XIAN,中国铁路武汉局,湖北省 随州市 随县,112.3664,33.0878,90108583,113.2032406,31.76715712,湖北省,随州市,随县
2769,松滋,SONG ZI,中国铁路武汉局,湖北省 荆州市 松滋市,110.7396,31.4799,21310726,111.60068,30.17469296,湖北省,荆州市,松滋市
2810,天门,TIAN MEN,中国铁路武汉局,湖北省 天门市,112.4744,32.179,58060573,113.3096314,30.8670816,湖北省,天门市,
2864,武当山西,WU DANG SHAN XI,中国铁路武汉局,湖北省 十堰市 丹江口市,110.138,33.8676,90161618,111.0080438,32.53947104,湖北省,十堰市,丹江口市
2958,孝感,XIAO GAN,中国铁路武汉局,湖北省 孝感市 孝南区,113.0973,32.2698,1630301,113.9232502,30.95700992,湖北省,孝感市,孝南区
2995,咸宁北,XIAN NING BEI,中国铁路武汉局,湖北省 咸宁市 咸安区,113.4747,31.2035,2880522,114.295027,29.9009464,湖北省,咸宁市,咸安区
2996,咸宁东,XIAN NING DONG,中国铁路武汉局,湖北省 咸宁市 咸安区,113.519,31.17,58000244,114.3386669,29.867768,湖北省,咸宁市,咸安区
2998,咸宁,XIAN NING,中国铁路武汉局,湖北省 咸宁市 咸安区,113.4619,31.1838,1820735,114.2824177,29.88143552,湖北省,咸宁市,咸安区
3009,浠水,XI SHUI,中国铁路武汉局,湖北省 黄冈市 浠水县,114.4293,31.7423,19830144,115.2354034,30.43457392,湖北省,黄冈市,浠水县
3013,浠水南,XI SHUI NAN,中国铁路武汉局,湖北省 黄冈市 浠水县,114.4287,31.7203,95681663,115.2348124,30.41278512,湖北省,黄冈市,浠水县
3019,仙桃西,XIAN TAO XI,中国铁路武汉局,湖北省 仙桃市,112.2949,31.7344,12970760,113.132806,30.42674976,湖北省,仙桃市,
3068,应城,YING CHENG,中国铁路武汉局,湖北省 孝感市 应城市,112.735,32.2369,58050232,113.5663485,30.92442576,湖北省,孝感市,应城市
3069,宜城,YI CHENG,中国铁路武汉局,湖北省 襄阳市 宜城市,111.3241,32.9505,21140345,112.1764709,31.6311752,湖北省,襄阳市,宜城市
3119,云梦,YUN MENG,中国铁路武汉局,湖北省 孝感市 云梦县,112.9023,32.3364,28420664,113.7311557,31.02297056,湖北省,孝感市,云梦县
3133,野三关,YE SAN GUAN,中国铁路武汉局,湖北省 恩施土家族苗族自治州 巴东县,109.4731,31.9736,13040867,110.3530508,30.66365344,湖北省,恩施土家族苗族自治州,巴东县
3194,枝城,ZHI CHENG,中国铁路武汉局,湖北省 宜昌市 宜都市,110.641,31.579,21290613,111.5035491,30.2728416,湖北省,宜昌市,宜都市
3206,枝江北,ZHI JIANG BEI,中国铁路武汉局,湖北省 宜昌市 枝江市,110.9073,31.7872,13000843,111.7658812,30.47904288,湖北省,宜昌市,枝江市
3245,钟祥,ZHONG XIANG,中国铁路武汉局,湖北省 荆门市 钟祥市,111.7642,32.4929,58100691,112.6100134,31.17796816,湖北省,荆门市,钟祥市
32,长沙,CHANG SHA,中国铁路广州局,湖南省 长沙市 芙蓉区,112.1682,29.4825,2090199,113.0079938,28.196468,湖南省,长沙市,芙蓉区
33,长沙南,CHANG SHA NAN,中国铁路广州局,湖南省 长沙市 雨花区,112.22,29.4348,2840743,113.059022,28.14922592,湖南省,长沙市,雨花区
34,长沙西,CHANG SHA XI,中国铁路广州局,湖南省 长沙市 望城区,111.9769,29.5508,90139504,112.8195442,28.26411232,湖南省,长沙市,望城区
196,八方山,BA FANG SHAN,中国铁路广州局,湖南省 长沙市 岳麓区,112.0884,29.5202,90135939,112.9293828,28.23380608,湖南省,长沙市,岳麓区
249,常德,CHANG DE,中国铁路广州局,湖南省 常德市 武陵区,110.8298,30.3688,25430363,111.689536,29.07425952,湖南省,常德市,武陵区
271,慈利,CI LI,中国铁路广州局,湖南省 张家界市 慈利县,110.2442,30.716,21400429,111.1126614,29.4181264,湖南省,张家界市,慈利县
272,茶陵,CHA LING,中国铁路广州局,湖南省 株洲市 茶陵县,112.712,28.0861,471133498,113.5436912,26.81347344,湖南省,株洲市,茶陵县
296,辰溪,CHEN XI,中国铁路广州局,湖南省 怀化市 辰溪县,109.3701,29.1638,38160617,110.2515855,27.88082752,湖南省,怀化市,辰溪县
314,郴州,CHEN ZHOU,中国铁路广州局,湖南省 郴州市 北湖区,112.188,27.0722,2410870,113.0274988,25.80930688,湖南省,郴州市,北湖区
321,郴州西,CHEN ZHOU XI,中国铁路广州局,湖南省 郴州市 北湖区,112.1229,26.9993,2790661,112.9633688,25.73710672,湖南省,郴州市,北湖区
324,东安东,DONG AN DONG,中国铁路南宁局,湖南省 永州市 东安县,110.4664,27.6479,18830559,111.3315506,26.37948016,湖南省,永州市,东安县
331,大丰,DA FENG,中国铁路广州局,湖南省 株洲市 石峰区,112.3108,29.1646,64540261,113.1484691,27.88161984,湖南省,株洲市,石峰区
352,洞井,DONG JING,中国铁路广州局,湖南省 长沙市 雨花区,112.1683,29.3838,64450620,113.0080923,28.09871552,湖南省,长沙市,雨花区
354,洞口,DONG KOU,中国铁路广州局,湖南省 邵阳市 洞口县,109.7376,28.3737,90521661,110.6136098,27.09831248,湖南省,邵阳市,洞口县
437,芙蓉南,FU RONG NAN,中国铁路广州局,湖南省 长沙市 天心区,112.1495,29.3207,64470130,112.9895725,28.03622128,湖南省,长沙市,天心区
488,谷山,GU SHAN,中国铁路广州局,湖南省 长沙市 岳麓区,112.0616,29.5198,90136622,112.9029822,28.23340992,湖南省,长沙市,岳麓区
489,观沙岭,GUAN SHA LING,中国铁路广州局,湖南省 长沙市 岳麓区,112.1036,29.52,90134586,112.9443564,28.233608,湖南省,长沙市,岳麓区
543,怀化南,HUAI HUA NAN,中国铁路广州局,湖南省 怀化市 鹤城区,109.104,28.7934,8810557,109.9894504,27.51398336,湖南省,怀化市,鹤城区
545,怀化,HUAI HUA,中国铁路广州局,湖南省 怀化市 鹤城区,109.0782,28.8403,21760706,109.9640348,27.56043312,湖南省,怀化市,鹤城区
600,会同,HUI TONG,中国铁路广州局,湖南省 怀化市 会同县,108.8393,28.1577,21870844,109.7286944,26.88438608,湖南省,怀化市,会同县
607,衡阳,HENG YANG,中国铁路广州局,湖南省 衡阳市 珠晖区,111.7802,28.1667,2280630,112.625775,26.89329968,湖南省,衡阳市,珠晖区
610,衡阳东,HENG YANG DONG,中国铁路广州局,湖南省 衡阳市 衡南县,111.8606,28.1726,2810911,112.7049771,26.89914304,湖南省,衡阳市,衡南县
669,吉首东,JI SHOU DONG,中国铁路广州局,湖南省 湘西土家族苗族自治州 吉首市,108.8344,29.5044,94097158,109.7238674,28.21815776,湖南省,湘西土家族苗族自治州,吉首市
670,吉首,JI SHOU,中国铁路广州局,湖南省 湘西土家族苗族自治州 吉首市,108.8412,29.6146,21640016,109.7305661,28.32729984,湖南省,湘西土家族苗族自治州,吉首市
672,尖山,JIAN SHAN,中国铁路广州局,湖南省 长沙市 岳麓区,112.0402,29.5262,90137814,112.881901,28.23974848,湖南省,长沙市,岳麓区
716,开福寺,KAI FU SI,中国铁路广州局,湖南省 长沙市 开福区,112.1356,29.5125,90133356,112.9758796,28.22618,湖南省,长沙市,开福区
760,娄底,LOU DI,中国铁路广州局,湖南省 娄底市 娄星区,111.1447,29.0239,37930077,111.999744,27.74227056,湖南省,娄底市,娄星区
761,娄底南,LOU DI NAN,中国铁路广州局,湖南省 娄底市 娄星区,111.1534,28.9456,8770119,112.0083143,27.66472224,湖南省,娄底市,娄星区
770,麓谷,LU GU,中国铁路广州局,湖南省 长沙市 望城区,112.0164,29.5378,90138637,112.8584556,28.25123712,湖南省,长沙市,望城区
777,隆回,LONG HUI,中国铁路广州局,湖南省 邵阳市 隆回县,110.1597,28.425,90540955,111.0294205,27.14912,湖南省,邵阳市,隆回县
794,醴陵,LI LING,中国铁路广州局,湖南省 株洲市 醴陵市,112.6731,28.9537,35160145,113.5053708,27.67274448,湖南省,株洲市,醴陵市
808,龙山北,LONG SHAN BEI,中国铁路广州局,湖南省 湘西土家族苗族自治州 龙山县,108.567,30.7879,89705517,109.4604517,29.48933616,湖南省,湘西土家族苗族自治州,龙山县
825,澧县,LI XIAN,中国铁路广州局,湖南省 常德市 澧县,110.737,31.123,21330022,111.5981187,29.8212192,湖南省,常德市,澧县
834,耒阳,LEI YANG,中国铁路广州局,湖南省 衡阳市 耒阳市,111.9733,27.6756,2340293,112.8159978,26.40691424,湖南省,衡阳市,耒阳市
848,涟源,LIAN YUAN,中国铁路广州局,湖南省 娄底市 涟源市,110.8098,28.968,37960426,111.669834,27.6869072,湖南省,娄底市,涟源市
851,耒阳西,LEI YANG XI,中国铁路广州局,湖南省 衡阳市 耒阳市,111.9389,27.6851,2800690,112.7821104,26.41632304,湖南省,衡阳市,耒阳市
903,暮云,MU YUN,中国铁路广州局,湖南省 长沙市 天心区,112.16,29.2775,64480803,112.999916,27.993436,湖南省,长沙市,天心区
949,宁乡,NING XIANG,中国铁路广州局,湖南省 长沙市 宁乡市,111.7288,29.5797,25350803,112.5751409,28.29273488,湖南省,长沙市,宁乡市
1066,邵东,SHAO DONG,中国铁路广州局,湖南省 邵阳市 邵东市,110.8827,28.5546,37430735,111.7416478,27.27747584,湖南省,邵阳市,邵东市
1068,双峰北,SHUANG FENG BEI,中国铁路广州局,湖南省 娄底市 双峰县,111.1521,28.8404,37410221,112.0070337,27.56053216,湖南省,娄底市,双峰县
1105,石门县北,SHI MEN XIAN BEI,中国铁路广州局,湖南省 常德市 石门县,110.5635,30.9011,21350525,111.4272039,29.60144944,湖南省,常德市,石门县
1109,树木岭,SHU MU LING,中国铁路广州局,湖南省 长沙市 雨花区,112.1725,29.4444,64420575,113.0122298,28.15873376,湖南省,长沙市,雨花区
1135,韶山,SHAO SHAN,中国铁路广州局,湖南省 湘潭市 韶山市,111.6763,29.2072,37360267,112.5234231,27.92381088,湖南省,湘潭市,韶山市
1137,韶山南,SHAO SHAN NAN,中国铁路广州局,湖南省 湘潭市 韶山市,111.6951,29.1737,8760525,112.541943,27.89063248,湖南省,湘潭市,韶山市
1152,邵阳,SHAO YANG,中国铁路广州局,湖南省 邵阳市 大祥区,110.5917,28.4914,37440022,111.4549837,27.21488256,湖南省,邵阳市,大祥区
1186,通道,TONG DAO,中国铁路广州局,湖南省 怀化市 通道侗族自治县,108.738,27.5861,21960813,109.6289038,26.31827344,湖南省,怀化市,通道侗族自治县
1322,先锋,XIAN FENG,中国铁路广州局,湖南省 长沙市 天心区,112.1449,29.361,64460657,112.985041,28.0761344,湖南省,长沙市,天心区
1323,湘府路,XIANG FU LU,中国铁路广州局,湖南省 长沙市 雨花区,112.1835,29.4012,64440355,113.0230659,28.11594848,湖南省,长沙市,雨花区
1334,新化南,XIN HUA NAN,中国铁路广州局,湖南省 娄底市 新化县,110.2849,28.9374,8790305,111.152755,27.65660096,湖南省,娄底市,新化县
1336,新晃,XIN HUANG,中国铁路广州局,湖南省 怀化市 新晃侗族自治县,108.2976,28.6297,38250613,109.1950658,27.35185488,湖南省,怀化市,新晃侗族自治县
1338,新晃西,XIN HUANG XI,中国铁路广州局,湖南省 怀化市 新晃侗族自治县,108.2257,28.6599,8830647,109.1242371,27.38176496,湖南省,怀化市,新晃侗族自治县
1362,溆浦南,XU PU NAN,中国铁路广州局,湖南省 怀化市 溆浦县,109.7124,28.8877,8800223,110.5887852,27.60737808,湖南省,怀化市,溆浦县
1364,溆浦,XU PU,中国铁路广州局,湖南省 怀化市 溆浦县,109.6971,29.2126,38130301,110.5737132,27.92915904,湖南省,怀化市,溆浦县
1372,湘潭,XIANG TAN,中国铁路广州局,湖南省 湘潭市 雨湖区,112.0662,29.1618,35210785,112.9075136,27.87884672,湖南省,湘潭市,雨湖区
1409,香樟路,XIANG ZHANG LU,中国铁路广州局,湖南省 长沙市 雨花区,112.1836,29.4253,64430142,113.0231644,28.13981712,湖南省,长沙市,雨花区
1460,炎陵,YAN LING,中国铁路广州局,湖南省 株洲市 炎陵县,112.9496,27.7723,37260203,113.777751,26.50268592,湖南省,株洲市,炎陵县
1521,益阳,YI YANG,中国铁路广州局,湖南省 益阳市 赫山区,111.4856,29.8293,25370232,112.3355646,28.53993872,湖南省,益阳市,赫山区
1522,岳阳,YUE YANG,中国铁路广州局,湖南省 岳阳市 岳阳楼区,112.2748,30.6761,1940063,113.1130055,29.37860944,湖南省,岳阳市,岳阳楼区
1523,岳阳东,YUE YANG DONG,中国铁路广州局,湖南省 岳阳市 岳阳楼区,112.3651,30.665,2860648,113.20196,29.367616,湖南省,岳阳市,岳阳楼区
1524,益阳南,YI YANG NAN,中国铁路广州局,湖南省 益阳市 赫山区,111.4705,29.8064,97399560,112.3206896,28.51725856,湖南省,益阳市,赫山区
1527,永州,YONG ZHOU,中国铁路广州局,湖南省 永州市 冷水滩区,110.7032,27.7259,18820298,111.5648223,26.45673136,湖南省,永州市,冷水滩区
1554,芷江,ZHI JIANG,中国铁路广州局,湖南省 怀化市 芷江侗族自治县,108.7657,28.7369,8820182,109.6561911,27.45802576,湖南省,怀化市,芷江侗族自治县
1558,张家界,ZHANG JIA JIE,中国铁路广州局,湖南省 张家界市 永定区,109.6041,30.4004,21490204,110.4820989,29.10555616,湖南省,张家界市,永定区
1563,张家界西,ZHANG JIA JIE XI,中国铁路广州局,湖南省 张家界市 永定区,109.5785,30.4653,89758552,110.4568804,29.16983312,湖南省,张家界市,永定区
1605,株洲,ZHU ZHOU,中国铁路广州局,湖南省 株洲市 芦淞区,112.3127,29.1204,2170590,113.1503408,27.83784416,湖南省,株洲市,芦淞区
1607,株洲南,ZHU ZHOU NAN,中国铁路广州局,湖南省 株洲市 芦淞区,112.3238,29.0528,64550861,113.1612754,27.77089312,湖南省,株洲市,芦淞区
1609,株洲西,ZHU ZHOU XI,中国铁路广州局,湖南省 株洲市 渌口区,112.2221,29.0752,2830206,113.0610907,27.79307808,湖南省,株洲市,渌口区
1616,安化,AN HUA,中国铁路广州局,湖南省 益阳市 安化县,110.2259,29.3212,38070886,111.0946341,28.03671648,湖南省,益阳市,安化县
1618,安江东,AN JIANG DONG,中国铁路广州局,湖南省 怀化市 洪江市,109.276,28.6202,90502367,110.1588876,27.34244608,湖南省,怀化市,洪江市
1628,安仁,AN REN,中国铁路广州局,湖南省 郴州市 安仁县,112.4142,28.0438,37320496,113.2503284,26.77157952,湖南省,郴州市,安仁县
1681,板塘,BAN TANG,中国铁路广州局,湖南省 湘潭市 岳塘区,112.1106,29.1402,64510625,112.9512521,27.85745408,湖南省,湘潭市,岳塘区
1725,茶陵南,CHA LING NAN,中国铁路广州局,湖南省 株洲市 茶陵县,112.6871,28.0122,37290526,113.5191622,26.74028288,湖南省,株洲市,茶陵县
1803,大禾塘,DA HE TANG,中国铁路广州局,湖南省 邵阳市 邵东市,110.8994,28.5489,66090608,111.7580989,27.27183056,湖南省,邵阳市,邵东市
1868,道州,DAO ZHOU,中国铁路南宁局,湖南省 永州市 道县,110.7024,26.7765,37570480,111.5640342,25.5164456,湖南省,永州市,道县
1872,低庄,DI ZHUANG,中国铁路广州局,湖南省 怀化市 溆浦县,109.8373,29.3367,38110896,110.7118242,28.05206768,湖南省,怀化市,溆浦县
1899,凤凰古城,FENG HUANG GU CHENG,中国铁路广州局,湖南省 湘西土家族苗族自治州 凤凰县,108.7094,29.3043,94113837,109.6007299,28.01997872,湖南省,湘西土家族苗族自治州,凤凰县
1913,芙蓉镇,FU RONG ZHEN,中国铁路广州局,湖南省 湘西土家族苗族自治州 永顺县,109.0974,30.0637,94063800,109.9829487,28.77208848,湖南省,湘西土家族苗族自治州,永顺县
2020,古丈西,GU ZHANG XI,中国铁路广州局,湖南省 湘西土家族苗族自治州 古丈县,109.0461,29.9139,94080479,109.9324131,28.62372656,湖南省,湘西土家族苗族自治州,古丈县
2084,衡南,HENG NAN,中国铁路广州局,湖南省 衡阳市 衡南县,112.1038,28.0995,37340584,112.9445534,26.8267448,湖南省,衡阳市,衡南县
2111,汉寿,HAN SHOU,中国铁路广州局,湖南省 常德市 汉寿县,111.0827,30.1366,97382889,111.9386678,28.84428864,湖南省,常德市,汉寿县
2112,衡山,HENG SHAN,中国铁路广州局,湖南省 衡阳市 衡东县,112.04,28.4979,2240974,112.881704,27.22132016,湖南省,衡阳市,衡东县
2116,汉寿南,HAN SHOU NAN,中国铁路广州局,湖南省 常德市 汉寿县,111.0859,30.0632,25400796,111.9418201,28.77159328,湖南省,常德市,汉寿县
2119,衡山西,HENG SHAN XI,中国铁路广州局,湖南省 衡阳市 衡山县,111.9397,28.5273,2820522,112.7828985,27.25043792,湖南省,衡阳市,衡山县
2120,荷塘,HE TANG,中国铁路广州局,湖南省 湘潭市 岳塘区,112.1405,29.1664,64500664,112.9807066,27.88340256,湖南省,湘潭市,岳塘区
2170,江华,JIANG HUA,中国铁路南宁局,湖南省 永州市 江华瑶族自治县,110.6878,26.4376,37600761,111.5496518,25.18079904,湖南省,永州市,江华瑶族自治县
2178,九郎山,JIU LANG SHAN,中国铁路广州局,湖南省 株洲市 石峰区,112.2321,29.2044,64520610,113.0709417,27.92103776,湖南省,株洲市,石峰区
2227,江永,JIANG YONG,中国铁路南宁局,湖南省 永州市 江永县,110.5971,26.6091,37580433,111.4603032,25.35065264,湖南省,永州市,江永县
2238,靖州,JING ZHOU,中国铁路广州局,湖南省 怀化市 靖州苗族侗族自治县,108.7944,27.8392,21920140,109.6844634,26.56894368,湖南省,怀化市,靖州苗族侗族自治县
2311,路口铺,LU KOU PU,中国铁路广州局,湖南省 岳阳市 云溪区,112.5264,30.8105,1910595,113.3608566,29.5117192,湖南省,岳阳市,云溪区
2316,醴陵东,LI LING DONG,中国铁路广州局,湖南省 株洲市 醴陵市,112.7407,28.9995,22470393,113.5719636,27.7181048,湖南省,株洲市,醴陵市
2317,临澧,LIN LI,中国铁路广州局,湖南省 常德市 临澧县,110.7417,30.7333,25450754,111.6027487,29.43526032,湖南省,常德市,临澧县
2318,零陵,LING LING,中国铁路南宁局,湖南省 永州市 零陵区,110.7138,27.492,37510885,111.5752644,26.2250768,湖南省,永州市,零陵区
2339,冷水江东,LENG SHUI JIANG DONG,中国铁路广州局,湖南省 娄底市 冷水江市,110.5976,28.9409,38000086,111.4607958,27.66006736,湖南省,娄底市,冷水江市
2365,临湘,LIN XIANG,中国铁路广州局,湖南省 岳阳市 临湘市,112.6443,30.775,1900600,113.4769999,29.47656,湖南省,岳阳市,临湘市
2402,猛洞河,MENG DONG HE,中国铁路广州局,湖南省 湘西土家族苗族自治州 古丈县,109.0924,29.9802,21570789,109.9780232,28.68939008,湖南省,湘西土家族苗族自治州,古丈县
2411,汨罗东,MI LUO DONG,中国铁路广州局,湖南省 岳阳市 汨罗市,112.2987,30.0395,2850219,113.1365494,28.7481208,湖南省,岳阳市,汨罗市
2421,汨罗,MI LUO,中国铁路广州局,湖南省 岳阳市 汨罗市,112.2306,30.1079,2010808,113.0694641,28.81586416,湖南省,岳阳市,汨罗市
2435,麻阳,MA YANG,中国铁路广州局,湖南省 怀化市 麻阳苗族自治县,108.9109,29.1406,21710149,109.7992276,27.85785024,湖南省,怀化市,麻阳苗族自治县
2438,麻阳西,MA YANG XI,中国铁路广州局,湖南省 怀化市 麻阳苗族自治县,108.8872,29.1199,94130516,109.7758807,27.83734896,湖南省,怀化市,麻阳苗族自治县
2443,牛车河,NIU CHE HE,中国铁路广州局,湖南省 常德市 桃源县,110.1248,30.3277,89769159,110.9950405,29.03355408,湖南省,常德市,桃源县
2481,宁乡西,NING XIANG XI,中国铁路广州局,湖南省 长沙市 宁乡市,111.683,29.586,97416234,112.5300233,28.2989744,湖南省,长沙市,宁乡市
2547,祁东北,QI DONG BEI,中国铁路广州局,湖南省 衡阳市 祁东县,111.2657,28.0555,40670545,112.1189411,26.7831672,湖南省,衡阳市,祁东县
2549,祁东,QI DONG,中国铁路广州局,湖南省 衡阳市 祁东县,111.2058,28.0333,18790650,112.0599336,26.76118032,湖南省,衡阳市,祁东县
2600,祁阳,QI YANG,中国铁路广州局,湖南省 永州市 祁阳市,110.9671,27.8815,18800336,111.8247902,26.6108376,湖南省,永州市,祁阳市
2602,祁阳北,QI YANG BEI,中国铁路广州局,湖南省 永州市 祁阳市,110.96,27.9746,40700407,111.817796,26.70304384,湖南省,永州市,祁阳市
2689,石门县,SHI MEN XIAN,中国铁路广州局,湖南省 常德市 石门县,110.5023,30.8874,21360811,111.3669157,29.58788096,湖南省,常德市,石门县
2695,双牌,SHUANG PAI,中国铁路南宁局,湖南省 永州市 双牌县,110.7948,27.2866,37530393,111.6550575,26.02164864,湖南省,永州市,双牌县
2749,邵阳北,SHAO YANG BEI,中国铁路广州局,湖南省 邵阳市 新邵县,110.6359,28.8571,8780201,111.4985251,27.57707184,湖南省,邵阳市,新邵县
2759,邵阳西,SHAO YANG XI,中国铁路广州局,湖南省 邵阳市 邵阳县,110.3745,28.489,90550602,111.24102,27.2125056,湖南省,邵阳市,邵阳县
2766,桑植,SANG ZHI,中国铁路广州局,湖南省 张家界市 桑植县,109.208,30.6542,89737338,110.0919008,29.35691968,湖南省,张家界市,桑植县
2829,田心东,TIAN XIN DONG,中国铁路广州局,湖南省 株洲市 石峰区,112.2851,29.1817,64530455,113.123152,27.89855568,湖南省,株洲市,石峰区
2838,桃源,TAO YUAN,中国铁路广州局,湖南省 常德市 桃源县,110.5286,30.2,89790373,111.3928239,28.90708,湖南省,常德市,桃源县
2951,西渡,XI DU,中国铁路广州局,湖南省 衡阳市 衡阳县,111.5735,28.28,90579543,112.4221549,27.005512,湖南省,衡阳市,衡阳县
2972,新化,XIN HUA,中国铁路广州局,湖南省 娄底市 新化县,110.4314,29.0118,38020744,111.2970721,27.73028672,湖南省,娄底市,新化县
3018,湘潭北,XIANG TAN BEI,中国铁路广州局,湖南省 湘潭市 雨湖区,112.0954,29.252,8750001,112.9362785,27.9681808,湖南省,湘潭市,雨湖区
3030,湘乡,XIANG XIANG,中国铁路广州局,湖南省 湘潭市 湘乡市,111.6761,29.0296,35240489,112.5232261,27.74791584,湖南省,湘潭市,湘乡市
3128,杨桥,YANG QIAO,中国铁路广州局,湖南省 邵阳市 邵东市,111.1473,28.4472,90560249,112.0023052,27.17110688,湖南省,邵阳市,邵东市
3155,牙屯堡,YA TUN PU,中国铁路南宁局,湖南省 怀化市 通道侗族自治县,108.728,27.3986,21990485,109.6190528,26.13257344,湖南省,怀化市,通道侗族自治县
3165,攸县,YOU XIAN,中国铁路广州局,湖南省 株洲市 攸县,112.5138,28.2882,531828541,113.3484444,27.01363328,湖南省,株洲市,攸县
3167,攸县南,YOU XIAN NAN,中国铁路广州局,湖南省 株洲市 攸县,112.5,28.1175,37310478,113.33485,26.844572,湖南省,株洲市,攸县
3235,昭山,ZHAO SHAN,中国铁路广州局,湖南省 湘潭市 岳塘区,112.1816,29.2069,64490378,113.0211942,27.92351376,湖南省,湘潭市,岳塘区
23,长春,CHANG CHUN,中国铁路沈阳局,吉林省 长春市 宽城区,124.661,45.3455,24810469,125.3146511,43.9071832,吉林省,长春市,宽城区
24,长春南,CHANG CHUN NAN,中国铁路沈阳局,吉林省 长春市 朝阳区,124.5953,45.2854,24800185,125.24993,43.84766016,吉林省,长春市,朝阳区
25,长春西,CHANG CHUN XI,中国铁路沈阳局,吉林省 长春市 绿园区,124.5348,45.3116,12180795,125.1903315,43.87360864,吉林省,长春市,绿园区
140,一间堡,YI JIAN PU,中国铁路沈阳局,吉林省 长春市 宽城区,124.6956,45.437,24820555,125.3487356,43.9978048,吉林省,长春市,宽城区
187,白城,BAI CHENG,中国铁路沈阳局,吉林省 白城市 洮北区,122.1648,47.069,30710308,122.8556445,45.6141376,吉林省,白城市,洮北区
199,布海,BU HAI,中国铁路沈阳局,吉林省 长春市 德惠市,124.9703,45.8229,24850123,125.6193425,44.38000016,吉林省,长春市,德惠市
202,白河,BAI HE,中国铁路沈阳局,吉林省 延边朝鲜族自治州 安图县,127.5121,43.8736,56710163,128.1232697,42.44941344,吉林省,延边朝鲜族自治州,安图县
220,白山市,BAI SHAN SHI,中国铁路沈阳局,吉林省 白山市 浑江区,125.8133,43.3672,56410708,126.4497818,41.94787488,吉林省,白山市,浑江区
248,长白山,CHANG BAI SHAN,中国铁路沈阳局,吉林省 延边朝鲜族自治州 安图县,127.5075,43.8823,94780997,128.1187383,42.45802992,吉林省,延边朝鲜族自治州,安图县
257,柴岗,CHAI GANG,中国铁路沈阳局,吉林省 长春市 农安县,124.4575,46.0008,56250041,125.1141833,44.55619232,吉林省,长春市,农安县
303,春阳,CHUN YANG,中国铁路沈阳局,吉林省 延边朝鲜族自治州 汪清县,128.8416,45.1474,57150191,129.4329602,43.71098496,吉林省,延边朝鲜族自治州,汪清县
305,朝阳川,CHAO YANG CHUAN,中国铁路沈阳局,吉林省 延边朝鲜族自治州 龙井市,128.7658,44.2991,49700789,129.3582896,42.87082864,吉林省,延边朝鲜族自治州,龙井市
323,大安北,DA AN BEI,中国铁路沈阳局,吉林省 白城市 大安市,123.559,46.968,23970411,124.2290709,45.5141072,吉林省,白城市,大安市
343,敦化,DUN HUA,中国铁路沈阳局,吉林省 延边朝鲜族自治州 敦化市,127.6278,44.8091,49590214,128.2372458,43.37593264,吉林省,延边朝鲜族自治州,敦化市
345,德惠,DE HUI,中国铁路沈阳局,吉林省 长春市 德惠市,125.06,45.9757,24860317,125.707706,44.53133328,吉林省,长春市,德惠市
346,德惠西,DE HUI XI,中国铁路沈阳局,吉林省 长春市 德惠市,125.018,45.9873,12190631,125.6663318,44.54282192,吉林省,长春市,德惠市
348,达家沟,DA JIA GOU,中国铁路沈阳局,吉林省 长春市 德惠市,125.1667,46.1011,24870455,125.8128162,44.65552944,吉林省,长春市,德惠市
378,大屯,DA TUN,中国铁路沈阳局,吉林省 长春市 朝阳区,124.4982,45.2131,24790411,125.1542768,43.77605424,吉林省,长春市,朝阳区
426,范家屯,FAN JIA TUN,中国铁路沈阳局,吉林省 长春市 公主岭市,124.4075,45.1457,24780114,125.0649283,43.70930128,吉林省,长春市,公主岭市
450,扶余北,FU YU BEI,中国铁路沈阳局,吉林省 松原市 扶余市,125.3515,46.454,12200266,125.9948627,45.0050416,吉林省,松原市,扶余市
505,公主岭,GONG ZHU LING,中国铁路沈阳局,吉林省 长春市 公主岭市,124.141,44.9397,24760696,124.8023991,43.50527888,吉林省,长春市,公主岭市
506,公主岭南,GONG ZHU LING NAN,中国铁路沈阳局,吉林省 长春市 公主岭市,124.146,44.9029,12170480,124.8073246,43.46883216,吉林省,长春市,公主岭市
520,珲春,HUN CHUN,中国铁路沈阳局,吉林省 延边朝鲜族自治州 珲春市,129.8137,44.3258,50740697,130.3905759,42.89727232,吉林省,延边朝鲜族自治州,珲春市
551,华家,HUA JIA,中国铁路沈阳局,吉林省 长春市 农安县,124.4798,45.7304,56230673,125.136151,44.28838816,吉林省,长春市,农安县
560,哈拉海,HA LA HAI,中国铁路沈阳局,吉林省 长春市 农安县,124.4213,46.1158,56260078,125.0785226,44.67008832,吉林省,长春市,农安县
589,黑水,HEI SHUI,中国铁路沈阳局,吉林省 白城市 洮南市,122.1254,46.6626,30680186,122.8168315,45.21163904,吉林省,白城市,洮南市
625,集安,JI AN,中国铁路沈阳局,吉林省 通化市 集安市,125.5554,42.5432,56180342,126.1957245,41.13178528,吉林省,通化市,集安市
626,建安,JIAN AN,中国铁路沈阳局,吉林省 辽源市 东辽县,124.4164,44.5224,648915733,125.0736956,43.09198496,吉林省,辽源市,东辽县
642,蛟河,JIAO HE,中国铁路沈阳局,吉林省 吉林市 蛟河市,126.7189,45.1572,49510510,127.3418884,43.72069088,吉林省,吉林市,蛟河市
646,蛟河西,JIAO HE XI,中国铁路沈阳局,吉林省 吉林市 蛟河市,126.6654,45.163,50680133,127.2891855,43.7264352,吉林省,吉林市,蛟河市
652,吉林,JI LIN,中国铁路沈阳局,吉林省 吉林市 昌邑区,125.9343,45.2942,49420331,126.5689789,43.85637568,吉林省,吉林市,昌邑区
675,九台,JIU TAI,中国铁路沈阳局,吉林省 长春市 九台区,125.1835,45.5868,49330061,125.8293659,44.14616672,吉林省,长春市,九台区
676,九台南,JIU TAI NAN,中国铁路沈阳局,吉林省 长春市 九台区,125.1553,45.4579,50660889,125.801586,44.01850416,吉林省,长春市,九台区
698,靖宇,JING YU,中国铁路沈阳局,吉林省 白山市 靖宇县,126.1378,43.8161,56720302,126.7694468,42.39246544,吉林省,白山市,靖宇县
710,开安,KAI AN,中国铁路沈阳局,吉林省 长春市 农安县,124.5403,45.603,56220184,125.1957495,44.1622112,吉林省,长春市,农安县
773,柳河,LIU HE,中国铁路沈阳局,吉林省 通化市 柳河县,125.1096,43.7077,55990336,125.756567,42.28510608,吉林省,通化市,柳河县
781,刘家店,LIU JIA DIAN,中国铁路沈阳局,吉林省 长春市 榆树市,125.6604,46.2465,55620642,126.29916,44.7995336,吉林省,长春市,榆树市
782,龙井,LONG JING,中国铁路沈阳局,吉林省 延边朝鲜族自治州 龙井市,128.8283,44.2022,56800893,129.4198583,42.77485888,吉林省,延边朝鲜族自治州,龙井市
783,临江,LIN JIANG,中国铁路沈阳局,吉林省 白山市 临江市,126.2651,43.2174,56460652,126.89485,41.79951296,吉林省,白山市,临江市
785,龙嘉,LONG JIA,中国铁路沈阳局,吉林省 长春市 二道区,125.0432,45.4282,50650065,125.6911563,43.98908928,吉林省,长春市,二道区
846,辽源,LIAO YUAN,中国铁路沈阳局,吉林省 辽源市 龙山区,124.4626,44.3289,55930374,125.1192073,42.90034256,吉林省,辽源市,龙山区
875,梅河口,MEI HE KOU,中国铁路沈阳局,吉林省 通化市 梅河口市,125.0272,43.956,51150645,125.6753947,42.5310224,吉林省,通化市,梅河口市
894,米沙子,MI SHA ZI,中国铁路沈阳局,吉林省 长春市 宽城区,124.8161,45.5849,24830304,125.4674401,44.14428496,吉林省,长春市,宽城区
911,农安,NONG AN,中国铁路沈阳局,吉林省 长春市 农安县,124.4949,45.8758,56240281,125.151026,44.43239232,吉林省,长春市,农安县
977,磐石,PAN SHI,中国铁路沈阳局,吉林省 吉林市 磐石市,125.417,44.3527,51200825,126.0593867,42.92391408,吉林省,吉林市,磐石市
1084,松江河,SONG JIANG HE,中国铁路沈阳局,吉林省 白山市 抚松县,126.8513,43.6058,56610206,127.4723156,42.18418432,吉林省,白山市,抚松县
1094,舒兰,SHU LAN,中国铁路沈阳局,吉林省 吉林市 舒兰市,126.3174,45.8479,49250081,126.9463707,44.40476016,吉林省,吉林市,舒兰市
1122,四平东,XI PING DONG,中国铁路沈阳局,吉林省 四平市 铁东区,123.7638,44.5643,12160205,124.4308194,43.13348272,吉林省,四平市,铁东区
1124,四平,SI PING,中国铁路沈阳局,吉林省 四平市 铁西区,123.6968,44.5943,24710057,124.3648177,43.16319472,吉林省,四平市,铁西区
1154,双阳,SHUANG YANG,中国铁路沈阳局,吉林省 长春市 双阳区,124.9835,44.9481,790137653,125.6323459,43.51359824,吉林省,长春市,双阳区
1159,松原,SONG YUAN,中国铁路沈阳局,吉林省 松原市 宁江区,124.1465,46.5559,56290548,124.8078172,45.10596336,吉林省,松原市,宁江区
1201,通化,TONG HUA,中国铁路沈阳局,吉林省 通化市 东昌区,125.3278,43.1666,56070576,125.9715158,41.74920064,吉林省,通化市,东昌区
1204,陶家屯,TAO JIA TUN,中国铁路沈阳局,吉林省 长春市 公主岭市,124.3216,45.0778,24770017,124.9803082,43.64205312,吉林省,长春市,公主岭市
1215,陶赖昭,TAO LAI ZHAO,中国铁路沈阳局,吉林省 松原市 扶余市,125.2861,46.2709,24890354,125.9304371,44.82369936,吉林省,松原市,扶余市
1216,图们北,TU MEN BEI,中国铁路沈阳局,吉林省 延边朝鲜族自治州 图们市,129.2024,44.4218,50730749,129.7883842,42.99235072,吉林省,延边朝鲜族自治州,图们市
1217,图们,TU MEN,中国铁路沈阳局,吉林省 延边朝鲜族自治州 图们市,129.2441,44.39,49750214,129.8294629,42.960856,吉林省,延边朝鲜族自治州,图们市
1236,通榆,TONG YU,中国铁路沈阳局,吉林省 白城市 通榆县,122.3794,46.2491,30670120,123.0670469,44.80210864,吉林省,白城市,通榆县
1264,五棵树,WU KE SHU,中国铁路沈阳局,吉林省 长春市 榆树市,125.5097,46.2448,55610888,126.1507055,44.79784992,吉林省,长春市,榆树市
1276,沃皮,WO PI,中国铁路沈阳局,吉林省 长春市 宽城区,124.8718,45.6671,24840715,125.5223102,44.22569584,吉林省,长春市,宽城区
1277,汪清,WANG QING,中国铁路沈阳局,吉林省 延边朝鲜族自治州 汪清县,129.1418,44.7606,57100086,129.7286872,43.32789824,吉林省,延边朝鲜族自治州,汪清县
1345,谢家镇,XIE JIA ZHEN,中国铁路沈阳局,吉林省 长春市 榆树市,126.1731,46.0101,55650429,126.8042208,44.56540304,吉林省,长春市,榆树市
1353,新立镇,XIN LI ZHEN,中国铁路沈阳局,吉林省 长春市 榆树市,126.0864,46.1364,55640817,126.7188126,44.69049056,吉林省,长春市,榆树市
1443,延吉,YAN JI,中国铁路沈阳局,吉林省 延边朝鲜族自治州 延吉市,128.8951,44.3102,49710154,129.485663,42.88182208,吉林省,延边朝鲜族自治州,延吉市
1447,姚家,YAO JIA,中国铁路沈阳局,吉林省 长春市 德惠市,125.2234,46.2216,24880688,125.8686713,44.77487264,吉林省,长春市,德惠市
1449,延吉西,YAN JI XI,中国铁路沈阳局,吉林省 延边朝鲜族自治州 龙井市,128.8117,44.3289,50720818,129.4035057,42.90034256,吉林省,延边朝鲜族自治州,龙井市
1499,榆树,YU SHU,中国铁路沈阳局,吉林省 长春市 榆树市,125.891,46.2609,55630615,126.5263241,44.81379536,吉林省,长春市,榆树市
1512,烟筒山,YAN TONG SHAN,中国铁路沈阳局,吉林省 吉林市 磐石市,125.3784,44.7134,51230089,126.0213618,43.28115136,吉林省,吉林市,磐石市
1566,镇赉,ZHEN LAI,中国铁路沈阳局,吉林省 白城市 镇赉县,122.4995,47.313,30720452,123.1853575,45.8557952,吉林省,白城市,镇赉县
1613,安广,AN GUANG,中国铁路沈阳局,吉林省 白城市 大安市,123.0916,47.0267,56350202,123.7686352,45.57224368,吉林省,白城市,大安市
1631,安图,AN TU,中国铁路沈阳局,吉林省 延边朝鲜族自治州 安图县,128.3001,44.5424,49650849,128.8995285,43.11179296,吉林省,延边朝鲜族自治州,安图县
1632,安图西,AN TU XI,中国铁路沈阳局,吉林省 延边朝鲜族自治州 安图县,128.2846,44.5399,50710058,128.8842595,43.10931696,吉林省,延边朝鲜族自治州,安图县
1672,白泉,BAI QUAN,中国铁路沈阳局,吉林省 辽源市 东辽县,124.334,44.3516,55920365,124.9925234,42.92282464,吉林省,辽源市,东辽县
1678,白石山,BAI SHI SHAN,中国铁路沈阳局,吉林省 吉林市 蛟河市,126.9479,45.0153,49530693,127.5674763,43.58015312,吉林省,吉林市,蛟河市
1712,查干湖,CHA GAN HU,中国铁路沈阳局,吉林省 松原市 前郭尔罗斯蒙古族自治县,123.8728,46.7369,55319235,124.5381953,45.28522576,吉林省,松原市,前郭尔罗斯蒙古族自治县
1717,蔡家沟,CAI JIA GOU,中国铁路沈阳局,吉林省 松原市 扶余市,125.4868,46.5666,24920483,126.1281467,45.11656064,吉林省,松原市,扶余市
1745,长山屯,CHANG SHAN TUN,中国铁路沈阳局,吉林省 松原市 前郭尔罗斯蒙古族自治县,123.7926,46.7623,56320336,124.4591903,45.31038192,吉林省,松原市,前郭尔罗斯蒙古族自治县
1759,朝阳镇,CHAO YANG ZHEN,中国铁路沈阳局,吉林省 通化市 辉南县,125.3756,44.1064,51170140,126.0186036,42.67997856,吉林省,通化市,辉南县
1767,大安,DA AN,中国铁路沈阳局,吉林省 白城市 大安市,123.5913,46.9484,56330091,124.2608896,45.49469536,吉林省,白城市,大安市
1771,到保,DAO BAO,中国铁路沈阳局,吉林省 白城市 镇赉县,122.4752,47.0499,56370715,123.1614195,45.59522096,吉林省,白城市,镇赉县
1792,东丰,DONG FENG,中国铁路沈阳局,吉林省 辽源市 东丰县,124.8869,44.0765,55970317,125.5371852,42.6503656,吉林省,辽源市,东丰县
1833,大石头南,DA SHI TOU NAN,中国铁路沈阳局,吉林省 延边朝鲜族自治州 敦化市,127.8476,44.726,50700652,128.4537708,43.2936304,吉林省,延边朝鲜族自治州,敦化市
1834,大石头,DA SHI TOU,中国铁路沈阳局,吉林省 延边朝鲜族自治州 敦化市,127.8889,44.7319,49610020,128.4944554,43.29947376,吉林省,延边朝鲜族自治州,敦化市
1841,东通化,DONG TONG HUA,中国铁路沈阳局,吉林省 通化市 二道江区,125.3945,43.183,56080191,126.037222,41.7654432,吉林省,通化市,二道江区
1847,大兴沟,DA XING GOU,中国铁路沈阳局,吉林省 延边朝鲜族自治州 汪清县,129.0647,44.8419,57110543,129.652736,43.40841776,吉林省,延边朝鲜族自治州,汪清县
1883,二密河,ER MI HE,中国铁路沈阳局,吉林省 通化市 通化县,125.1765,43.202,56060350,125.8224702,41.7842608,吉林省,通化市,通化县
1921,抚松,FU SONG,中国铁路沈阳局,吉林省 白山市 抚松县,126.6348,43.7177,56740505,127.2590415,42.29501008,吉林省,白山市,抚松县
1933,扶余,FU YU,中国铁路沈阳局,吉林省 松原市 扶余市,125.3724,46.433,24910710,126.0154512,44.9842432,吉林省,松原市,扶余市
1960,郭家店,GUO JIA DIAN,中国铁路沈阳局,吉林省 四平市 梨树县,123.905,44.7707,24730370,124.5699155,43.33790128,吉林省,四平市,梨树县
1981,弓棚子,GONG PENG ZI,中国铁路沈阳局,吉林省 松原市 扶余市,125.0762,46.5116,62020439,125.7236646,45.06208864,吉林省,松原市,扶余市
1991,果松,GUO SONG,中国铁路沈阳局,吉林省 通化市 通化县,125.6089,43.0102,56120547,126.2484274,41.59430208,吉林省,通化市,通化县
2016,官字井,GUAN ZI JING,中国铁路沈阳局,吉林省 松原市 乾安县,123.1154,46.4502,23930582,123.7920805,45.00127808,吉林省,松原市,乾安县
2027,黄柏,HUANG BAI,中国铁路沈阳局,吉林省 通化市 集安市,125.6949,42.7464,56150174,126.333146,41.33303456,吉林省,通化市,集安市
2074,和龙,HE LONG,中国铁路沈阳局,吉林省 延边朝鲜族自治州 和龙市,128.3872,43.9763,56750382,128.9853307,42.55112752,吉林省,延边朝鲜族自治州,和龙市
2075,海龙,HAI LONG,中国铁路沈阳局,吉林省 通化市 梅河口市,125.181,44.072,51160124,125.8269031,42.6459088,吉林省,通化市,梅河口市
2086,黄泥河,HUANG NI HE,中国铁路沈阳局,吉林省 延边朝鲜族自治州 敦化市,127.396,44.9857,49560431,128.0088996,43.55083728,吉林省,延边朝鲜族自治州,敦化市
2110,黄松甸,HUANG SONG DIAN,中国铁路沈阳局,吉林省 吉林市 蛟河市,127.1013,45.073,49540555,127.7185906,43.6372992,吉林省,吉林市,蛟河市
2151,金宝屯,JIN BAO TUN,中国铁路沈阳局,吉林省 四平市 双辽市,122.8898,44.8127,30620250,123.569842,43.37949808,吉林省,四平市,双辽市
2199,吉舒,JI SHU,中国铁路沈阳局,吉林省 吉林市 舒兰市,126.163,45.7269,59080463,126.7942713,44.28492176,吉林省,吉林市,舒兰市
2200,建设,JIAN SHE,中国铁路沈阳局,吉林省 白城市 大安市,123.4997,46.9028,23960437,124.1706545,45.44953312,吉林省,白城市,大安市
2228,江源,JIANG YUAN,中国铁路沈阳局,吉林省 白山市 江源区,125.9406,43.4573,56500621,126.5751851,42.03710992,吉林省,白山市,江源区
2251,口前,KOU QIAN,中国铁路沈阳局,吉林省 吉林市 永吉县,125.8526,45.0975,51300421,126.4884963,43.661564,吉林省,吉林市,永吉县
2303,两家,LIANG JIA,中国铁路沈阳局,吉林省 白城市 大安市,123.2633,46.9796,56340022,123.9377768,45.52559584,吉林省,白城市,大安市
2343,露水河,LU SHUI HE,中国铁路沈阳局,吉林省 白山市 抚松县,127.1902,43.9342,56680880,127.806166,42.50943168,吉林省,白山市,抚松县
2397,明城,MING CHENG,中国铁路沈阳局,吉林省 吉林市 磐石市,125.3648,44.6212,51220348,126.0079645,43.18983648,吉林省,吉林市,磐石市
2415,庙岭,MIAO LING,中国铁路沈阳局,吉林省 延边朝鲜族自治州 汪清县,129.0662,44.9321,57120722,129.6542136,43.49775184,吉林省,延边朝鲜族自治州,汪清县
2418,茂林,MAO LIN,中国铁路沈阳局,吉林省 四平市 双辽市,122.71,45.4133,30650607,123.392721,43.97433232,吉林省,四平市,双辽市
2487,平安,PING AN,中国铁路沈阳局,吉林省 吉林市 舒兰市,126.5384,46.0347,49230227,127.1640778,44.58976688,吉林省,吉林市,舒兰市
2492,平安镇,PING AN ZHEN,中国铁路沈阳局,吉林省 白城市 洮北区,121.8557,47.2077,50180530,122.5511501,45.75150608,吉林省,白城市,洮北区
2500,平岗,PING GANG,中国铁路沈阳局,吉林省 辽源市 东辽县,124.207,44.4016,55910004,124.8674157,42.97234464,吉林省,辽源市,东辽县
2520,平台,PING TAI,中国铁路沈阳局,吉林省 白城市 洮北区,121.9585,47.1723,50170205,122.6524184,45.71644592,吉林省,白城市,洮北区
2542,乾安,QIAN AN,中国铁路沈阳局,吉林省 松原市 乾安县,123.1952,46.5465,23940701,123.8706915,45.0966536,吉林省,松原市,乾安县
2598,泉阳,QUAN YANG,中国铁路沈阳局,吉林省 白山市 抚松县,126.9114,43.7586,56640458,127.5315201,42.33551744,吉林省,白山市,抚松县
2639,山城镇,SHAN CHENG ZHEN,中国铁路沈阳局,吉林省 通化市 梅河口市,124.7714,43.7978,51120143,125.4234061,42.37434112,吉林省,通化市,梅河口市
2665,双河镇,SHUANG HE ZHEN,中国铁路沈阳局,吉林省 吉林市 永吉县,125.5332,44.8971,51260540,126.1738553,43.46308784,吉林省,吉林市,永吉县
2669,双吉,SHUANG JI,中国铁路沈阳局,吉林省 吉林市 昌邑区,125.7911,45.3998,50670331,126.4279126,43.96096192,吉林省,吉林市,昌邑区
2674,松江镇,SONG JIANG ZHEN,中国铁路沈阳局,吉林省 延边朝鲜族自治州 安图县,127.6934,43.9819,56790582,128.3018683,42.55667376,吉林省,延边朝鲜族自治州,安图县
2675,三井子,SAN JING ZI,中国铁路沈阳局,吉林省 松原市 扶余市,124.6832,46.5521,62010438,125.3365203,45.10219984,吉林省,松原市,扶余市
2682,双辽,SHUANG LIAO,中国铁路沈阳局,吉林省 四平市 双辽市,122.8327,44.9376,30570631,123.5135928,43.50319904,吉林省,四平市,双辽市
2683,石岭,SHI LING,中国铁路沈阳局,吉林省 四平市 梨树县,124.0311,44.5172,55900814,124.6941366,43.08683488,吉林省,四平市,梨树县
2716,松树镇,SONG SHU ZHEN,中国铁路沈阳局,吉林省 白山市 江源区,126.4802,43.471,56550476,127.106745,42.0506784,吉林省,白山市,江源区
2730,石岘,SHI YAN,中国铁路沈阳局,吉林省 延边朝鲜族自治州 图们市,129.1916,44.507,57070101,129.7777452,43.0767328,吉林省,延边朝鲜族自治州,图们市
2748,松原北,SONG YUAN BEI,中国铁路沈阳局,吉林省 松原市 前郭尔罗斯蒙古族自治县,124.3291,46.5539,62000212,124.9876964,45.10398256,吉林省,松原市,前郭尔罗斯蒙古族自治县
2755,三源浦,SAN YUAN PU,中国铁路沈阳局,吉林省 通化市 柳河县,125.105,43.4719,56030264,125.7520355,42.05156976,吉林省,通化市,柳河县
2782,铁厂,TIE CHANG,中国铁路沈阳局,吉林省 通化市 二道江区,125.555,43.1295,56110647,126.1953305,41.7124568,吉林省,通化市,二道江区
2791,天岗,TIAN GANG,中国铁路沈阳局,吉林省 吉林市 蛟河市,126.3178,45.3389,49460014,126.9467648,43.90064656,吉林省,吉林市,蛟河市
2800,通化县,TONG HUA XIAN,中国铁路沈阳局,吉林省 通化市 通化县,125.167,43.0918,57060742,125.8131117,41.67511872,吉林省,通化市,通化县
2814,洮南,TAO NAN,中国铁路沈阳局,吉林省 白城市 洮南市,122.11,46.7898,30690275,122.801661,45.33761792,吉林省,白城市,洮南市
2815,太平川,TAI PING CHUAN,中国铁路沈阳局,吉林省 松原市 长岭县,122.4898,45.8389,23880885,123.175802,44.39584656,吉林省,松原市,长岭县
2819,天桥岭,TIAN QIAO LING,中国铁路沈阳局,吉林省 延边朝鲜族自治州 汪清县,129.0332,45.0172,57130288,129.6217053,43.58203488,吉林省,延边朝鲜族自治州,汪清县
2827,通途,TONG TU,中国铁路沈阳局,吉林省 松原市 前郭尔罗斯蒙古族自治县,123.9854,46.6455,56310610,124.6491175,45.1947032,吉林省,松原市,前郭尔罗斯蒙古族自治县
2836,驼腰岭,TUO YAO LING,中国铁路沈阳局,吉林省 通化市 柳河县,125.2497,43.5987,56010746,125.8945795,42.17715248,吉林省,通化市,柳河县
2858,五道沟,WU DAO GOU,中国铁路沈阳局,吉林省 通化市 柳河县,125.2236,43.5536,56020444,125.8688684,42.13248544,吉林省,通化市,柳河县
2868,王府,WANG FU,中国铁路沈阳局,吉林省 松原市 前郭尔罗斯蒙古族自治县,124.3386,46.3184,56270646,124.9970549,44.87074336,吉林省,松原市,前郭尔罗斯蒙古族自治县
2869,湾沟,WAN GOU,中国铁路沈阳局,吉林省 白山市 江源区,126.2625,43.4824,56520748,126.8922888,42.06196896,吉林省,白山市,江源区
2871,威虎岭北,WEI HU ING BEI,中国铁路沈阳局,吉林省 延边朝鲜族自治州 敦化市,127.2193,44.9923,50690466,127.8348324,43.55737392,吉林省,延边朝鲜族自治州,敦化市
2879,渭津,WEI JIN,中国铁路沈阳局,吉林省 辽源市 东辽县,124.6183,44.2165,55950733,125.2725873,42.7890216,吉林省,辽源市,东辽县
2926,苇子沟,WEI ZI GOU,中国铁路沈阳局,吉林省 延边朝鲜族自治州 图们市,129.0788,44.4567,49740117,129.6666259,43.02691568,吉林省,延边朝鲜族自治州,图们市
3006,仙人桥,XIAN REN QIAO,中国铁路沈阳局,吉林省 白山市 抚松县,126.6069,43.5931,56580435,127.2315572,42.17160624,吉林省,白山市,抚松县
3067,阳岔,YANG CHA,中国铁路沈阳局,吉林省 通化市 集安市,125.5941,42.6251,56170030,126.2338479,41.21289904,吉林省,通化市,集安市
3127,永庆,YONG QING,中国铁路沈阳局,吉林省 延边朝鲜族自治州 安图县,127.6237,44.1328,94764318,128.2332069,42.70612512,吉林省,延边朝鲜族自治州,安图县
3154,伊通,YI TONG,中国铁路沈阳局,吉林省 四平市 伊通满族自治县,124.6235,44.8,186904511,125.2777099,43.36692,吉林省,四平市,伊通满族自治县
3244,镇西,ZHEN XI,中国铁路沈阳局,吉林省 白城市 洮北区,121.7013,47.2955,50190713,122.3990506,45.8384632,吉林省,白城市,洮北区
95,南京,NAN JING,中国铁路上海局,江苏省 南京市 玄武区,118.0388,33.4124,26810367,118.7911219,32.08864096,江苏省,南京市,玄武区
96,南京南,NAN JING NAN,中国铁路上海局,江苏省 南京市 雨花台区,118.0396,33.2928,6080011,118.79191,31.97018912,江苏省,南京市,雨花台区
308,常州北,CHANG ZHOU BEI,中国铁路上海局,江苏省 常州市 新北区,119.2152,33.1768,6110031,119.9499935,31.85530272,江苏省,常州市,新北区
316,常州,CHANG ZHOU,中国铁路上海局,江苏省 常州市 天宁区,119.2327,33.1068,26980153,119.9672328,31.78597472,江苏省,常州市,天宁区
390,丹阳,DAN YANG,中国铁路上海局,江苏省 镇江市 丹阳市,118.8468,33.3262,26930489,119.5870827,32.00326848,江苏省,镇江市,丹阳市
433,阜宁东,FU NING DONG,中国铁路上海局,江苏省 盐城市 阜宁县,119.1989,35.1401,91091391,119.9339364,33.79975504,江苏省,盐城市,阜宁县
501,赣榆,GAN YU,中国铁路上海局,江苏省 连云港市 赣榆区,118.3563,36.2294,91023659,119.1038911,34.87859776,江苏省,连云港市,赣榆区
510,淮安东,HUAI AN DONG,中国铁路上海局,江苏省 淮安市 淮安区,118.4358,34.9078,90576587,119.1822066,33.56968512,江苏省,淮安市,淮安区
511,淮安,HUAI AN,中国铁路上海局,江苏省 淮安市 淮阴区,118.2776,34.9885,35610350,119.0263638,33.6496104,江苏省,淮安市,淮阴区
570,海门,HAI MEN,中国铁路上海局,江苏省 南通市 海门区,120.4632,33.2495,91169019,121.1793983,31.9273048,江苏省,南通市,海门区
661,江宁,JIANG NING,中国铁路上海局,江苏省 南京市 江宁区,118.1425,33.2604,32530777,118.8932768,31.93810016,江苏省,南京市,江宁区
663,江宁西,JIANG NING XI,中国铁路上海局,江苏省 南京市 江宁区,117.8349,33.1461,48070074,118.59026,31.82489744,江苏省,南京市,江宁区
726,昆山,KUN SHAN,中国铁路上海局,江苏省 苏州市 昆山市,120.2336,32.6841,27160728,120.9532194,31.36733264,江苏省,苏州市,昆山市
728,昆山南,KUN SHAN NAN,中国铁路上海局,江苏省 苏州市 昆山市,120.2264,32.6706,6140407,120.9461266,31.35396224,江苏省,苏州市,昆山市
775,六合,LU HE,中国铁路上海局,江苏省 南京市 六合区,118.0909,33.6932,35270074,118.8424456,32.36674528,江苏省,南京市,六合区
815,溧水,LI SHUI,中国铁路上海局,江苏省 南京市 溧水区,118.3421,33,32550921,119.0899027,31.6802,江苏省,南京市,溧水区
835,溧阳,LI YANG,中国铁路上海局,江苏省 常州市 溧阳市,118.7549,32.7033,32570172,119.496552,31.38634832,江苏省,常州市,溧阳市
839,连云港东,LIAN YUN GANG DONG,中国铁路上海局,江苏省 连云港市 连云区,118.5887,36.0666,9030029,119.3328284,34.71736064,江苏省,连云港市,连云区
841,连云港,LIAN YUN GANG,中国铁路上海局,江苏省 连云港市 海州区,118.409,35.9575,9060693,119.1558059,34.609308,江苏省,连云港市,海州区
944,南通,NAN TONG,中国铁路上海局,江苏省 南通市 崇川区,120.1346,33.3936,35390014,120.8556945,32.07002144,江苏省,南通市,崇川区
945,南通西,NAN TONG XI,中国铁路上海局,江苏省 南通市 通州区,120.0381,33.4267,90534826,120.7606323,32.10280368,江苏省,南通市,通州区
1009,启东,QI DONG,中国铁路上海局,江苏省 南通市 启东市,120.9319,33.1799,91188427,121.6411147,31.85837296,江苏省,南通市,启东市
1050,如东,RU DONG,中国铁路上海局,江苏省 南通市 如东县,120.4559,33.7749,55860064,121.1722071,32.44766096,江苏省,南通市,如东县
1118,睢宁,SUI NING,中国铁路上海局,江苏省 徐州市 睢宁县,117.1651,35.2953,90555321,117.93044,33.95346512,江苏省,徐州市,睢宁县
1126,宿迁,SU QIAN,中国铁路上海局,江苏省 宿迁市 宿城区,117.515,35.215,90565954,118.2751265,33.873936,江苏省,宿迁市,宿城区
1163,苏州北,SU ZHOU BEI,中国铁路上海局,江苏省 苏州市 相城区,119.9142,32.7401,6130857,120.6385784,31.42279504,江苏省,苏州市,相城区
1173,苏州,SU ZHOU,中国铁路上海局,江苏省 苏州市 姑苏区,119.8813,32.6473,27110233,120.6061686,31.33088592,江苏省,苏州市,姑苏区
1242,泰州,TAI ZHOU,中国铁路上海局,江苏省 泰州市 海陵区,119.2404,33.8591,35340900,119.974818,32.53105264,江苏省,泰州市,海陵区
1288,无锡东,WU XI DONG,中国铁路上海局,江苏省 无锡市 锡山区,119.7277,32.9165,6120865,120.4548573,31.5975016,江苏省,无锡市,锡山区
1289,无锡,WU XI,中国铁路上海局,江苏省 无锡市 梁溪区,119.5715,32.9076,27020425,120.3009847,31.58868704,江苏省,无锡市,梁溪区
1349,仙林,XIAN LIN,中国铁路上海局,江苏省 南京市 栖霞区,118.1559,33.4485,26860430,118.9064771,32.1243944,江苏省,南京市,栖霞区
1404,徐州东,XU ZHOU DONG,中国铁路上海局,江苏省 徐州市 鼓楼区,116.5231,35.6129,6010135,117.2980058,34.26801616,江苏省,徐州市,鼓楼区
1408,徐州,XU ZHOU,中国铁路上海局,江苏省 徐州市 云龙区,116.4238,35.6109,9210429,117.2001854,34.26603536,江苏省,徐州市,云龙区
1422,盐城北,YAN CHENG BEI,中国铁路上海局,江苏省 盐城市 盐都区,119.3643,34.7863,35680381,120.0968719,33.44935152,江苏省,盐城市,盐都区
1431,盐城,YAN CHENG,中国铁路上海局,江苏省 盐城市 盐都区,119.4472,34.71,35690510,120.1785367,33.373784,江苏省,盐城市,盐都区
1519,宜兴,YI XING,中国铁路上海局,江苏省 无锡市 宜兴市,119.0712,32.6297,32580074,119.8081391,31.31345488,江苏省,无锡市,宜兴市
1525,扬州东,YANG ZHOU DONG,中国铁路上海局,江苏省 扬州市 广陵区,118.7804,33.7328,91903009,119.521672,32.40596512,江苏省,扬州市,广陵区
1529,扬州,YANG ZHOU,中国铁路上海局,江苏省 扬州市 邗江区,118.6002,33.7181,35300885,119.344157,32.39140624,江苏省,扬州市,邗江区
1548,中华门,ZHONG HUA MEN,中国铁路上海局,江苏省 南京市 雨花台区,118.0178,33.3305,32050691,118.7704348,32.0075272,江苏省,南京市,雨花台区
1550,张家港,ZHANG JIA GANG,中国铁路上海局,江苏省 苏州市 张家港市,119.9465,33.1398,90551555,120.6703972,31.81865792,江苏省,苏州市,张家港市
1556,镇江,ZHEN JIANG,中国铁路上海局,江苏省 镇江市 润州区,118.6829,33.5236,26900880,119.4256248,32.19877344,江苏省,镇江市,润州区
1561,镇江南,ZHEN JIANG NAN,中国铁路上海局,江苏省 镇江市 丹徒区,118.6745,33.4779,6090069,119.41735,32.15351216,江苏省,镇江市,丹徒区
1638,栟茶,BING CHA,中国铁路上海局,江苏省 南通市 如东县,120.1553,33.8277,55850017,120.876086,32.49995408,江苏省,南通市,如东县
1645,滨海港,BIN HAI GANG,中国铁路上海局,江苏省 盐城市 滨海县,119.118,35.4023,91081691,119.8542418,34.05943792,江苏省,盐城市,滨海县
1646,宝华山,BAO HUA SHAN,中国铁路上海局,江苏省 镇江市 句容市,118.3004,33.475,26870665,119.048824,32.15064,江苏省,镇江市,句容市
1691,宝应,BAO YING,中国铁路上海局,江苏省 扬州市 宝应县,118.6382,34.551,91877977,119.3815908,33.2163104,江苏省,扬州市,宝应县
1743,常熟,CHANG SHU,中国铁路上海局,江苏省 苏州市 常熟市,120.0533,33.0183,90559893,120.7756058,31.69832432,江苏省,苏州市,常熟市
1795,大港南,DA GANG NAN,中国铁路上海局,江苏省 镇江市 京口区,118.9326,33.4584,91911353,119.6716043,32.13419936,江苏省,镇江市,京口区
1805,东海县,DONG HAI XIAN,中国铁路上海局,江苏省 连云港市 东海县,118.0088,35.864,9090855,118.7615689,34.5167056,江苏省,连云港市,东海县
1838,东台,DONG TAI,中国铁路上海局,江苏省 盐城市 东台市,119.6104,34.2067,35720526,120.339305,32.87531568,江苏省,盐城市,东台市
1842,丹徒,DAN TU,中国铁路上海局,江苏省 镇江市 丹徒区,118.7736,33.4407,26920527,119.5149734,32.11666928,江苏省,镇江市,丹徒区
1857,丹阳北,DAN YANG BEI,中国铁路上海局,江苏省 镇江市 丹阳市,118.9264,33.3394,6100655,119.6654966,32.01634176,江苏省,镇江市,丹阳市
1907,阜宁,FU NING,中国铁路上海局,江苏省 盐城市 阜宁县,118.871,34.9343,35650807,119.6109221,33.59593072,江苏省,盐城市,阜宁县
1908,阜宁南,FU NING NAN,中国铁路上海局,江苏省 盐城市 阜宁县,118.8985,34.9108,90587220,119.6380124,33.57265632,江苏省,盐城市,阜宁县
1974,灌南,GUAN NAN,中国铁路上海局,江苏省 连云港市 灌南县,118.5277,35.4427,91293264,119.2727373,34.09945008,江苏省,连云港市,灌南县
2004,高邮北,GAO YOU BEI,中国铁路上海局,江苏省 扬州市 高邮市,118.7071,34.3361,91886321,119.4494642,33.00347344,江苏省,扬州市,高邮市
2005,观音机场,GUAN YIN JI CHANG,中国铁路上海局,江苏省 徐州市 睢宁县,116.7854,35.382,90544668,117.5563975,34.0393328,江苏省,徐州市,睢宁县
2006,高邮,GAO YOU,中国铁路上海局,江苏省 扬州市 高邮市,118.7577,34.1054,91894665,119.4993103,32.77498816,江苏省,扬州市,高邮市
2007,灌云,GUAN YUN,中国铁路上海局,江苏省 连云港市 灌云县,118.5573,35.6334,91282432,119.3018962,34.28831936,江苏省,连云港市,灌云县
2022,海安,HAI AN,中国铁路上海局,江苏省 南通市 海安市,119.7734,33.8772,35360403,120.4998763,32.54897888,江苏省,南通市,海安市
2023,淮安南,HUAI AN NAN,中国铁路上海局,江苏省 淮安市 清江浦区,118.3395,34.9295,35620250,119.0873415,33.5911768,江苏省,淮安市,清江浦区
2099,花桥,HUA QIAO,中国铁路上海局,江苏省 苏州市 昆山市,120.3229,32.6527,27180621,121.0411888,31.33623408,江苏省,苏州市,昆山市
2114,惠山,HUI SHAN,中国铁路上海局,江苏省 无锡市 惠山区,119.4647,32.9901,27000756,120.195776,31.67039504,江苏省,无锡市,惠山区
2162,江都,JIANG DU,中国铁路上海局,江苏省 扬州市 江都区,118.8314,33.7879,35320343,119.5719121,32.46053616,江苏省,扬州市,江都区
2171,建湖,JIAN HU,中国铁路上海局,江苏省 盐城市 建湖县,119.0552,34.8437,35660645,119.7923775,33.50620048,江苏省,盐城市,建湖县
2193,句容西,JU RONG XI,中国铁路上海局,江苏省 镇江市 句容市,118.224,33.1552,32540449,118.9735624,31.83391008,江苏省,镇江市,句容市
2222,姜堰,JIANG YAN,中国铁路上海局,江苏省 泰州市 姜堰区,119.3804,33.8638,35350552,120.112732,32.53570752,江苏省,泰州市,姜堰区
2345,涟水,LIAN SHUI,中国铁路上海局,江苏省 淮安市 涟水县,118.4436,35.1168,91304096,119.1898904,33.77667872,江苏省,淮安市,涟水县
2537,邳州东,PI ZHOU DONG,中国铁路上海局,江苏省 徐州市 邳州市,117.2423,35.6699,92537148,118.0064897,34.32446896,江苏省,徐州市,邳州市
2539,邳州,PI ZHOU,中国铁路上海局,江苏省 徐州市 邳州市,117.1866,35.6633,9160627,117.9516197,34.31793232,江苏省,徐州市,邳州市
2584,戚墅堰,QI SHU YAN,中国铁路上海局,江苏省 常州市 武进区,119.3285,33.0433,26990450,120.0616054,31.72308432,江苏省,常州市,武进区
2616,如皋,RU GAO,中国铁路上海局,江苏省 南通市 如皋市,119.8768,33.7121,35370330,120.6017357,32.38546384,江苏省,南通市,如皋市
2617,如皋南,RU GAO NAN,中国铁路上海局,江苏省 南通市 如皋市,119.8986,33.6733,92211759,120.6232109,32.34703632,江苏省,南通市,如皋市
2660,泗洪,SI HONG,中国铁路上海局,江苏省 宿迁市 泗洪县,117.4517,34.9453,35480104,118.2127697,33.60682512,江苏省,宿迁市,泗洪县
2740,泗阳,SI YANG,中国铁路上海局,江苏省 宿迁市 泗阳县,117.9542,35.0954,35520627,118.7077824,33.75548416,江苏省,宿迁市,泗阳县
2741,沭阳,SHU YANG,中国铁路上海局,江苏省 宿迁市 沭阳县,118.0044,35.4554,35580923,118.7572344,34.11202816,江苏省,宿迁市,沭阳县
2745,射阳,SHE YANG,中国铁路上海局,江苏省 盐城市 射阳县,119.2789,35.0218,91101091,120.0127444,33.68259072,江苏省,盐城市,射阳县
2772,苏州园区,SU ZHOU YUAN QU,中国铁路上海局,江苏省 苏州市 姑苏区,119.9828,32.6581,27140666,120.7061563,31.34158224,江苏省,苏州市,姑苏区
2773,苏州新区,SU ZHOU XIN QU,中国铁路上海局,江苏省 苏州市 虎丘区,119.7937,32.6894,27100862,120.5198739,31.37258176,江苏省,苏州市,虎丘区
2778,太仓,TAI CANG,中国铁路上海局,江苏省 苏州市 太仓市,120.4755,32.8309,90576569,121.1915151,31.51272336,江苏省,苏州市,太仓市
2786,太仓南,TAI CANG NAN,中国铁路上海局,江苏省 苏州市 太仓市,120.4309,32.7259,90593245,121.1475796,31.40873136,江苏省,苏州市,太仓市
2912,瓦屋山,WA WU SHAN,中国铁路上海局,江苏省 常州市 溧阳市,118.523,32.8785,32560546,119.2681073,31.5598664,江苏省,常州市,溧阳市
2919,无锡新区,WU XI XIN QU,中国铁路上海局,江苏省 无锡市 新吴区,119.6581,32.8162,27090360,120.3862943,31.49816448,江苏省,无锡市,新吴区
3016,响水县,XIANG SHUI XIAN,中国铁路上海局,江苏省 盐城市 响水县,118.9422,35.5363,91071991,119.6810612,34.19215152,江苏省,盐城市,响水县
3042,新沂,XIN YI,中国铁路上海局,江苏省 徐州市 新沂市,117.5824,35.7272,9120580,118.3415222,34.38121888,江苏省,徐州市,新沂市
3044,新沂南,XIN YI NAN,中国铁路上海局,江苏省 徐州市 新沂市,117.565,35.6735,92528805,118.3243815,34.3280344,江苏省,徐州市,新沂市
3064,盐城大丰,YAN CHENG DA FENG,中国铁路上海局,江苏省 盐城市 大丰区,119.6065,34.5193,92203413,120.3354632,33.18491472,江苏省,盐城市,大丰区
3073,阳澄湖,YANG CHENG HU,中国铁路上海局,江苏省 苏州市 昆山市,120.136,32.6979,27150536,120.8570736,31.38100016,江苏省,苏州市,昆山市
3097,洋河,YANG HE,中国铁路上海局,江苏省 宿迁市 宿城区,117.6026,35.1298,35500427,118.3614213,33.78955392,江苏省,宿迁市,宿城区
3181,仪征,YI ZHENG,中国铁路上海局,江苏省 扬州市 仪征市,118.3962,33.6415,35290665,119.1431966,32.3155416,江苏省,扬州市,仪征市
3279,句容,JU RONG,中国铁路上海局,江苏省 镇江市 句容市,118.4187,33.2445,99333744,119.1653614,31.9223528,江苏省,镇江市,句容市
3280,金坛,JIN TAN,中国铁路上海局,江苏省 常州市 金坛区,118.7973,33.0167,99350418,119.5383202,31.69673968,江苏省,常州市,金坛区
3282,江阴,JIANG YIN,中国铁路上海局,江苏省 无锡市 江阴市,119.5452,33.1839,35790360,120.2750765,31.86233456,江苏省,无锡市,江阴市
3307,武进,WU JIN,中国铁路上海局,江苏省 常州市 武进区,119.2066,32.9796,99367092,119.9415217,31.65999584,江苏省,常州市,武进区
90,南昌东,NAN CHANG DONG,中国铁路南昌局,江西省 南昌市 青山湖区,115.2215,29.906,100317420,116.0157997,28.6159024,江西省,南昌市,青山湖区
91,南昌,NAN CHANG,中国铁路南昌局,江西省 南昌市 西湖区,115.1184,29.9555,20020310,115.9142358,28.6649272,江西省,南昌市,西湖区
92,南昌南,NAN CHANG NAN,中国铁路南昌局,江西省 南昌市 南昌县,115.1502,29.7937,20050398,115.945562,28.50468048,江西省,南昌市,南昌县
94,南昌西,NAN CHANG XI,中国铁路南昌局,江西省 南昌市 新建区,114.9894,29.9153,22420624,115.7871579,28.62511312,江西省,南昌市,新建区
284,崇仁,CHONG REN,中国铁路南昌局,江西省 抚州市 崇仁县,115.2601,29.059,91661591,116.0538245,27.7770336,江西省,抚州市,崇仁县
364,定南,DING NAN,中国铁路南昌局,江西省 赣州市 定南县,114.19,26.0282,20380362,114.999669,24.77532928,江西省,赣州市,定南县
365,定南南,DING NAN NAN,中国铁路南昌局,江西省 赣州市 定南县,114.2153,25.9965,94447417,115.024592,24.7439336,江西省,赣州市,定南县
385,东乡,DONG XIANG,中国铁路南昌局,江西省 抚州市 东乡区,115.8361,29.5154,34910607,116.6212421,28.22905216,江西省,抚州市,东乡区
429,浮梁东,FU LIANG DONG,中国铁路南昌局,江西省 景德镇市 浮梁县,116.6821,30.8118,100400775,117.4546367,29.51300672,江西省,景德镇市,浮梁县
451,分宜,FEN YI,中国铁路南昌局,江西省 新余市 分宜县,113.8437,29.0899,35060617,114.6585289,27.80763696,江西省,新余市,分宜县
459,抚州,FU ZHOU,中国铁路南昌局,江西省 抚州市 临川区,115.5569,29.2043,37040424,116.3462022,27.92093872,江西省,抚州市,临川区
463,高安,GAO AN BEI,中国铁路南昌局,江西省 宜春市 高安市,114.5748,29.7623,22430737,115.3787355,28.47358192,江西省,宜春市,高安市
485,共青城,GONG QING CHENG,中国铁路南昌局,江西省 九江市 共青城市,114.9705,30.5406,19960315,115.7685396,29.24441024,江西省,九江市,共青城市
504,赣州,GAN ZHOU,中国铁路南昌局,江西省 赣州市 章贡区,114.1499,27.084,20280231,114.9601665,25.8209936,江西省,赣州市,章贡区
509,赣州西,GAN ZHOU XI,中国铁路南昌局,江西省 赣州市 南康区,113.9983,27.0846,89610054,114.8108253,25.82158784,江西省,赣州市,南康区
624,吉安,JI AN,中国铁路南昌局,江西省 吉安市 青原区,114.207,28.383,20170240,115.0164157,27.1075232,江西省,吉安市,青原区
627,吉安西,JI AN XI,中国铁路南昌局,江西省 吉安市 吉州区,114.1168,28.4147,89546412,114.9275597,27.13891888,江西省,吉安市,吉州区
628,江边村,JIANG BIAN CUN,中国铁路南昌局,江西省 抚州市 乐安县,115.1116,28.9606,91672424,115.9075372,27.67957824,江西省,抚州市,乐安县
633,景德镇北,JING DE ZHEN BEI,中国铁路南昌局,江西省 景德镇市 珠山区,116.4607,30.6384,90113665,117.2365356,29.34127136,江西省,景德镇市,珠山区
636,景德镇,JING DE ZHEN,中国铁路南昌局,江西省 景德镇市 珠山区,116.4401,30.5837,33040005,117.2162425,29.28709648,江西省,景德镇市,珠山区
639,井冈山,JING GANG SHAN,中国铁路南昌局,江西省 吉安市 井冈山市,113.4718,28.0014,37220244,114.2921702,26.72958656,江西省,吉安市,井冈山市
649,九江,JIU JIANG,中国铁路南昌局,江西省 九江市 濂溪区,115.2067,31.0063,19900356,116.0012202,29.70563952,江西省,九江市,濂溪区
685,进贤,JIN XIAN,中国铁路南昌局,江西省 南昌市 进贤县,115.4498,29.6442,34930058,116.240698,28.35661568,江西省,南昌市,进贤县
687,进贤南,JIN XIAN NAN,中国铁路南昌局,江西省 南昌市 进贤县,115.4381,29.6272,22410755,116.2291723,28.33977888,江西省,南昌市,进贤县
749,临川,LIN CHUAN,中国铁路南昌局,江西省 抚州市 临川区,115.4591,29.2461,91650758,116.2498594,27.96233744,江西省,抚州市,临川区
814,庐山,LU SHAN,中国铁路南昌局,江西省 九江市 柴桑区,115.0794,30.899,19930777,115.8758169,29.5993696,江西省,九江市,柴桑区
918,南城,NAN CHENG,中国铁路南昌局,江西省 抚州市 南城县,115.8256,28.8461,37060470,116.6108986,27.56617744,江西省,抚州市,南城县
926,南丰,NAN FENG,中国铁路南昌局,江西省 抚州市 南丰县,115.8117,28.5658,37070293,116.5972057,27.28856832,江西省,抚州市,南丰县
982,萍乡北,PING XIANG BEI,中国铁路南昌局,江西省 萍乡市 上栗县,113.0144,28.9681,22460727,113.8415854,27.68700624,江西省,萍乡市,上栗县
984,萍乡,PING XIANG,中国铁路南昌局,江西省 萍乡市 安源区,113.0079,28.9309,35130332,113.8351823,27.65016336,江西省,萍乡市,安源区
993,彭泽,PENG ZE,中国铁路南昌局,江西省 九江市 彭泽县,115.7515,31.1697,32480559,116.5379027,29.86747088,江西省,九江市,彭泽县
1052,瑞金,RUI JIN,中国铁路南昌局,江西省 赣州市 瑞金市,115.2574,27.1273,30860713,116.0511647,25.86387792,江西省,赣州市,瑞金市
1130,上饶,SHANG RAO,中国铁路南昌局,江西省 上饶市 信州区,117.236,29.7829,22370200,118.0002836,28.49398416,江西省,上饶市,信州区
1196,泰和,TAI HE,中国铁路南昌局,江西省 吉安市 泰和县,114.1344,28.107,20180193,114.9448974,26.8341728,江西省,吉安市,泰和县
1299,婺源,WU YUAN,中国铁路南昌局,江西省 上饶市 婺源县,117.1056,30.5374,22580451,117.8718266,29.24124096,江西省,上饶市,婺源县
1328,兴国,XING GUO,中国铁路南昌局,江西省 赣州市 兴国县,114.5078,27.5995,20230306,115.3127338,26.3315448,江西省,赣州市,兴国县
1373,向塘,XIANG TANG,中国铁路南昌局,江西省 南昌市 南昌县,115.1614,29.7344,20060826,115.9565951,28.44594976,江西省,南昌市,南昌县
1393,新余北,XIN YU BEI,中国铁路南昌局,江西省 新余市 渝水区,114.0796,29.1981,22440758,114.890914,27.91479824,江西省,新余市,渝水区
1401,新余,XIN YU,中国铁路南昌局,江西省 新余市 渝水区,114.1236,29.0951,35040024,114.9342584,27.81278704,江西省,新余市,渝水区
1428,宜春,YI CHUN,中国铁路南昌局,江西省 宜春市 袁州区,113.6127,29.072,22450288,114.4309708,27.7899088,江西省,宜春市,袁州区
1437,于都,YU DU,中国铁路南昌局,江西省 赣州市 于都县,114.6075,27.2417,30840837,115.4109483,25.97717968,江西省,赣州市,于都县
1497,玉山,YU SHAN,中国铁路南昌局,江西省 上饶市 玉山县,117.47,29.9528,34820736,118.230797,28.66225312,江西省,上饶市,玉山县
1502,玉山南,YU SHAN NAN,中国铁路南昌局,江西省 上饶市 玉山县,117.5274,29.9396,22360137,118.2873417,28.64917984,江西省,上饶市,玉山县
1506,鹰潭,YING TAN,中国铁路南昌局,江西省 鹰潭市 月湖区,116.2427,29.5237,34890165,117.0217838,28.23727248,江西省,鹰潭市,月湖区
1508,鹰潭北,YING TAN BEI,中国铁路南昌局,江西省 鹰潭市 贵溪市,116.2538,29.5955,22390563,117.0327184,28.3083832,江西省,鹰潭市,贵溪市
1584,樟树,ZHANG SHU,中国铁路南昌局,江西省 宜春市 樟树市,114.7709,29.3644,34990563,115.5719136,28.07950176,江西省,宜春市,樟树市
1768,德安,DE AN,中国铁路南昌局,江西省 九江市 德安县,114.9631,30.6087,19950545,115.7612498,29.31185648,江西省,九江市,德安县
1780,都昌,DU CHANG,中国铁路南昌局,江西省 九江市 都昌县,115.622,30.7887,90116544,116.4103322,29.49012848,江西省,九江市,都昌县
1846,德兴东,DE XING DONG,中国铁路南昌局,江西省 上饶市 德兴市,117.1879,30.414,90110933,117.9529003,29.1190256,江西省,上饶市,德兴市
1848,德兴,DE XING,中国铁路南昌局,江西省 上饶市 德兴市,117.0883,30.2532,22590810,117.8547843,28.95976928,江西省,上饶市,德兴市
1863,大余,DA YU,中国铁路南昌局,江西省 赣州市 大余县,113.6003,26.6995,5250262,114.4187555,25.4401848,江西省,赣州市,大余县
1890,丰城东,FENG CHENG DONG,中国铁路南昌局,江西省 宜春市 丰城市,115.0085,29.4536,89514591,115.8059734,28.16784544,江西省,宜春市,丰城市
1893,丰城,FENG CHENG,中国铁路南昌局,江西省 宜春市 丰城市,114.9872,29.4709,34970381,115.7849907,28.18497936,江西省,宜春市,丰城市
1895,丰城南,FENG CHENG NAN,中国铁路南昌局,江西省 宜春市 丰城市,114.9574,29.3557,20090788,115.7556347,28.07088528,江西省,宜春市,丰城市
1934,抚州北,FU ZHOU BEI,中国铁路南昌局,江西省 抚州市 临川区,115.4959,29.2936,37030283,116.2861111,28.00938144,江西省,抚州市,临川区
1935,抚州东,FU ZHOU DONG,中国铁路南昌局,江西省 抚州市 东乡区,115.8263,29.5505,22400424,116.6115881,28.2638152,江西省,抚州市,东乡区
2001,赣县北,GAN XIAN BEI,中国铁路南昌局,江西省 赣州市 赣县区,114.3419,27.2727,89588840,115.1493057,26.00788208,江西省,赣州市,赣县区
2002,贵溪,GUI XI,中国铁路广州局,江西省 鹰潭市 贵溪市,116.4323,29.5798,33190219,117.2085587,28.29283392,江西省,鹰潭市,贵溪市
2032,会昌北,HUI CHANG BEI,中国铁路南昌局,江西省 赣州市 会昌县,114.9821,27.0907,30850378,115.7799667,25.82762928,江西省,赣州市,会昌县
2046,横峰,HENG FENG,中国铁路南昌局,江西省 上饶市 横峰县,116.8261,29.7044,34860650,117.5964911,28.41623776,江西省,上饶市,横峰县
2065,湖口,HU KOU,中国铁路南昌局,江西省 九江市 湖口县,115.4891,31.0313,32500635,116.2794124,29.73039952,江西省,九江市,湖口县
2208,吉水西,JI SHUI XI,中国铁路南昌局,江西省 吉安市 吉水县,114.2762,28.5576,89535805,115.0845846,27.28044704,江西省,吉安市,吉水县
2214,进贤北,JIN XIAN BEI,中国铁路南昌局,江西省 南昌市 进贤县,115.5646,29.9713,100334091,116.3537875,28.68057552,江西省,南昌市,进贤县
2325,龙南,LONG NAN,中国铁路南昌局,江西省 赣州市 龙南市,114.0613,26.1755,20360526,114.8728866,24.9212152,江西省,赣州市,龙南市
2326,龙南东,LONG NAN DONG,中国铁路南昌局,江西省 赣州市 龙南市,114.0521,26.1603,94430738,114.8638237,24.90616112,江西省,赣州市,龙南市
2327,乐平北,LE PING BEI,中国铁路南昌局,江西省 景德镇市 乐平市,116.2571,30.4546,100384104,117.0359692,29.15923584,江西省,景德镇市,乐平市
2331,乐平市,LE PING SHI,中国铁路南昌局,江西省 景德镇市 乐平市,116.3299,30.2619,33090417,117.1076845,28.96838576,江西省,景德镇市,乐平市
2346,龙市,LONG SHI,中国铁路南昌局,江西省 吉安市 井冈山市,113.1368,27.9941,37240502,113.9621617,26.72235664,江西省,吉安市,井冈山市
2364,芦溪,LU XI,中国铁路南昌局,江西省 萍乡市 芦溪县,113.2225,28.9352,35100910,114.0465848,27.65442208,江西省,萍乡市,芦溪县
2447,宁都,NING DU,中国铁路南昌局,江西省 赣州市 宁都县,115.1744,27.6702,93146187,115.9694014,26.40156608,江西省,赣州市,宁都县
2528,鄱阳,PO YANG,中国铁路南昌局,江西省 上饶市 鄱阳县,116.0124,30.2755,100367433,116.7949152,28.9818552,江西省,上饶市,鄱阳县
2530,鄱阳北,PO YANG BEI,中国铁路南昌局,江西省 上饶市 鄱阳县,116.1077,30.6324,90114326,116.8887953,29.33532896,江西省,上饶市,鄱阳县
2614,瑞昌,RUI CHANG,中国铁路南昌局,江西省 九江市 瑞昌市,114.8664,30.991,43470543,115.6659906,29.6904864,江西省,九江市,瑞昌市
2615,瑞昌西,RUI CHANGE XI,中国铁路南昌局,江西省 九江市 瑞昌市,114.8278,30.9617,90077139,115.6279658,29.66146768,江西省,九江市,瑞昌市
2632,石城东,SHI CHENG DONG,中国铁路南昌局,江西省 赣州市 石城县,115.5554,27.566,93171216,116.3447245,26.2983664,江西省,赣州市,石城县
2849,万安县,WAN AN XIAN,中国铁路南昌局,江西省 吉安市 万安县,114.0267,27.7976,89567626,114.8388022,26.52774304,江西省,吉安市,万安县
2867,五府山,WU FU SHAN,中国铁路南昌局,江西省 上饶市 广信区,117.2761,29.5167,22600449,118.0397861,28.23033968,江西省,上饶市,广信区
2895,万年,WAN NIAN,中国铁路南昌局,江西省 上饶市 万年县,116.296,29.9792,33130151,117.0742896,28.68839968,江西省,上饶市,万年县
2954,信丰,XIN FENG,中国铁路南昌局,江西省 赣州市 信丰县,114.0912,26.6574,20320050,114.9023411,25.39848896,江西省,赣州市,信丰县
2956,信丰西,XIN FENG XI,中国铁路南昌局,江西省 赣州市 信丰县,114.0836,26.6101,94414059,114.8948544,25.35164304,江西省,赣州市,信丰县
2957,新干,XIN GAN,中国铁路南昌局,江西省 吉安市 新干县,114.5872,29.0162,20120177,115.3909507,27.73464448,江西省,吉安市,新干县
2959,新干东,XIN GAN DONG,中国铁路南昌局,江西省 吉安市 新干县,114.6182,29.0272,89525198,115.4214888,27.74553888,江西省,吉安市,新干县
2960,兴国西,XING GUO XI,中国铁路南昌局,江西省 赣州市 兴国县,114.4686,27.5823,89578233,115.2741179,26.31450992,江西省,赣州市,兴国县
2978,峡江,XIA JIANG,中国铁路南昌局,江西省 吉安市 峡江县,114.5259,28.8808,20130127,115.3305641,27.60054432,江西省,吉安市,峡江县
3080,于都北,YU DU BEI,中国铁路南昌局,江西省 赣州市 于都县,114.7876,27.5272,93129501,115.5883648,26.25993888,江西省,赣州市,于都县
3089,余干,YU GAN,中国铁路南昌局,江西省 上饶市 余干县,115.8587,30.0643,100350762,116.6435054,28.77268272,江西省,上饶市,余干县
3103,余江,YU JIANG,中国铁路南昌局,江西省 鹰潭市 余江区,116.0307,29.5045,34900154,116.8129426,28.2182568,江西省,鹰潭市,余江区
3166,永修,YONG XIU,中国铁路南昌局,江西省 九江市 永修县,115.0136,30.3163,19980078,115.8109974,29.02226352,江西省,九江市,永修县
3172,弋阳,YI YANG,中国铁路南昌局,江西省 上饶市 弋阳县,116.6657,29.7021,22380406,117.4384811,28.41395984,江西省,上饶市,弋阳县
3233,樟树东,ZHANG SHU DONG,中国铁路南昌局,江西省 宜春市 樟树市,114.7923,29.2498,20100104,115.5929947,27.96600192,江西省,宜春市,樟树市
3242,资溪,ZI XI,中国铁路南昌局,江西省 抚州市 资溪县,116.2945,29.005,31090227,117.072812,27.723552,江西省,抚州市,资溪县
19,万象,WAN XIANG,中国铁路昆明局,老挝 万象市 塞塔尼县,102.690676,18.04667,94013763,103.6716849,16.87042197,老挝,万象市,塞塔尼县
865,磨丁,MO DING,中国铁路昆明局,老挝,100.6648,22.3693,93713499,101.6759945,21.15155472,老挝,,
2259,琅勃拉邦,LANG BO LA BANG,中国铁路昆明局,老挝,101.2156,21.0684,93846955,102.2185876,19.86314336,老挝,,
2426,孟赛,MENG SAI,中国铁路昆明局,老挝,100.9671,21.8904,93780227,101.9737902,20.67725216,老挝,,
2900,万荣,WAN RONG,中国铁路昆明局,老挝,101.4619,20.145,93930365,102.4612177,18.948608,老挝,,
45,孤家子,GU JIA ZI,中国铁路沈阳局,辽宁省 沈阳市 浑南区,122.7988,43.1473,60280594,123.4801979,41.73008592,辽宁省,沈阳市,浑南区
63,皇姑屯,HUANG GU TUN,中国铁路沈阳局,辽宁省 沈阳市 皇姑区,122.7036,43.2276,24560609,123.3864164,41.80961504,辽宁省,沈阳市,皇姑区
82,林盛堡,LIN SHENG PU,中国铁路沈阳局,辽宁省 沈阳市 苏家屯区,122.6713,42.9898,24190232,123.3545976,41.57409792,辽宁省,沈阳市,苏家屯区
111,沈阳,SHEN YANG,中国铁路沈阳局,辽宁省 沈阳市 铁西区,112.7019,43.2082,24150034,113.5337417,41.79040128,辽宁省,沈阳市,铁西区
112,沈阳北,SHEN YANG BEI,中国铁路沈阳局,辽宁省 沈阳市 皇姑区,122.7447,43.2329,12120262,123.426904,41.81486416,辽宁省,沈阳市,皇姑区
113,沈阳东,SHEN YANG DONG,中国铁路沈阳局,辽宁省 沈阳市 大东区,122.8118,43.2368,50910484,123.4930042,41.81872672,辽宁省,沈阳市,大东区
114,沈阳南,SHEN YANG NAN,中国铁路沈阳局,辽宁省 沈阳市 浑南区,122.7145,43.0802,42980205,123.397154,41.66363008,辽宁省,沈阳市,浑南区
116,沈阳西,SHEN YANG XI,中国铁路沈阳局,辽宁省 沈阳市 于洪区,122.5415,43.3335,90898028,123.2267317,41.9144984,辽宁省,沈阳市,于洪区
143,榆树台,YU SHU TAI,中国铁路沈阳局,辽宁省 沈阳市 浑南区,122.7327,43.13,60260779,123.4150828,41.712952,辽宁省,沈阳市,浑南区
171,安平,AN PING,中国铁路沈阳局,辽宁省 辽阳市 弓长岭区,122.7388,42.5755,61640062,123.4210919,41.1637752,辽宁省,辽阳市,弓长岭区
175,鞍山,AN SHAN,中国铁路沈阳局,辽宁省 鞍山市 铁东区,122.2878,42.5181,24250209,122.9768118,41.10692624,辽宁省,鞍山市,铁东区
177,鞍山西,AN SHAN XI,中国铁路沈阳局,辽宁省 鞍山市 铁西区,122.2176,42.5259,42970109,122.9076578,41.11465136,辽宁省,鞍山市,铁西区
216,北票,BEI PIAO,中国铁路沈阳局,辽宁省 朝阳市 北票市,120.0592,43.1822,90849749,120.7814179,41.76465088,辽宁省,朝阳市,北票市
225,本溪,BEN XI,中国铁路沈阳局,辽宁省 本溪市 平山区,123.0719,42.7041,5640186,123.7492287,41.29114064,辽宁省,本溪市,平山区
236,鲅鱼圈,BA YU QUAN,中国铁路沈阳局,辽宁省 营口市 鲅鱼圈区,121.3857,41.5865,42930633,122.0881531,40.1842696,辽宁省,营口市,鲅鱼圈区
291,昌图,CHANG TU,中国铁路沈阳局,辽宁省 铁岭市 昌图县,123.4366,44.2014,24680083,124.1084947,42.77406656,辽宁省,铁岭市,昌图县
292,昌图西,CHANG TU XI,中国铁路沈阳局,辽宁省 铁岭市 昌图县,123.3847,44.201,12150495,124.057368,42.7736704,辽宁省,铁岭市,昌图县
302,陈相屯,CHEN XIANG TUN,中国铁路沈阳局,辽宁省 沈阳市 苏家屯区,122.8429,42.9766,5570787,123.5236408,41.56102464,辽宁省,沈阳市,苏家屯区
328,丹东,DAN DONG,中国铁路沈阳局,辽宁省 丹东市 振兴区,123.7113,41.522,5870260,124.3791016,40.1203888,辽宁省,丹东市,振兴区
335,东港北,DONG GANG BEI,中国铁路沈阳局,辽宁省 丹东市 东港市,123.4507,41.3069,50780813,124.1223846,39.90735376,辽宁省,丹东市,东港市
338,大孤山,DA GU SHAN,中国铁路沈阳局,辽宁省 丹东市 东港市,122.8987,41.332,50800714,123.5786094,39.9322128,辽宁省,丹东市,东港市
341,大红旗,DA HONG QI,中国铁路沈阳局,辽宁省 沈阳市 新民市,121.9129,43.2888,30090543,122.6074978,41.87022752,辽宁省,沈阳市,新民市
342,大虎山,DA HU SHAN,中国铁路沈阳局,辽宁省 锦州市 黑山县,121.4406,43.0244,30130491,122.1422351,41.60836576,辽宁省,锦州市,黑山县
355,大连北,DA LIAN BEI,中国铁路沈阳局,辽宁省 大连市 甘井子区,120.8913,40.4052,24510759,121.6011196,39.01431008,辽宁省,大连市,甘井子区
360,大连,DA LIAN,中国铁路沈阳局,辽宁省 大连市 中山区,120.9171,40.3101,24550561,121.6265352,38.92012304,辽宁省,大连市,中山区
374,大石桥,DA SHI QIAO,中国铁路沈阳局,辽宁省 营口市 大石桥市,121.8025,42.0491,24330616,122.4987428,40.64242864,辽宁省,营口市,大石桥市
422,凤凰城,FENG HUANG CHENG,中国铁路沈阳局,辽宁省 丹东市 凤城市,123.3766,41.8512,5810725,124.0493887,40.44642848,辽宁省,丹东市,凤城市
438,抚顺北,FU SHUN BEI,中国铁路沈阳局,辽宁省 抚顺市 顺城区,123.235,43.3036,50950508,123.9098985,41.88488544,辽宁省,抚顺市,顺城区
445,阜新,FU XIN,中国铁路沈阳局,辽宁省 阜新市 细河区,120.9436,43.4744,90869057,121.6526404,42.05404576,辽宁省,阜新市,细河区
447,阜新南,FU XIN NAN,中国铁路沈阳局,辽宁省 阜新市 海州区,120.922,43.4029,57820506,121.6313622,41.98323216,辽宁省,阜新市,海州区
474,高花,GAO HUA,中国铁路沈阳局,辽宁省 沈阳市 铁西区,122.3419,43.1043,464469030,123.0301057,41.68749872,辽宁省,沈阳市,铁西区
508,盖州西,GAI ZHOU XI,中国铁路沈阳局,辽宁省 营口市 盖州市,121.5683,41.8054,42940813,122.2680323,40.40106816,辽宁省,营口市,盖州市
522,海城,HAI CHENG,中国铁路沈阳局,辽宁省 鞍山市 海城市,122.0426,42.2688,24290150,122.7352653,40.86001952,辽宁省,鞍山市,海城市
526,海城西,HAI CHENG XI,中国铁路沈阳局,辽宁省 鞍山市 海城市,121.9586,42.3204,42960524,122.6525169,40.91112416,辽宁省,鞍山市,海城市
557,葫芦岛北,HU LU DAO BEI,中国铁路沈阳局,辽宁省 葫芦岛市 连山区,120.0338,42.1478,12070899,120.7563964,40.74018112,辽宁省,葫芦岛市,连山区
558,葫芦岛,HU LU DAO,中国铁路沈阳局,辽宁省 葫芦岛市 连山区,120.1415,42.1582,30270386,120.8624917,40.75048128,辽宁省,葫芦岛市,连山区
561,寒岭,HAN LING,中国铁路沈阳局,辽宁省 辽阳市 辽阳县,122.8702,42.5894,61660384,123.550534,41.17754176,辽宁省,辽阳市,辽阳县
640,近海,JIN HAI,中国铁路沈阳局,辽宁省 沈阳市 辽中区,122.1497,42.8948,570034464,122.8407695,41.48000992,辽宁省,沈阳市,辽中区
665,建平,JIAN PING,中国铁路沈阳局,辽宁省 朝阳市 建平县,118.8132,42.7898,90626597,119.5539833,41.37601792,辽宁省,朝阳市,建平县
699,锦州北,JIN ZHOU BEI,中国铁路沈阳局,辽宁省 锦州市 古塔区,120.4025,42.5889,93096129,121.1196028,41.17704656,辽宁省,锦州市,古塔区
703,锦州,JIN ZHOU,中国铁路沈阳局,辽宁省 锦州市 古塔区,120.4166,42.5324,30220614,121.1334927,41.12108896,辽宁省,锦州市,古塔区
704,金州,JIN ZHOU,中国铁路沈阳局,辽宁省 大连市 金州区,121.0133,40.4765,24500865,121.7213018,39.0849256,辽宁省,大连市,金州区
707,锦州南,JIN ZHOU NAN,中国铁路沈阳局,辽宁省 锦州市 凌海市,120.4021,42.4225,12080834,121.1192087,41.012244,辽宁省,锦州市,凌海市
732,开原,KAI YUAN,中国铁路沈阳局,辽宁省 铁岭市 开原市,123.3494,43.9671,24660275,124.0225939,42.54201584,辽宁省,铁岭市,开原市
733,开原西,KAI YUAN XI,中国铁路沈阳局,辽宁省 铁岭市 开原市,123.2351,43.971,12140356,123.909997,42.5458784,辽宁省,铁岭市,开原市
735,喀左,KA ZUO,中国铁路沈阳局,辽宁省 朝阳市 喀喇沁左翼蒙古族自治县,119.06,42.6328,90820793,119.797106,41.22052512,辽宁省,朝阳市,喀喇沁左翼蒙古族自治县
799,辽宁朝阳,LIAO NING CHAO YANG,中国铁路沈阳局,辽宁省 朝阳市 龙城区,119.6741,43.0116,90840095,120.4020559,41.59568864,辽宁省,朝阳市,龙城区
813,旅顺,LV SHUN,中国铁路沈阳局,辽宁省 大连市 旅顺口区,120.5299,40.1945,63770342,121.2451045,38.8056328,辽宁省,大连市,旅顺口区
833,辽阳,LIAO YANG,中国铁路沈阳局,辽宁省 辽阳市 白塔区,122.4741,42.6907,24220454,123.1603359,41.27786928,辽宁省,辽阳市,白塔区
845,凌源,LING YUAN,中国铁路沈阳局,辽宁省 朝阳市 凌源市,118.6309,42.6444,43730431,119.3743996,41.23201376,辽宁省,朝阳市,凌源市
859,辽中,LIAO ZHONG,中国铁路沈阳局,辽宁省 沈阳市 辽中区,122.0714,42.971,12110345,122.7636361,41.5554784,辽宁省,沈阳市,辽中区
893,马三家,MA SAN JIA,中国铁路沈阳局,辽宁省 沈阳市 于洪区,122.5436,43.3132,30040239,123.2288004,41.89439328,辽宁省,沈阳市,于洪区
925,南芬,NAN FEN,中国铁路沈阳局,辽宁省 本溪市 南芬区,123.0642,42.5093,5690636,123.7416434,41.09821072,辽宁省,本溪市,南芬区
930,牛河梁,NIU HE LIANG,中国铁路沈阳局,辽宁省 朝阳市 凌源市,118.6466,42.6041,90811141,119.3898657,41.19210064,辽宁省,朝阳市,凌源市
965,盘锦北,PAN JIN BEI,中国铁路沈阳局,辽宁省 盘锦市 盘山县,121.0941,42.7446,12090116,121.8008979,41.33125184,辽宁省,盘锦市,盘山县
966,盘锦,PAN JIN,中国铁路沈阳局,辽宁省 盘锦市 双台子区,121.3532,42.6057,55470487,122.0561373,41.19368528,辽宁省,盘锦市,双台子区
969,普兰店,PU LAN DIAN,中国铁路沈阳局,辽宁省 大连市 普兰店区,121.2492,40.7935,24460552,121.9536869,39.3988824,辽宁省,大连市,普兰店区
1090,苏家屯,SU JIA TUN,中国铁路沈阳局,辽宁省 沈阳市 苏家屯区,122.6636,43.0746,24180046,123.3470124,41.65808384,辽宁省,沈阳市,苏家屯区
1092,深井子,SHEN JING ZI,中国铁路沈阳局,辽宁省 沈阳市 浑南区,122.9652,43.1994,60320272,123.6441185,41.78168576,辽宁省,沈阳市,浑南区
1129,石桥子,SHI QIAO ZI,中国铁路沈阳局,辽宁省 本溪市 溪湖区,123.0372,42.8618,5600135,123.7150457,41.44732672,辽宁省,本溪市,溪湖区
1168,绥中,SUI ZHONG,中国铁路沈阳局,辽宁省 葫芦岛市 绥中县,119.6172,41.7219,30320261,120.3460037,40.31836976,辽宁省,葫芦岛市,绥中县
1211,铁岭,TIE LING,中国铁路沈阳局,辽宁省 铁岭市 银州区,123.1515,43.712,24630210,123.8276427,42.2893648,辽宁省,铁岭市,银州区
1214,铁岭西,TIE LING XI,中国铁路沈阳局,辽宁省 铁岭市 铁岭县,122.9849,43.6516,12130363,123.663525,42.22954464,辽宁省,铁岭市,铁岭县
1226,田师府,TIAN SHI FU,中国铁路沈阳局,辽宁省 本溪市 本溪满族自治县,123.6633,42.6494,61920657,124.3318168,41.23696576,辽宁省,本溪市,本溪满族自治县
1234,通远堡,TONG YUAN PU,中国铁路沈阳局,辽宁省 丹东市 凤城市,123.2445,42.192,5740106,123.919257,40.7839568,辽宁省,丹东市,凤城市
1251,瓦房店,WA FANG DIAN,中国铁路沈阳局,辽宁省 大连市 瓦房店市,121.2975,41.0192,24440550,122.0012673,39.62241568,辽宁省,大连市,瓦房店市
1253,瓦房店西,WA FANG DIAN XI,中国铁路沈阳局,辽宁省 大连市 瓦房店市,121.1258,41.051,42920850,121.8321256,39.6539104,辽宁省,大连市,瓦房店市
1274,五女山,WU NV SHAN,中国铁路沈阳局,辽宁省 本溪市 桓仁满族自治县,124.6645,42.6873,57020062,125.318099,41.27450192,辽宁省,本溪市,桓仁满族自治县
1312,兴城,XING CHENG,中国铁路沈阳局,辽宁省 葫芦岛市 兴城市,119.9714,42.0273,30280809,120.6949261,40.62083792,辽宁省,葫芦岛市,兴城市
1320,西丰,XI FENG,中国铁路沈阳局,辽宁省 铁岭市 西丰县,124.0358,44.1569,61960597,124.6987666,42.72999376,辽宁省,铁岭市,西丰县
1347,兴隆店,XING LONG DIAN,中国铁路沈阳局,辽宁省 沈阳市 新民市,122.36,43.3957,30060890,123.047936,41.97610128,辽宁省,沈阳市,新民市
1356,新民北,XIN MIN BEI,中国铁路沈阳局,辽宁省 沈阳市 新民市,122.1065,43.4408,90888365,122.7982132,42.02076832,辽宁省,沈阳市,新民市
1358,新民,XIN MIN,中国铁路沈阳局,辽宁省 沈阳市 新民市,122.1186,43.418,30080248,122.8101329,41.9981872,辽宁省,沈阳市,新民市
1367,小市,XIAO SHI,中国铁路沈阳局,辽宁省 本溪市 本溪满族自治县,123.4426,42.7202,61900037,124.1144053,41.30708608,辽宁省,本溪市,本溪满族自治县
1390,岫岩,XIU YAN,中国铁路沈阳局,辽宁省 鞍山市 岫岩满族自治县,122.5825,41.6839,90608482,123.2671208,40.28073456,辽宁省,鞍山市,岫岩满族自治县
1394,熊岳城,XIONG YUE CHENG,中国铁路沈阳局,辽宁省 营口市 鲅鱼圈区,121.4396,41.58,24370322,122.14125,40.177832,辽宁省,营口市,鲅鱼圈区
1418,叶柏寿,YE BAI SHOU,中国铁路沈阳局,辽宁省 朝阳市 建平县,118.8962,42.8014,43690987,119.6357466,41.38750656,辽宁省,朝阳市,建平县
1450,营口东,YING KOU DONG,中国铁路沈阳局,辽宁省 营口市 老边区,121.7248,42.0282,42950509,122.4222005,40.62172928,辽宁省,营口市,老边区
1452,营口,YING KOU,中国铁路沈阳局,辽宁省 营口市 站前区,121.5584,42.0897,24140121,122.2582798,40.68263888,辽宁省,营口市,站前区
1491,姚千户屯,YAO QIAN HU TUN,中国铁路沈阳局,辽宁省 沈阳市 苏家屯区,122.9313,42.9433,5580006,123.6107236,41.52804432,辽宁省,沈阳市,苏家屯区
1517,义县,YI XIAN,中国铁路沈阳局,辽宁省 锦州市 义县,120.5061,42.9382,43530038,121.2216591,41.52299328,辽宁省,锦州市,义县
1544,庄河北,ZHUANG HE BEI,中国铁路沈阳局,辽宁省 大连市 庄河市,122.2442,41.1252,50830260,122.9338614,39.72739808,辽宁省,大连市,庄河市
1586,周水子,ZHOU SHUI ZI,中国铁路沈阳局,辽宁省 大连市 甘井子区,120.8485,40.345,24530282,121.5589574,38.954688,辽宁省,大连市,甘井子区
1619,阿金,A JIN,中国铁路沈阳局,辽宁省 阜新市 阜新蒙古族自治县,121.0402,43.4594,57800417,121.747801,42.03918976,辽宁省,阜新市,阜新蒙古族自治县
1653,八角台,BA JIAO TAI,中国铁路沈阳局,辽宁省 锦州市 太和区,120.5281,42.6973,43500826,121.2433313,41.28440592,辽宁省,锦州市,太和区
1655,北井子,BEI JING ZI,中国铁路沈阳局,辽宁省 丹东市 东港市,123.2217,41.2947,50790340,123.8967967,39.89527088,辽宁省,丹东市,东港市
1666,八里甸子,BA LI DIAN ZI,中国铁路沈阳局,辽宁省 本溪市 桓仁满族自治县,124.2251,42.6453,88358289,124.885246,41.23290512,辽宁省,本溪市,桓仁满族自治县
1668,八面城,BA MIAN CHENG,中国铁路沈阳局,辽宁省 铁岭市 昌图县,123.3791,44.6366,30590212,124.0518514,43.20508864,辽宁省,铁岭市,昌图县
1670,北票南,BEI PIAO NAN,中国铁路沈阳局,辽宁省 朝阳市 北票市,120.0896,43.1143,43580287,120.811365,41.69740272,辽宁省,朝阳市,北票市
1685,巴图营,BA TU YING,中国铁路沈阳局,辽宁省 朝阳市 北票市,119.9967,42.8809,93087786,120.7198492,41.46624336,辽宁省,朝阳市,北票市
1687,本溪新城,BEN XI XIN CHENG,中国铁路沈阳局,辽宁省 本溪市 溪湖区,122.9908,42.8926,42990817,123.6693371,41.47783104,辽宁省,本溪市,溪湖区
1715,草河口,CAO HE KOU,中国铁路沈阳局,辽宁省 本溪市 本溪满族自治县,123.2284,42.2844,5730425,123.9033968,40.87546976,辽宁省,本溪市,本溪满族自治县
1726,长岭子,CHANG LING ZI,中国铁路沈阳局,辽宁省 大连市 旅顺口区,120.601,40.3252,63760105,121.3151451,38.93507808,辽宁省,大连市,旅顺口区
1739,苍石,CANG SHI,中国铁路沈阳局,辽宁省 抚顺市 清原满族自治县,123.8468,43.4031,51020173,124.5125827,41.98343024,辽宁省,抚顺市,清原满族自治县
1740,草市,CAO SHI,中国铁路沈阳局,辽宁省 抚顺市 清原满族自治县,124.5716,43.7154,51100218,125.2265832,42.29273216,辽宁省,抚顺市,清原满族自治县
1757,朝阳南,CHAO YANG NAN,中国铁路沈阳局,辽宁省 朝阳市 双塔区,119.7062,42.9907,43610041,120.4336776,41.57498928,辽宁省,朝阳市,双塔区
1764,城子坦,CHENG ZI TAN,中国铁路沈阳局,辽宁省 大连市 普兰店区,121.7748,40.8875,50860733,122.4714555,39.49198,辽宁省,大连市,普兰店区
1772,大巴,DA BA,中国铁路沈阳局,辽宁省 阜新市 阜新蒙古族自治县,121.2924,43.5188,57770880,121.9962432,42.09801952,辽宁省,阜新市,阜新蒙古族自治县
1785,东戴河,DONG DAI HE,中国铁路沈阳局,辽宁省 葫芦岛市 绥中县,119.1025,41.4401,12050861,119.8389728,40.03927504,辽宁省,葫芦岛市,绥中县
1786,丹东西,DAN DONG XI,中国铁路沈阳局,辽宁省 丹东市 东港市,123.5851,41.3968,50760082,124.254782,39.99639072,辽宁省,丹东市,东港市
1787,刀尔登,DAO ER DENG,中国铁路沈阳局,辽宁省 朝阳市 凌源市,118.3663,42.1534,51360045,119.1137421,40.74572736,辽宁省,朝阳市,凌源市
1796,大官屯,DA GUAN TUN,中国铁路沈阳局,辽宁省 抚顺市 新抚区,123.1855,43.2707,60380688,123.8611361,41.85230128,辽宁省,抚顺市,新抚区
1817,大连西,DA LIAN XI,中国铁路沈阳局,辽宁省 大连市 甘井子区,120.8242,40.3986,63740834,121.5350194,39.00777344,辽宁省,大连市,甘井子区
1821,大平房,DA PING FANG,中国铁路沈阳局,辽宁省 朝阳市 朝阳县,119.4302,42.8462,43640348,120.16179,41.43187648,辽宁省,朝阳市,朝阳县
1823,大堡,DA BAO,中国铁路沈阳局,辽宁省 丹东市 凤城市,123.5731,41.9552,56840879,124.2429608,40.54943008,辽宁省,丹东市,凤城市
1831,登沙河,DENG SHA HE,中国铁路沈阳局,辽宁省 大连市 金州区,121.3592,40.6117,50890865,122.0620479,39.21882768,辽宁省,大连市,金州区
1836,灯塔,DENG TA,中国铁路沈阳局,辽宁省 辽阳市 灯塔市,122.6252,42.8401,24200427,123.3091845,41.42583504,辽宁省,辽阳市,灯塔市
1854,东辛庄,DONG XIN ZHUANG,中国铁路沈阳局,辽宁省 葫芦岛市 兴城市,119.7193,41.7614,30310467,120.4465824,40.35749056,辽宁省,葫芦岛市,兴城市
1856,大阳,TAI YANG,中国铁路沈阳局,辽宁省 本溪市 本溪满族自治县,123.9228,42.5997,88347693,124.5874503,41.18774288,辽宁省,本溪市,本溪满族自治县
1864,大营子,DA YING ZI,中国铁路沈阳局,辽宁省 朝阳市 龙城区,119.5861,42.8741,43630263,120.3153671,41.45950864,辽宁省,朝阳市,龙城区
1891,凤城东,FENG CHENG DONG,中国铁路沈阳局,辽宁省 丹东市 凤城市,123.4551,41.8661,43020770,124.126719,40.46118544,辽宁省,丹东市,凤城市
1918,抚顺,FU SHUN,中国铁路沈阳局,辽宁省 抚顺市 新抚区,123.2156,43.2769,60390774,123.8907876,41.85844176,辽宁省,抚顺市,新抚区
1941,沟帮子,GOU BANG ZI,中国铁路沈阳局,辽宁省 锦州市 北镇市,121.0614,42.7707,30160723,121.7686851,41.35710128,辽宁省,锦州市,北镇市
1976,广宁寺,GUANG NING SI,中国铁路沈阳局,辽宁省 大连市 金州区,121.1354,40.5685,50900152,121.8415825,39.1760424,辽宁省,大连市,金州区
1986,高桥镇,GAO QIAO ZHEN,中国铁路沈阳局,辽宁省 葫芦岛市,120.2793,42.3026,30250222,120.9982384,40.89349504,辽宁省,葫芦岛市,
1989,灌水,GUAN SHUI,中国铁路沈阳局,辽宁省 丹东市 宽甸满族自治县,123.8933,42.267,56910755,124.5583898,40.8582368,辽宁省,丹东市,宽甸满族自治县
1993,高山子,GAO SHAN ZI,中国铁路沈阳局,辽宁省 锦州市 北镇市,121.348,42.9663,30140535,122.0510148,41.55082352,辽宁省,锦州市,北镇市
2008,公营子,GONG YING ZI,中国铁路沈阳局,辽宁省 朝阳市 喀喇沁左翼蒙古族自治县,119.1061,42.767,43670761,119.8425191,41.3534368,辽宁省,朝阳市,喀喇沁左翼蒙古族自治县
2013,盖州,GAI ZHOU,中国铁路沈阳局,辽宁省 营口市 盖州市,121.6277,41.8204,24340743,122.3265473,40.41592416,辽宁省,营口市,盖州市
2107,黑山北,HEI SHAN BEI,中国铁路沈阳局,辽宁省 锦州市 黑山县,121.5933,43.4621,90878711,122.2926598,42.04186384,辽宁省,锦州市,黑山县
2139,花园口,HUA YUAN KOU,中国铁路沈阳局,辽宁省 大连市 庄河市,121.9156,40.9468,50850610,122.6101576,39.55071072,辽宁省,大连市,庄河市
2154,建昌,JIAN CHANG,中国铁路沈阳局,辽宁省 葫芦岛市 建昌县,119.0791,42.2115,51440718,119.8159214,40.8032696,辽宁省,葫芦岛市,建昌县
2157,碱厂,JIAN CHANG,中国铁路沈阳局,辽宁省 本溪市 本溪满族自治县,123.7284,42.6282,88337298,124.3959468,41.21596928,辽宁省,本溪市,本溪满族自治县
2190,金普,JIN PU,中国铁路沈阳局,辽宁省 大连市 金州区,121.1003,40.7211,42910141,121.8070055,39.32717744,辽宁省,大连市,金州区
2242,金杖子,JIN ZHANG ZI,中国铁路沈阳局,辽宁省 朝阳市 喀喇沁左翼蒙古族自治县,118.7526,42.2906,51410002,119.4942863,40.88161024,辽宁省,朝阳市,喀喇沁左翼蒙古族自治县
2244,宽甸,KUAN DIAN,中国铁路沈阳局,辽宁省 丹东市 宽甸满族自治县,124.1116,42.1236,56930405,124.7734372,40.71621344,辽宁省,丹东市,宽甸满族自治县
2261,老边,LAO BIAN,中国铁路沈阳局,辽宁省 营口市 老边区,121.6632,42.0779,24130052,122.3615183,40.67095216,辽宁省,营口市,老边区
2289,凌海,LING HAI,中国铁路沈阳局,辽宁省 锦州市 凌海市,120.6414,42.5893,30200129,121.3549431,41.17744272,辽宁省,锦州市,凌海市
2294,凌海南,LING HAI NAN,中国铁路沈阳局,辽宁省 锦州市 凌海市,120.6556,42.5604,93104472,121.3689316,41.14882016,辽宁省,锦州市,凌海市
2299,刘家河,LIU JIA HE,中国铁路沈阳局,辽宁省 丹东市 凤城市,123.3048,42.0753,5760385,123.9786585,40.66837712,辽宁省,丹东市,凤城市
2340,连山关,LIAN SHAN GUAN,中国铁路沈阳局,辽宁省 本溪市 本溪满族自治县,123.0742,42.3753,5710873,123.7514944,40.96549712,辽宁省,本溪市,本溪满族自治县
2350,柳树屯,LIU SHU BEI,中国铁路沈阳局,辽宁省 葫芦岛市 连山区,120.0715,42.1689,51540099,120.7935347,40.76107856,辽宁省,葫芦岛市,连山区
2352,李石寨,LI SHI ZHAI,中国铁路沈阳局,辽宁省 抚顺市 望花区,123.0413,43.2308,60340458,123.7190846,41.81278432,辽宁省,抚顺市,望花区
2373,凌源东,LING YUAN DONG,中国铁路沈阳局,辽宁省 朝阳市 凌源市,118.663,42.6714,43720331,119.4060213,41.25875456,辽宁省,朝阳市,凌源市
2449,南芬北,NAN FEN BEI,中国铁路沈阳局,辽宁省 本溪市 南芬区,123.0595,42.5439,43000581,123.7370135,41.13247856,辽宁省,本溪市,南芬区
2457,泥河子,NI HE ZI,中国铁路沈阳局,辽宁省 锦州市 义县,120.4997,42.8577,43520045,121.2153545,41.44326608,辽宁省,锦州市,义县
2460,能家,NENG JIA,中国铁路沈阳局,辽宁省 朝阳市 北票市,119.9526,43.033,43590599,120.6764063,41.6168832,辽宁省,朝阳市,北票市
2463,南口前,NAN KOU QIAN,中国铁路沈阳局,辽宁省 抚顺市 清原满族自治县,123.9425,43.4165,51030584,124.6068568,41.9967016,辽宁省,抚顺市,清原满族自治县
2466,奈林皋,NAI LIN GAO,中国铁路沈阳局,辽宁省 朝阳市 朝阳县,119.3268,42.8117,90830475,120.0599307,41.39770768,辽宁省,朝阳市,朝阳县
2473,南桥,NAN QIAO,中国铁路沈阳局,辽宁省 葫芦岛市 建昌县,119.1939,42.1175,51450835,119.9290109,40.710172,辽宁省,葫芦岛市,建昌县
2485,南杂木,NAN ZA MU,中国铁路沈阳局,辽宁省 抚顺市 新宾满族自治县,123.7314,43.38,51010853,124.3989021,41.960552,辽宁省,抚顺市,新宾满族自治县
2508,皮口,PI KOU,中国铁路沈阳局,辽宁省 大连市 普兰店区,121.6343,40.8226,50870464,122.3330489,39.42770304,辽宁省,大连市,普兰店区
2518,盘山,PAN SHAN,中国铁路沈阳局,辽宁省 盘锦市 盘山县,121.4811,42.6682,44131549,122.1821316,41.25558528,辽宁省,盘锦市,盘山县
2540,泡子,PAO ZI,中国铁路沈阳局,辽宁省 阜新市 阜新蒙古族自治县,121.6231,43.6252,30400084,122.3220158,42.20339808,辽宁省,阜新市,阜新蒙古族自治县
2550,青堆,QING DUI,中国铁路沈阳局,辽宁省 大连市 庄河市,122.5345,41.2393,50810712,123.219836,39.84040272,辽宁省,大连市,庄河市
2554,清河门北,QING HE MEN BEI,中国铁路沈阳局,辽宁省 阜新市 清河门区,120.6949,43.2082,91075348,121.407646,41.79040128,辽宁省,阜新市,清河门区
2557,清河门,QING HE MEN,中国铁路沈阳局,辽宁省 阜新市 清河门区,120.7,43.1896,57860314,121.41267,41.77197984,辽宁省,阜新市,清河门区
2563,祁家堡,QI JIA PU,中国铁路沈阳局,辽宁省 本溪市 本溪满族自治县,123.1322,42.3337,5720083,123.8086302,40.92429648,辽宁省,本溪市,本溪满族自治县
2566,七里河,QI LI HE,中国铁路沈阳局,辽宁省 锦州市 义县,120.5352,42.7487,43510275,121.2503255,41.33531248,辽宁省,锦州市,义县
2586,桥头,QIAO TOU,中国铁路沈阳局,辽宁省 本溪市 平山区,123.0439,42.6011,5670074,123.7216459,41.18912944,辽宁省,本溪市,平山区
2588,前卫,QIAN WEI,中国铁路沈阳局,辽宁省 葫芦岛市 绥中县,119.3953,41.5737,30330898,120.12741,40.17159248,辽宁省,葫芦岛市,绥中县
2605,清原,QING YUAN,中国铁路沈阳局,辽宁省 抚顺市 清原满族自治县,124.2683,43.5217,51060020,124.9278023,42.10089168,辽宁省,抚顺市,清原满族自治县
2626,绕阳河,RAO YANG HE,中国铁路沈阳局,辽宁省 锦州市 黑山县,121.7603,43.2083,30100061,122.4571715,41.79050032,辽宁省,锦州市,黑山县
2638,石城,SHI CHENG,中国铁路沈阳局,辽宁省 丹东市 凤城市,123.6321,42.0363,56850786,124.3010817,40.62975152,辽宁省,丹东市,凤城市
2658,沙河口,SHA HE KOU,中国铁路沈阳局,辽宁省 大连市 沙河口区,120.8742,40.3138,24540538,121.5842744,38.92378752,辽宁省,大连市,沙河口区
2671,三江口,SAN JIAN KOU,中国铁路沈阳局,辽宁省 铁岭市 昌图县,123.0342,44.8001,30610274,123.7120904,43.36701904,辽宁省,铁岭市,昌图县
2676,十家子,SHI JIA ZI,中国铁路沈阳局,辽宁省 阜新市 阜新蒙古族自治县,121.5592,43.5209,325516180,122.2590679,42.10009936,辽宁省,阜新市,阜新蒙古族自治县
2702,水泉,SHUI QUAN,中国铁路沈阳局,辽宁省 朝阳市 凌源市,118.4085,42.5202,43740927,119.1553134,41.10900608,辽宁省,朝阳市,凌源市
2709,松树,SONG SHU,中国铁路沈阳局,辽宁省 大连市 瓦房店市,121.3888,41.2211,24410149,122.0912069,39.82237744,辽宁省,大连市,瓦房店市
2713,三十家,SAN SHI JIA,中国铁路沈阳局,辽宁省 朝阳市 凌源市,118.2971,42.4217,43750258,119.0455732,41.01145168,辽宁省,朝阳市,凌源市
2756,上园,SHANG YUAN,中国铁路沈阳局,辽宁省 朝阳市 北票市,120.254,43.0247,43560935,120.9733154,41.60866288,辽宁省,朝阳市,北票市
2760,绥中北,SUI ZHONG BEI,中国铁路沈阳局,辽宁省 葫芦岛市 绥中县,119.5877,41.7494,12060461,120.3169433,40.34560576,辽宁省,葫芦岛市,绥中县
2774,台安,TAI AN,中国铁路沈阳局,辽宁省 鞍山市 台安县,121.7257,42.8559,12100385,122.4230871,41.44148336,辽宁省,鞍山市,台安县
2775,台安南,TAI AN NAN,中国铁路沈阳局,辽宁省 鞍山市 台安县,121.6777,42.7671,683348072,122.3758023,41.35353584,辽宁省,鞍山市,台安县
2787,铁刹山,TIE CHA SHAN,中国铁路沈阳局,辽宁省 本溪市 本溪满族自治县,123.6526,42.6612,88326503,124.3212763,41.24865248,辽宁省,本溪市,本溪满族自治县
2822,汤山城,TANG SHAN CHENG,中国铁路沈阳局,辽宁省 丹东市 振安区,123.5311,41.7111,5830821,124.2015866,40.30767344,辽宁省,丹东市,振安区
2840,通远堡西,TONG YUAN PU XI,中国铁路沈阳局,辽宁省 丹东市 凤城市,123.2338,42.1837,43010039,123.9087164,40.77573648,辽宁省,丹东市,凤城市
2885,五龙背,WU LONG BEI,中国铁路沈阳局,辽宁省 丹东市 振安区,123.5992,41.6595,5840592,124.2686719,40.2565688,辽宁省,丹东市,振安区
2886,五龙背东,WU LONG BEI DONG,中国铁路沈阳局,辽宁省 丹东市 振安区,123.6103,41.6645,43030096,124.2796065,40.2615208,辽宁省,丹东市,振安区
2890,乌兰木图,WU LAN MU TU,中国铁路沈阳局,辽宁省 阜新市 阜新蒙古族自治县,120.5709,43.3801,90859403,121.2854936,41.96065104,辽宁省,阜新市,阜新蒙古族自治县
2931,魏杖子,WEI ZHANG ZI,中国铁路沈阳局,辽宁省 朝阳市 凌源市,118.3079,42.3819,43760613,119.0562123,40.97203376,辽宁省,朝阳市,凌源市
2943,兴城西,XING CHENG XI,中国铁路沈阳局,辽宁省 葫芦岛市 兴城市,119.884,41.9952,12060662,120.6088284,40.58904608,辽宁省,葫芦岛市,兴城市
2950,小东,XIAO DONG,中国铁路沈阳局,辽宁省 锦州市 黑山县,121.6224,43.4476,60620685,122.3213262,42.02750304,辽宁省,锦州市,黑山县
2981,许家屯,XU JIA TUN,中国铁路沈阳局,辽宁省 大连市 瓦房店市,121.372,41.4377,24390888,122.0746572,40.03689808,辽宁省,大连市,瓦房店市
2987,西柳,XI LIU,中国铁路沈阳局,辽宁省 鞍山市 海城市,121.9214,42.2485,58800672,122.6158711,40.8399144,辽宁省,鞍山市,海城市
2990,新立屯,XIN LI TUN,中国铁路沈阳局,辽宁省 锦州市 黑山县,121.4684,43.4355,30380090,122.1696208,42.0155192,辽宁省,锦州市,黑山县
2993,下马塘,XIA MA TANG,中国铁路沈阳局,辽宁省 本溪市 南芬区,123.0505,42.4383,5700745,123.7281476,41.02789232,辽宁省,本溪市,南芬区
3003,新邱,XIN QIU,中国铁路沈阳局,辽宁省 阜新市 新邱区,121.0854,43.5117,57790587,121.7923275,42.09098768,辽宁省,阜新市,新邱区
3014,杏树屯,XING SHU TUN,中国铁路沈阳局,辽宁省 大连市 金州区,121.4478,40.6545,50880827,122.1493278,39.2612168,辽宁省,大连市,金州区
3079,营城子,YING CHENG ZI,中国铁路沈阳局,辽宁省 大连市 甘井子区,120.6674,40.372,63750601,121.3805557,38.9814288,辽宁省,大连市,甘井子区
3121,一面山,YI MIAN SHAN,中国铁路沈阳局,辽宁省 丹东市 凤城市,123.4164,41.7493,5820224,124.0885956,40.34550672,辽宁省,丹东市,凤城市
3169,义县西,YI XIAN XI,中国铁路沈阳局,辽宁省 锦州市 义县,120.4865,42.9475,590591374,121.2023512,41.532204,辽宁省,锦州市,义县
3186,杨杖子,YANG ZHANG ZI,中国铁路沈阳局,辽宁省 朝阳市 凌源市,118.379,42.1239,51370148,119.1262529,40.71651056,辽宁省,朝阳市,凌源市
3197,章党,ZHANG DANG,中国铁路沈阳局,辽宁省 抚顺市 东洲区,123.3955,43.3226,50970088,124.0680071,41.90370304,辽宁省,抚顺市,东洲区
3201,章古台,ZHANG GU TAI,中国铁路沈阳局,辽宁省 阜新市 彰武县,121.7819,44.1282,30420884,122.4784497,42.70156928,辽宁省,阜新市,彰武县
3210,周家屯,ZHOU JIA TUN,中国铁路沈阳局,辽宁省 锦州市 义县,120.3596,42.9876,43550486,121.077342,41.57191904,辽宁省,锦州市,义县
3240,彰武,ZHANG WU,中国铁路沈阳局,辽宁省 阜新市 彰武县,121.8251,43.8067,30410841,122.521006,42.38315568,辽宁省,阜新市,彰武县
3272,花博山,HUA BO SHAN,中国铁路沈阳局,辽宁省 本溪市 桓仁满族自治县,124.3856,42.554,57000855,125.0433546,41.1424816,辽宁省,本溪市,桓仁满族自治县
64,呼和浩特东,HU HE HAO TE DONG,中国铁路呼和浩特局,内蒙古自治区 呼和浩特市 新城区,110.8979,42.2562,7170152,111.7566213,40.84754048,内蒙古自治区,呼和浩特市,新城区
65,呼和浩特,HU HE HAO TE,中国铁路呼和浩特局,内蒙古自治区 呼和浩特市 新城区,110.7972,42.2373,7180894,111.6574217,40.82882192,内蒙古自治区,呼和浩特市,新城区
157,阿尔山北,A ER SHAN BEI,中国铁路哈尔滨局,内蒙古自治区 兴安盟 阿尔山市,119.063,48.7521,50390098,119.8000613,47.28107984,内蒙古自治区,兴安盟,阿尔山市
158,阿尔山,A ER SHAN,中国铁路沈阳局,内蒙古自治区 兴安盟 阿尔山市,119.2034,48.64,50370670,119.9383693,47.170056,内蒙古自治区,兴安盟,阿尔山市
166,阿里河,A LI HE,中国铁路哈尔滨局,内蒙古自治区 呼伦贝尔市 鄂伦春自治旗,123.0414,52.0828,60470603,123.7191831,50.57980512,内蒙古自治区,呼伦贝尔市,鄂伦春自治旗
210,博克图,BO KE TU,中国铁路哈尔滨局,内蒙古自治区 呼伦贝尔市 牙克石市,121.2046,50.238,12490862,121.9097515,48.7527152,内蒙古自治区,呼伦贝尔市,牙克石市
212,巴林,BA LIN,中国铁路哈尔滨局,内蒙古自治区 呼伦贝尔市 牙克石市,121.6256,49.7946,12530614,122.3244786,48.31357184,内蒙古自治区,呼伦贝尔市,牙克石市
221,包头东,BAO TOU DONG,中国铁路呼和浩特局,内蒙古自治区 包头市 东河区,109.133,41.973,7310761,110.0180183,40.5670592,内蒙古自治区,包头市,东河区
222,包头,BAO TOU,中国铁路呼和浩特局,内蒙古自治区 包头市 九原区,108.9418,42.009,7330325,109.8296672,40.6027136,内蒙古自治区,包头市,九原区
228,白云鄂博,BAI YUN E BO,中国铁路呼和浩特局,内蒙古自治区 包头市 白云鄂博矿区,109.0647,43.1873,60250208,109.950736,41.76970192,内蒙古自治区,包头市,白云鄂博矿区
232,巴彦淖尔,BAN YAN NAO ER,中国铁路呼和浩特局,内蒙古自治区 巴彦淖尔市 临河区,106.4801,42.1396,7440255,107.4046465,40.73205984,内蒙古自治区,巴彦淖尔市,临河区
235,巴彦高勒,BA YAN GAO LE,中国铁路呼和浩特局,内蒙古自治区 巴彦淖尔市 磴口县,106.0867,41.7342,7460628,107.0171082,40.33055168,内蒙古自治区,巴彦淖尔市,磴口县
246,查布嘎,CHA BU GA,中国铁路呼和浩特局,内蒙古自治区 赤峰市 阿鲁科尔沁旗,119.3274,45.2913,46410410,120.0605217,43.85350352,内蒙古自治区,赤峰市,阿鲁科尔沁旗
253,赤峰,CHI FENG,中国铁路沈阳局,内蒙古自治区 赤峰市 松山区,118.1431,43.6949,23510090,118.8938678,42.27242896,内蒙古自治区,赤峰市,松山区
255,赤峰南,CHI FENG NAN,中国铁路沈阳局,内蒙古自治区 赤峰市 红山区,118.2017,43.675,23520622,118.9515947,42.25272,内蒙古自治区,赤峰市,红山区
256,嵯岗,CUO GANG,中国铁路哈尔滨局,内蒙古自治区 呼伦贝尔市 新巴尔虎左旗,117.3254,50.7449,12290798,118.0883515,49.25474896,内蒙古自治区,呼伦贝尔市,新巴尔虎左旗
287,察素齐,CHA SU QI,中国铁路呼和浩特局,内蒙古自治区 呼和浩特市 土默特左旗,110.2489,42.1091,7220736,111.1172914,40.70185264,内蒙古自治区,呼和浩特市,土默特左旗
334,东风南,DONG FENG NAN,中国铁路兰州局,内蒙古自治区 阿拉善盟 额济纳旗,99.1546,42.3841,94747639,100.1882965,40.97421264,内蒙古自治区,阿拉善盟,额济纳旗
371,东胜,DONG SHENG,中国铁路呼和浩特局,内蒙古自治区 鄂尔多斯市 东胜区,108.9848,41.1201,29340116,109.8720265,39.72234704,内蒙古自治区,鄂尔多斯市,东胜区
375,东胜西,DONG SHENG XI,中国铁路呼和浩特局,内蒙古自治区 鄂尔多斯市 东胜区,108.9848,41.1201,29340116,109.8720265,39.72234704,内蒙古自治区,鄂尔多斯市,东胜区
397,大杨树,DA YANG SHU,中国铁路哈尔滨局,内蒙古自治区 呼伦贝尔市 鄂伦春自治旗,123.9349,51.2431,36270354,124.59937,49.74816624,内蒙古自治区,呼伦贝尔市,鄂伦春自治旗
408,鄂尔多斯,E ER DUO SI,中国铁路呼和浩特局,内蒙古自治区 鄂尔多斯市 伊金霍洛旗,108.9499,40.9543,29350054,109.8376465,39.55813872,内蒙古自治区,鄂尔多斯市,伊金霍洛旗
409,额济纳,E JI NA,中国铁路呼和浩特局,内蒙古自治区 阿拉善盟 额济纳旗,100.0147,43.3137,41970843,101.035581,41.89488848,内蒙古自治区,阿拉善盟,额济纳旗
410,二连,ER LIAN,中国铁路呼和浩特局,内蒙古自治区 锡林郭勒盟 二连浩特市,111.1237,45.0899,8350646,111.9790569,43.65403696,内蒙古自治区,锡林郭勒盟,二连浩特市
457,丰镇,FENG ZHEN,中国铁路呼和浩特局,内蒙古自治区 乌兰察布市 丰镇市,112.3162,41.8368,6960430,113.1537886,40.43216672,内蒙古自治区,乌兰察布市,丰镇市
473,根河,GEN HE,中国铁路哈尔滨局,内蒙古自治区 呼伦贝尔市 根河市,120.7884,52.2816,57540604,121.4997528,50.77669664,内蒙古自治区,呼伦贝尔市,根河市
482,公庙子,GONG MIAO ZI,中国铁路呼和浩特局,内蒙古自治区 巴彦淖尔市 乌拉特前旗,108.0583,42.0285,7380190,108.9593313,40.6220264,内蒙古自治区,巴彦淖尔市,乌拉特前旗
559,海拉尔,HAI LA ER,中国铁路哈尔滨局,内蒙古自治区 呼伦贝尔市 海拉尔区,118.9941,50.7189,12340429,119.7321879,49.22899856,内蒙古自治区,呼伦贝尔市,海拉尔区
564,霍林郭勒,HUO LIN GUO LE,中国铁路沈阳局,内蒙古自治区 通辽市 霍林郭勒市,118.9201,46.9863,50050319,119.6592905,45.53223152,内蒙古自治区,通辽市,霍林郭勒市
662,集宁南,JI NING NAN,中国铁路呼和浩特局,内蒙古自治区 乌兰察布市 集宁区,112.2505,42.4379,7020474,113.0890676,41.02749616,内蒙古自治区,乌兰察布市,集宁区
664,经棚,JING PENG,中国铁路呼和浩特局,内蒙古自治区 赤峰市 克什克腾旗,116.7564,44.7014,46140658,117.5278296,43.26926656,内蒙古自治区,赤峰市,克什克腾旗
712,库都尔,KU DU ER,中国铁路哈尔滨局,内蒙古自治区 呼伦贝尔市 牙克石市,120.9109,51.525,57450591,121.6204276,50.02736,内蒙古自治区,呼伦贝尔市,牙克石市
722,库伦,KU LUN,中国铁路沈阳局,内蒙古自治区 通辽市 库伦旗,121.1192,44.1632,50640311,121.8256239,42.73623328,内蒙古自治区,通辽市,库伦旗
723,开鲁,KAI LU,中国铁路呼和浩特局,内蒙古自治区 通辽市 开鲁县,120.5623,45.0649,46480776,121.2770217,43.62927696,内蒙古自治区,通辽市,开鲁县
772,临河,LIN HE,中国铁路呼和浩特局,内蒙古自治区 巴彦淖尔市 临河区,106.4994,42.1478,7440250,107.4236589,40.74018112,内蒙古自治区,巴彦淖尔市,临河区
864,免渡河,MIAN DU HE,中国铁路哈尔滨局,内蒙古自治区 呼伦贝尔市 牙克石市,120.3316,50.5799,12430428,121.0497592,49.09133296,内蒙古自治区,呼伦贝尔市,牙克石市
867,莫尔道嘎,MO ER DAO GA,中国铁路哈尔滨局,内蒙古自治区 呼伦贝尔市 额尔古纳市,120.0774,52.7438,61610184,120.7993467,51.23445952,内蒙古自治区,呼伦贝尔市,额尔古纳市
871,满归,MAN GUI,中国铁路哈尔滨局,内蒙古自治区 呼伦贝尔市 根河市,121.3606,53.5537,57650444,122.0634271,52.03658448,内蒙古自治区,呼伦贝尔市,根河市
908,满洲里,MAN ZHOU LI,中国铁路哈尔滨局,内蒙古自治区 呼伦贝尔市 满洲里市,116.6662,51.0782,12250828,117.4389736,49.58484928,内蒙古自治区,呼伦贝尔市,满洲里市
939,奈曼,NAI MAN,中国铁路沈阳局,内蒙古自治区 通辽市 奈曼旗,119.9469,44.2654,23690048,120.6707912,42.83745216,内蒙古自治区,通辽市,奈曼旗
1188,塔尔气,TA ER QI,中国铁路哈尔滨局,内蒙古自治区 呼伦贝尔市 牙克石市,120.4711,49.4622,62080067,121.1871806,47.98436288,内蒙古自治区,呼伦贝尔市,牙克石市
1205,托克托东,TUO KE TUO DONG,中国铁路呼和浩特局,内蒙古自治区 呼和浩特市 托克托县,110.4293,41.6521,39176213,111.2950034,40.24923984,内蒙古自治区,呼和浩特市,托克托县
1209,通辽,TONG LIAO,中国铁路沈阳局,内蒙古自治区 通辽市 科尔沁区,121.5642,45.0357,23840276,122.2639934,43.60035728,内蒙古自治区,通辽市,科尔沁区
1257,乌海东,WU HAI DONG,中国铁路呼和浩特局,内蒙古自治区 乌海市 海勃湾区,105.8674,41.0646,7510897,106.8010757,39.66737984,内蒙古自治区,乌海市,海勃湾区
1260,乌海西,WU HAI XI,中国铁路呼和浩特局,内蒙古自治区 乌海市 乌达区,105.7993,40.8484,7530793,106.7339904,39.45325536,内蒙古自治区,乌海市,乌达区
1265,乌兰察布,WU LAN CHA BU,中国铁路呼和浩特局,内蒙古自治区 乌兰察布市 察哈尔右翼前旗,112.3122,42.3713,73657708,113.1498482,40.96153552,内蒙古自治区,乌兰察布市,察哈尔右翼前旗
1270,乌兰浩特,WU LAN HAO TE,中国铁路沈阳局,内蒙古自治区 兴安盟 乌兰浩特市,121.3513,47.5273,50230434,122.0542656,46.06803792,内蒙古自治区,兴安盟,乌兰浩特市
1271,乌拉山西,WU LA SHAN XI,中国铁路呼和浩特局,内蒙古自治区 巴彦淖尔市 乌拉特前旗,107.7395,42.1173,7400524,108.6452815,40.70997392,内蒙古自治区,巴彦淖尔市,乌拉特前旗
1281,乌审旗,WU SHEN QI,中国铁路呼和浩特局,内蒙古自治区 鄂尔多斯市 乌审旗,107.9685,39.9285,186241694,108.8708694,38.5421864,内蒙古自治区,鄂尔多斯市,乌审旗
1332,兴和北,XING HE BEI,中国铁路呼和浩特局,内蒙古自治区 乌兰察布市 兴和县,113.0065,42.2989,89960085,113.8338032,40.88983056,内蒙古自治区,乌兰察布市,兴和县
1337,兴和西,XING HE XI,中国铁路呼和浩特局,内蒙古自治区 乌兰察布市 兴和县,112.977,42.2543,57740759,113.8047427,40.84565872,内蒙古自治区,乌兰察布市,兴和县
1351,锡林浩特,XI LIN HAO TE,中国铁路呼和浩特局,内蒙古自治区 锡林郭勒盟 锡林浩特市,115.2235,45.3537,49810622,116.0177699,43.91530448,内蒙古自治区,锡林郭勒盟,锡林浩特市
1453,牙克石,YA KE SHI,中国铁路哈尔滨局,内蒙古自治区 呼伦贝尔市 牙克石市,120.0052,50.7679,12410281,120.7282225,49.27752816,内蒙古自治区,呼伦贝尔市,牙克石市
1464,余粮堡,YU LIANG PU,中国铁路沈阳局,内蒙古自治区 通辽市 科尔沁区,121.2571,44.8702,23820362,121.9614692,43.43644608,内蒙古自治区,通辽市,科尔沁区
1509,伊图里河,YI TU LI HE,中国铁路哈尔滨局,内蒙古自治区 呼伦贝尔市 牙克石市,120.8305,52.1329,57520032,121.5412256,50.62942416,内蒙古自治区,呼伦贝尔市,牙克石市
1569,扎兰屯,ZHA LAN TUN,中国铁路哈尔滨局,内蒙古自治区 呼伦贝尔市 扎兰屯市,122.0447,49.4905,12570026,122.737334,48.0123912,内蒙古自治区,呼伦贝尔市,扎兰屯市
1570,扎赉诺尔西,ZHA LAI NUO ER XI,中国铁路哈尔滨局,内蒙古自治区 呼伦贝尔市 满洲里市,116.9148,50.9636,12260273,117.6838695,49.47134944,内蒙古自治区,呼伦贝尔市,满洲里市
1582,珠斯花,ZHU SI HUA,中国铁路沈阳局,内蒙古自治区 通辽市 霍林郭勒市,118.9287,47.0162,50060220,119.6677624,45.56184448,内蒙古自治区,通辽市,霍林郭勒市
1610,阿巴嘎旗,A BA GA QI,中国铁路呼和浩特局,内蒙古自治区 锡林郭勒盟 阿巴嘎旗,114.1803,45.4411,63030698,114.9901135,44.00186544,内蒙古自治区,锡林郭勒盟,阿巴嘎旗
1614,敖汉,AO HAN,中国铁路沈阳局,内蒙古自治区 赤峰市 敖汉旗,119.2554,44.0623,23630393,119.9895945,42.63630192,内蒙古自治区,赤峰市,敖汉旗
1623,敖力布告,AO LI BU GAO,中国铁路沈阳局,内蒙古自治区 通辽市 科尔沁左翼中旗,122.3289,45.6834,23870830,123.0172994,44.24183936,内蒙古自治区,通辽市,科尔沁左翼中旗
1625,阿龙山,A LONG SHAN,中国铁路哈尔滨局,内蒙古自治区 呼伦贝尔市 根河市,121.1644,53.2014,57630881,121.8701504,51.68766656,内蒙古自治区,呼伦贝尔市,根河市
1656,保康,BAO KANG,中国铁路沈阳局,内蒙古自治区 通辽市 科尔沁左翼中旗,122.6341,45.5648,30660095,123.3179519,44.12437792,内蒙古自治区,通辽市,科尔沁左翼中旗
1658,白狼,BAI LANG,中国铁路沈阳局,内蒙古自治区 兴安盟 阿尔山市,119.3604,48.5172,50340545,120.09303,47.04843488,内蒙古自治区,兴安盟,阿尔山市
1664,宝龙山,BAO LONG SHAN,中国铁路沈阳局,内蒙古自治区 通辽市 科尔沁左翼中旗,122.0396,45.4669,23860182,122.73231,44.02741776,内蒙古自治区,通辽市,科尔沁左翼中旗
1689,八仙筒,BA XIAN TONG,中国铁路沈阳局,内蒙古自治区 通辽市 奈曼旗,120.3375,44.629,23740673,121.0555713,43.1975616,内蒙古自治区,通辽市,奈曼旗
1690,白音察干,BAI YIN CHA GAN,中国铁路呼和浩特局,内蒙古自治区 乌兰察布市 察哈尔右翼后旗,112.3385,42.8662,8160711,113.1757564,41.45168448,内蒙古自治区,乌兰察布市,察哈尔右翼后旗
1692,白音他拉,BAI YIN TA LA,中国铁路沈阳局,内蒙古自治区 通辽市 奈曼旗,120.1044,44.4993,23720223,120.8259444,43.06910672,内蒙古自治区,通辽市,奈曼旗
1693,白音华南,BAI YIN HUA NAN,中国铁路沈阳局,内蒙古自治区 锡林郭勒盟 西乌珠穆沁旗,117.7114,46.224,49960355,118.4686001,44.7772496,内蒙古自治区,锡林郭勒盟,西乌珠穆沁旗
1694,白音胡硕,BAI YIN HU SHUO,中国铁路沈阳局,内蒙古自治区 兴安盟 科尔沁右翼中旗,120.7198,46.4611,50550425,121.432175,45.01207344,内蒙古自治区,兴安盟,科尔沁右翼中旗
1718,成吉思汗,CHENG JI SI HAN,中国铁路哈尔滨局,内蒙古自治区 呼伦贝尔市 扎兰屯市,122.139,49.2223,12590589,122.8302289,47.74676592,内蒙古自治区,呼伦贝尔市,扎兰屯市
1774,大板,DA BAN,中国铁路呼和浩特局,内蒙古自治区 赤峰市 巴林右旗,117.8761,44.9564,46270880,118.6308461,43.52181856,内蒙古自治区,赤峰市,巴林右旗
1776,德伯斯,DE BO SI,中国铁路沈阳局,内蒙古自治区 兴安盟 科尔沁右翼前旗,120.6411,47.9545,50290308,121.3546476,46.4911368,内蒙古自治区,兴安盟,科尔沁右翼前旗
1788,得耳布尔,DE ER BU ER,中国铁路哈尔滨局,内蒙古自治区 呼伦贝尔市 根河市,120.3504,52.5,61600490,121.068279,50.993,内蒙古自治区,呼伦贝尔市,根河市
1810,东来,DONG LAI,中国铁路沈阳局,内蒙古自治区 通辽市 开鲁县,120.9258,44.8188,23790452,121.6351056,43.38553952,内蒙古自治区,通辽市,开鲁县
1811,大林,DA LIN,中国铁路沈阳局,内蒙古自治区 通辽市 科尔沁区,122.1084,45.1482,30520078,122.8000848,43.71177728,内蒙古自治区,通辽市,科尔沁区
1813,达拉特旗,DA LA TE QI,神华包神铁路集团有限责任公司,内蒙古自治区 鄂尔多斯市 达拉特旗,109.1014,41.8006,63080388,109.9868891,40.39631424,内蒙古自治区,鄂尔多斯市,达拉特旗
1816,达拉特西,DA LA TE XI,中国铁路呼和浩特局,内蒙古自治区 鄂尔多斯市 达拉特旗,108.9984,41.7817,29300223,109.8854238,40.37759568,内蒙古自治区,鄂尔多斯市,达拉特旗
1819,东明村,DONG MING CUN,中国铁路沈阳局,内蒙古自治区 通辽市 奈曼旗,120.5054,44.7012,23760899,121.2209695,43.26906848,内蒙古自治区,通辽市,奈曼旗
1824,大青沟,DA QING GOU,中国铁路沈阳局,内蒙古自治区 通辽市 科尔沁左翼后旗,121.4777,44.2758,50620397,122.1787823,42.84775232,内蒙古自治区,通辽市,科尔沁左翼后旗
1825,大其拉哈,DA QI LA HA,中国铁路哈尔滨局,内蒙古自治区 呼伦贝尔市 牙克石市,121.0375,52.2002,60400143,121.7451413,50.69607808,内蒙古自治区,呼伦贝尔市,牙克石市
1829,东胜东,DONG SHENG DONG,中国铁路呼和浩特局,内蒙古自治区 鄂尔多斯市 东胜区,109.2155,41.149,98607539,110.0992891,39.7509696,内蒙古自治区,鄂尔多斯市,东胜区
1835,大石寨,DA SHI ZHAI,中国铁路沈阳局,内蒙古自治区 兴安盟 科尔沁右翼前旗,120.6608,47.7715,50270770,121.3740541,46.3098936,内蒙古自治区,兴安盟,科尔沁右翼前旗
1855,大雁,DA YAN,中国铁路哈尔滨局,内蒙古自治区 呼伦贝尔市 鄂温克族自治旗,119.817,50.7201,12390025,120.5428267,49.23018704,内蒙古自治区,呼伦贝尔市,鄂温克族自治旗
1881,二龙,ER LONG,中国铁路沈阳局,内蒙古自治区 赤峰市 宁城县,118.5227,43.1113,43900843,119.2678118,41.69443152,内蒙古自治区,赤峰市,宁城县
1956,葛根庙,GE GEN MIAO,中国铁路沈阳局,内蒙古自治区 兴安盟 科尔沁右翼前旗,121.6011,47.3487,50200416,122.3003436,45.89115248,内蒙古自治区,兴安盟,科尔沁右翼前旗
1959,甘河,GAN HE,中国铁路哈尔滨局,内蒙古自治区 呼伦贝尔市 鄂伦春自治旗,122.3601,52.1332,60440661,123.0480345,50.62972128,内蒙古自治区,呼伦贝尔市,鄂伦春自治旗
1965,归流河,GUI LIU HE,中国铁路沈阳局,内蒙古自治区 兴安盟 科尔沁右翼前旗,121.0191,47.6578,50250406,121.7270154,46.19728512,内蒙古自治区,兴安盟,科尔沁右翼前旗
1984,甘旗卡,GAN QI KA,中国铁路沈阳局,内蒙古自治区 通辽市 科尔沁左翼后旗,121.6503,44.3837,30440117,122.3488105,42.95461648,内蒙古自治区,通辽市,科尔沁左翼后旗
1992,嘎什甸子,GA SHI DIAN ZI,中国铁路沈阳局,内蒙古自治区 通辽市 奈曼旗,120.6361,44.7393,23770860,121.3497221,43.30680272,内蒙古自治区,通辽市,奈曼旗
2041,化德,HUA DE,中国铁路呼和浩特局,内蒙古自治区 乌兰察布市 化德县,113.2059,43.3114,45880309,114.0302321,41.89261056,内蒙古自治区,乌兰察布市,化德县
2052,红花沟,HONG HUA GOU,中国铁路沈阳局,内蒙古自治区 赤峰市 松山区,117.8727,43.6639,23470659,118.6274968,42.24172656,内蒙古自治区,赤峰市,松山区
2053,黄花筒,HUANG HUA TONG,中国铁路沈阳局,内蒙古自治区 通辽市 奈曼旗,120.2326,44.5753,23730229,120.9522343,43.14437712,内蒙古自治区,通辽市,奈曼旗
2061,杭锦后旗,HANG JIN HOU QI,中国铁路呼和浩特局,内蒙古自治区 巴彦淖尔市 杭锦后旗,106.1821,42.2692,41890776,107.1110867,40.86041568,内蒙古自治区,巴彦淖尔市,杭锦后旗
2076,哈拉苏,HA LA SU,中国铁路哈尔滨局,内蒙古自治区 呼伦贝尔市 扎兰屯市,121.7218,49.5931,12550727,122.4192452,48.11400624,内蒙古自治区,呼伦贝尔市,扎兰屯市
2077,呼鲁斯太,HU LU SI TAI,中国铁路兰州局,内蒙古自治区 阿拉善盟 阿拉善左旗,105.2947,40.6313,61430567,106.236909,39.23823952,内蒙古自治区,阿拉善盟,阿拉善左旗
2133,红彦,HONG YAN,中国铁路哈尔滨局,内蒙古自治区 呼伦贝尔市 莫力达瓦达斡尔族自治旗,124.3128,51.0047,36230893,124.9716393,49.51205488,内蒙古自治区,呼伦贝尔市,莫力达瓦达斡尔族自治旗
2167,金河,JIN HE,中国铁路哈尔滨局,内蒙古自治区 呼伦贝尔市 根河市,120.7771,52.8461,57600462,121.4886212,51.33577744,内蒙古自治区,呼伦贝尔市,根河市
2212,吉文,JI WEN,中国铁路哈尔滨局,内蒙古自治区 呼伦贝尔市 鄂伦春自治旗,122.5135,52.092,60450463,123.1991489,50.5889168,内蒙古自治区,呼伦贝尔市,鄂伦春自治旗
2246,昆都仑召,KUN DU LUN ZHAO,中国铁路呼和浩特局,内蒙古自治区 包头市 昆都仑区,108.9009,42.1082,60080350,109.7893766,40.70096128,内蒙古自治区,包头市,昆都仑区
2249,喀喇其,KA LA QI,中国铁路哈尔滨局,内蒙古自治区 呼伦贝尔市 牙克石市,121.3436,52.2052,60410126,122.0466804,50.70103008,内蒙古自治区,呼伦贝尔市,牙克石市
2255,克一河,KE YI HE,中国铁路哈尔滨局,内蒙古自治区 呼伦贝尔市 鄂伦春自治旗,121.7885,52.1555,60420033,122.4849514,50.6518072,内蒙古自治区,呼伦贝尔市,鄂伦春自治旗
2271,林东,LIN DONG,中国铁路呼和浩特局,内蒙古自治区 赤峰市 巴林左旗,118.6602,45.369,46360579,119.403263,43.9304576,内蒙古自治区,赤峰市,巴林左旗
2282,老府,LAO FU,中国铁路沈阳局,内蒙古自治区 赤峰市 松山区,117.5031,43.605,23430332,118.2634038,42.183392,内蒙古自治区,赤峰市,松山区
2367,林西,LIN XI,中国铁路呼和浩特局,内蒙古自治区 赤峰市 林西县,117.3114,45.0239,46230729,118.0745601,43.58867056,内蒙古自治区,赤峰市,林西县
2387,刘召,LIU ZHAO,中国铁路呼和浩特局,内蒙古自治区 巴彦淖尔市 五原县,107.1295,42.3171,7420544,108.0443705,40.90785584,内蒙古自治区,巴彦淖尔市,五原县
2420,木里图,MU LI TU,中国铁路沈阳局,内蒙古自治区 通辽市 科尔沁区,121.5093,44.9027,30460214,122.2099114,43.46863408,内蒙古自治区,通辽市,科尔沁区
2428,明水河,MING SHUI HE,中国铁路沈阳局,内蒙古自治区 兴安盟 阿尔山市,120.0978,48.1694,50310896,120.8194428,46.70397376,内蒙古自治区,兴安盟,阿尔山市
2444,宁城,NING CHENG,中国铁路沈阳局,内蒙古自治区 赤峰市 宁城县,118.5671,43.0273,90618259,119.3115502,41.61123792,内蒙古自治区,赤峰市,宁城县
2459,宁家,NING JIA,中国铁路沈阳局,内蒙古自治区 兴安盟 乌兰浩特市,121.4587,47.4408,50220856,122.1600654,45.98236832,内蒙古自治区,兴安盟,乌兰浩特市
2467,乃林,NAI LIN,中国铁路沈阳局,内蒙古自治区 赤峰市 喀喇沁旗,118.5198,43.3253,43920453,119.264955,41.90637712,内蒙古自治区,赤峰市,喀喇沁旗
2471,南木,NAN MU,中国铁路哈尔滨局,内蒙古自治区 呼伦贝尔市 扎兰屯市,121.6585,49.6564,12540650,122.3568884,48.17669856,内蒙古自治区,呼伦贝尔市,扎兰屯市
2536,平庄北,PING ZHUANG BEI,中国铁路沈阳局,内蒙古自治区 赤峰市 元宝山区,118.5532,43.4572,43940925,119.2978573,42.03701088,内蒙古自治区,赤峰市,元宝山区
2538,平庄,PING ZHUANG,中国铁路沈阳局,内蒙古自治区 赤峰市 元宝山区,118.5421,43.406,90609921,119.2869227,41.9863024,内蒙古自治区,赤峰市,元宝山区
2541,平庄南,PING ZHUANG NAN,中国铁路沈阳局,内蒙古自治区 赤峰市 喀喇沁旗,118.5031,43.3948,43930584,119.2485038,41.97520992,内蒙古自治区,赤峰市,喀喇沁旗
2596,旗下营南,QI XIA YING NAN,中国铁路呼和浩特局,内蒙古自治区 呼和浩特市 赛罕区,111.3327,42.3356,13920518,112.1849428,40.92617824,内蒙古自治区,呼和浩特市,赛罕区
2597,旗下营,QI XIA YING,中国铁路呼和浩特局,内蒙古自治区 乌兰察布市 卓资县,111.2911,42.3828,7120624,112.1439626,40.97292512,内蒙古自治区,乌兰察布市,卓资县
2604,庆阳山,QING YANG SHAN,中国铁路兰州局,内蒙古自治区 阿拉善盟 阿拉善左旗,103.0296,38.9658,61500264,104.005559,37.58872832,内蒙古自治区,阿拉善盟,阿拉善左旗
2645,商都,SHANG DU,中国铁路呼和浩特局,内蒙古自治区 乌兰察布市 商都县,112.7168,42.9925,45860701,113.5484197,41.576772,内蒙古自治区,乌兰察布市,商都县
2646,四道湾,SI DAO WAN,中国铁路沈阳局,内蒙古自治区 赤峰市 敖汉旗,118.8931,43.9041,23600710,119.6326928,42.47962064,内蒙古自治区,赤峰市,敖汉旗
2653,桑根达来,SANG GEN DA LAI,中国铁路呼和浩特局,内蒙古自治区 锡林郭勒盟 正蓝旗,115.1448,44.1044,46000059,115.9402425,42.67799776,内蒙古自治区,锡林郭勒盟,正蓝旗
2659,赛汗塔拉,SAI HAN TA LA,中国铁路呼和浩特局,内蒙古自治区 锡林郭勒盟 苏尼特右旗,111.813,44.1737,8270311,112.6580863,42.74663248,内蒙古自治区,锡林郭勒盟,苏尼特右旗
2680,舍力虎,SHE LI HU,中国铁路沈阳局,内蒙古自治区 通辽市 奈曼旗,119.8983,44.1484,23680861,120.6229153,42.72157536,内蒙古自治区,通辽市,奈曼旗
2686,萨拉齐,SA LA QI,中国铁路呼和浩特局,内蒙古自治区 包头市 土默特右旗,109.6477,41.9681,7260878,110.5250493,40.56220624,内蒙古自治区,包头市,土默特右旗
2687,索伦,SUO LUN,中国铁路沈阳局,内蒙古自治区 兴安盟 科尔沁右翼前旗,120.5178,48.0651,50300350,121.2331848,46.60067504,内蒙古自治区,兴安盟,科尔沁右翼前旗
2694,苏尼特左旗,SU NI TE ZUO QI,中国铁路呼和浩特局,内蒙古自治区 锡林郭勒盟 苏尼特左旗,112.7722,45.3179,62990564,113.6029942,43.87984816,内蒙古自治区,锡林郭勒盟,苏尼特左旗
2718,索图罕,SUO TU HAN,中国铁路哈尔滨局,内蒙古自治区 呼伦贝尔市 鄂伦春自治旗,122.1824,52.1359,60430012,122.8729822,50.63239536,内蒙古自治区,呼伦贝尔市,鄂伦春自治旗
2794,土贵乌拉,TU GUI WU LA,中国铁路呼和浩特局,内蒙古自治区 乌兰察布市 察哈尔右翼前旗,112.3589,42.1907,6990054,113.1958524,40.78266928,内蒙古自治区,乌兰察布市,察哈尔右翼前旗
2806,吐列毛杜,TU LIE MAO DU,中国铁路沈阳局,内蒙古自治区 兴安盟 科尔沁右翼中旗,120.1598,46.9898,50530568,120.880519,45.53569792,内蒙古自治区,兴安盟,科尔沁右翼中旗
2807,图里河,TU LI HE,中国铁路哈尔滨局,内蒙古自治区 呼伦贝尔市 牙克石市,120.9558,51.9857,57510498,121.6646586,50.48363728,内蒙古自治区,呼伦贝尔市,牙克石市
2812,土牧尔台,TU MU ER TAI,中国铁路呼和浩特局,内蒙古自治区 乌兰察布市 察哈尔右翼后旗,112.297,43.2652,8200349,113.1348747,41.84685408,内蒙古自治区,乌兰察布市,察哈尔右翼后旗
2834,天义,TIAN YI,中国铁路沈阳局,内蒙古自治区 赤峰市 宁城县,118.5843,43.0063,43890157,119.3284939,41.59043952,内蒙古自治区,赤峰市,宁城县
2852,五叉沟,WU CHA GOU,中国铁路沈阳局,内蒙古自治区 兴安盟 阿尔山市,119.5809,48.2347,50320438,120.3102446,46.76864688,内蒙古自治区,兴安盟,阿尔山市
2862,卫东,WEI DONG,中国铁路沈阳局,内蒙古自治区 兴安盟 科尔沁右翼前旗,121.5313,47.3851,50210502,122.2315836,45.92720304,内蒙古自治区,兴安盟,科尔沁右翼前旗
2865,乌尔旗汗,WU ER QI HAN,中国铁路哈尔滨局,内蒙古自治区 呼伦贝尔市 牙克石市,120.662,51.057,57400069,121.3752362,49.5638528,内蒙古自治区,呼伦贝尔市,牙克石市
2893,乌奴耳,WU NU ER,中国铁路哈尔滨局,内蒙古自治区 呼伦贝尔市 牙克石市,120.5228,50.3583,12450013,121.2381103,48.87186032,内蒙古自治区,呼伦贝尔市,牙克石市
2944,新绰源,XIN CHUO YUAN,中国铁路哈尔滨局,内蒙古自治区 呼伦贝尔市 牙克石市,120.6348,49.8146,62060824,121.3484415,48.33337984,内蒙古自治区,呼伦贝尔市,牙克石市
3024,新窝铺,XIN WO PU,中国铁路沈阳局,内蒙古自治区 赤峰市 敖汉旗,119.6654,44.1361,23660784,120.3934855,42.70939344,内蒙古自治区,赤峰市,敖汉旗
3025,西乌旗,XI WU QI,中国铁路沈阳局,内蒙古自治区 锡林郭勒盟 西乌珠穆沁旗,116.7831,46.0678,49930205,117.5541318,44.62254912,内蒙古自治区,锡林郭勒盟,西乌珠穆沁旗
3034,西小召,XI XIAO ZHAO,中国铁路呼和浩特局,内蒙古自治区 巴彦淖尔市 乌拉特前旗,107.4436,42.2685,7410614,108.3537904,40.8597224,内蒙古自治区,巴彦淖尔市,乌拉特前旗
3046,小扬气,XIAO YANG QI,中国铁路哈尔滨局,内蒙古自治区 呼伦贝尔市 鄂伦春自治旗,123.6064,52.3003,36370956,124.2757646,50.79521712,内蒙古自治区,呼伦贝尔市,鄂伦春自治旗
3051,新帐房,XIN ZHANG FANG,中国铁路哈尔滨局,内蒙古自治区 呼伦贝尔市 牙克石市,121.1034,51.6399,57460309,121.8100593,50.14115696,内蒙古自治区,呼伦贝尔市,牙克石市
3053,汐子,XI ZI,中国铁路沈阳局,内蒙古自治区 赤峰市 宁城县,118.5127,43.2125,43910814,119.2579608,41.79466,内蒙古自治区,赤峰市,宁城县
3054,西哲里木,XI ZHE LI MU,中国铁路沈阳局,内蒙古自治区 兴安盟 科尔沁右翼中旗,119.8702,47.0042,50520856,120.595234,45.54995968,内蒙古自治区,兴安盟,科尔沁右翼中旗
3104,岳家井,YUE JIA JING,中国铁路兰州局,内蒙古自治区 阿拉善盟 阿拉善左旗,103.3114,38.9565,61480046,104.2831601,37.5795176,内蒙古自治区,阿拉善盟,阿拉善左旗
3120,伊敏,YI MIN,中国铁路哈尔滨局,内蒙古自治区 呼伦贝尔市 鄂温克族自治旗,119.0409,50.1335,50480792,119.7782906,48.6492184,内蒙古自治区,呼伦贝尔市,鄂温克族自治旗
3188,治安,ZHI AN,中国铁路沈阳局,内蒙古自治区 通辽市 奈曼旗,120.7899,44.7795,23780244,121.5012305,43.3466168,内蒙古自治区,通辽市,奈曼旗
3200,准格尔,ZHUN GE ER,中国铁路呼和浩特局,内蒙古自治区 鄂尔多斯市 准格尔旗,110.3675,41.5259,9448511,111.2341243,40.12425136,内蒙古自治区,鄂尔多斯市,准格尔旗
3217,扎鲁特,ZHA LU TE,中国铁路沈阳局,内蒙古自治区 通辽市 扎鲁特旗,120.517,46.0938,50570847,121.2323967,44.64829952,内蒙古自治区,通辽市,扎鲁特旗
3231,朱日和,ZHU RI HE,中国铁路呼和浩特局,内蒙古自治区 锡林郭勒盟 苏尼特右旗,112.0488,43.8176,8250656,112.8903729,42.39395104,内蒙古自治区,锡林郭勒盟,苏尼特右旗
3247,正镶白旗,ZHENG XIANG BAI QI,中国铁路呼和浩特局,内蒙古自治区 锡林郭勒盟 正镶白旗,114.2232,43.6998,45940037,115.0323743,42.27728192,内蒙古自治区,锡林郭勒盟,正镶白旗
3251,卓资东,ZHUO ZI DONG,中国铁路呼和浩特局,内蒙古自治区 乌兰察布市 卓资县,111.7643,42.3312,7070527,112.6101119,40.92182048,内蒙古自治区,乌兰察布市,卓资县
3256,卓资山,ZHUO ZI SHAN,中国铁路呼和浩特局,内蒙古自治区 乌兰察布市 卓资县,111.7069,42.3083,7090460,112.5535672,40.89914032,内蒙古自治区,乌兰察布市,卓资县
103,暖泉,NUAN QUAN,中国铁路兰州局,宁夏回族自治区 银川市 贺兰县,105.3291,40.127,7590202,106.2707964,38.7387808,宁夏回族自治区,银川市,贺兰县
138,银川,YIN CHUAN,中国铁路兰州局,宁夏回族自治区 银川市 西夏区,105.2265,39.876,7610822,106.1697252,38.4901904,宁夏回族自治区,银川市,西夏区
380,大武口,DA WU KOU,中国铁路兰州局,宁夏回族自治区 石嘴山市 大武口区,105.4497,40.415,61400587,106.3895995,39.024016,宁夏回族自治区,石嘴山市,大武口区
490,干塘,GAN TANG,中国铁路兰州局,宁夏回族自治区 中卫市 沙坡头区,103.5565,38.8291,7870072,104.5246082,37.45334064,宁夏回族自治区,中卫市,沙坡头区
499,固原,GU YUAN,中国铁路兰州局,宁夏回族自治区 固原市 原州区,105.3621,37.3815,48470263,106.3033047,36.0196376,宁夏回族自治区,固原市,原州区
528,河东机场,HE DONG JI CHANG,中国铁路兰州局,宁夏回族自治区 银川市 灵武市,105.443,39.7044,89991906,106.3829993,38.32023776,宁夏回族自治区,银川市,灵武市
821,灵武北,LING WU BEI,中国铁路兰州局,宁夏回族自治区 银川市 灵武市,105.3719,39.5154,90002516,106.3129587,38.13305216,宁夏回族自治区,银川市,灵武市
923,宁东南,NING DONG NAN,中国铁路兰州局,宁夏回族自治区 银川市 灵武市,105.7158,39.4884,58640811,106.6517346,38.10631136,宁夏回族自治区,银川市,灵武市
924,宁东,NING DONG,中国铁路兰州局,宁夏回族自治区 银川市 灵武市,105.604,39.528,58650434,106.5416004,38.1455312,宁夏回族自治区,银川市,灵武市
1032,青铜峡,QING TONG XIA,中国铁路兰州局,宁夏回族自治区 吴忠市 青铜峡市,104.9821,39.2972,7700270,105.9289667,37.91694688,宁夏回族自治区,吴忠市,青铜峡市
1051,汝箕沟,RU JI GOU,中国铁路兰州局,宁夏回族自治区 石嘴山市 大武口区,105.1708,40.4585,61460789,106.1148551,39.0670984,宁夏回族自治区,石嘴山市,大武口区
1176,石嘴山南,SHI ZUI SHAN NAN,中国铁路兰州局,宁夏回族自治区 石嘴山市 平罗县,105.4796,40.3036,7570504,106.419054,38.91368544,宁夏回族自治区,石嘴山市,平罗县
1304,吴忠,WU ZHONG,中国铁路兰州局,宁夏回族自治区 吴忠市 利通区,105.3057,39.3546,90013120,106.2477451,37.97379584,宁夏回族自治区,吴忠市,利通区
1589,中卫,ZHONG WEI,中国铁路兰州局,宁夏回族自治区 中卫市 沙坡头区,104.2303,38.8967,7800445,105.1883685,37.52029168,宁夏回族自治区,中卫市,沙坡头区
1590,中卫南,ZHONG WEI NAN,中国铁路兰州局,宁夏回族自治区 中卫市 沙坡头区,104.2192,38.8457,90034334,105.1774339,37.46978128,宁夏回族自治区,中卫市,沙坡头区
1617,艾家村,AI JIA CUN,中国铁路兰州局,宁夏回族自治区 吴忠市 同心县,104.8248,38.5293,48590112,105.7740105,37.15641872,宁夏回族自治区,吴忠市,同心县
1648,白芨沟,BAI JI GOU,中国铁路兰州局,宁夏回族自治区 石嘴山市 大武口区,105.1942,40.5082,61450295,106.1379064,39.11632128,宁夏回族自治区,石嘴山市,大武口区
1729,长农,CHANG NONG,中国铁路兰州局,宁夏回族自治区 中卫市 中宁县,104.7483,38.6221,48600572,105.6986503,37.24832784,宁夏回族自治区,中卫市,中宁县
1769,大坝,DA BA,中国铁路兰州局,宁夏回族自治区 吴忠市 青铜峡市,104.9845,39.4025,7680750,105.931331,38.021236,宁夏回族自治区,吴忠市,青铜峡市
1784,大磴沟,DA DENG GOU,中国铁路兰州局,宁夏回族自治区 石嘴山市 大武口区,105.4084,40.5831,61420280,106.3489148,39.19050224,宁夏回族自治区,石嘴山市,大武口区
1866,大战场,DA ZHAN CHANG,中国铁路兰州局,宁夏回族自治区 中卫市 中宁县,104.5921,38.7958,48620324,105.5447777,37.42036032,宁夏回族自治区,中卫市,中宁县
1887,二营,ER YING,中国铁路兰州局,宁夏回族自治区 固原市 原州区,105.3036,37.5463,48490427,106.2456764,36.18285552,宁夏回族自治区,固原市,原州区
2026,惠安堡,HUI AN BU,中国铁路兰州局,宁夏回族自治区 吴忠市 盐池县,105.7385,38.8528,92094921,106.6740964,37.47681312,宁夏回族自治区,吴忠市,盐池县
2047,韩府湾,HAN FU WAN,中国铁路兰州局,宁夏回族自治区 中卫市 海原县,105.1822,37.972,48530646,106.1260852,36.6044688,宁夏回族自治区,中卫市,海原县
2090,惠农,HUI NONG,中国铁路兰州局,宁夏回族自治区 石嘴山市 惠农区,105.7892,40.6529,7540770,106.7240409,39.25963216,宁夏回族自治区,石嘴山市,惠农区
2105,红寺堡,HONG SI BAO,中国铁路兰州局,宁夏回族自治区 吴忠市 红寺堡区,105.1168,38.8222,29970678,106.0616597,37.44650688,宁夏回族自治区,吴忠市,红寺堡区
2106,红寺堡北,HONG SI BU BEI,中国铁路兰州局,宁夏回族自治区 吴忠市 红寺堡区,105.1145,38.9747,90023727,106.059394,37.59754288,宁夏回族自治区,吴忠市,红寺堡区
2141,黄羊滩,HUANG YANG TAN,中国铁路兰州局,宁夏回族自治区 银川市 永宁县,105.071,39.6425,7640280,106.0165421,38.258932,宁夏回族自治区,银川市,永宁县
2330,六盘山,LIU PAN SHAN,中国铁路兰州局,宁夏回族自治区 固原市 泾源县,105.3485,37.0643,48440220,106.2899074,35.70548272,宁夏回族自治区,固原市,泾源县
2358,李旺,LI WANG,中国铁路兰州局,宁夏回族自治区 中卫市 海原县,105.1319,38.0668,48540033,106.0765347,36.69835872,宁夏回族自治区,中卫市,海原县
2360,灵武,LING WU,中国铁路兰州局,宁夏回族自治区 银川市 灵武市,105.4238,39.5386,58660675,106.3640854,38.15602944,宁夏回族自治区,银川市,灵武市
2527,彭阳,PENG YANG,中国铁路兰州局,宁夏回族自治区 固原市 原州区,105.3427,37.1705,48450085,106.2841938,35.8106632,宁夏回族自治区,固原市,原州区
2603,七营,QI YING,中国铁路兰州局,宁夏回族自治区 固原市 原州区,105.1975,37.8666,48520465,106.1411573,36.50008064,宁夏回族自治区,固原市,原州区
2628,石坝,SHI BA,中国铁路兰州局,宁夏回族自治区 吴忠市 同心县,104.8975,38.4382,48580416,105.8456273,37.06619328,宁夏回族自治区,吴忠市,同心县
2652,三关口,SAN GUAN KOU,中国铁路兰州局,宁夏回族自治区 固原市 泾源县,105.4534,37.0215,48430534,106.3932443,35.6630936,宁夏回族自治区,固原市,泾源县
2668,沈家河,SHEN JIA HE,中国铁路兰州局,宁夏回族自治区 固原市 原州区,105.3412,37.4554,48480071,106.2827161,36.09282816,宁夏回族自治区,固原市,原州区
2697,沙坡头,SHA PO TOU,中国铁路兰州局,宁夏回族自治区 中卫市 沙坡头区,104.0392,38.8399,7820096,105.0001159,37.46403696,宁夏回族自治区,中卫市,沙坡头区
2752,三营,SAN YING,中国铁路兰州局,宁夏回族自治区 固原市 原州区,105.202,37.6534,48500744,106.1455902,36.28892736,宁夏回族自治区,固原市,原州区
2820,土桥子,TU QIAO ZI,中国铁路兰州局,宁夏回族自治区 中卫市 海原县,105.08,38.1649,48550867,106.025408,36.79551696,宁夏回族自治区,中卫市,海原县
2831,同心,TONG XIN,中国铁路兰州局,宁夏回族自治区 吴忠市 同心县,104.9778,38.3639,48570642,105.9247308,36.99260656,宁夏回族自治区,吴忠市,同心县
2837,太阳山,TAI YANG SHAN,中国铁路兰州局,宁夏回族自治区 吴忠市 盐池县,105.6277,38.8255,29940279,106.5649473,37.4497752,宁夏回族自治区,吴忠市,盐池县
2910,王团庄,WANG TUAN ZHUANG,中国铁路兰州局,宁夏回族自治区 吴忠市 同心县,105.0367,38.2705,48560431,105.9827532,36.9001032,宁夏回族自治区,吴忠市,同心县
2966,宣和,XUAN HE,中国铁路兰州局,宁夏回族自治区 中卫市 沙坡头区,104.4846,38.8526,48630612,105.4388795,37.47661504,宁夏回族自治区,中卫市,沙坡头区
3066,盐池,YAN CHI,中国铁路兰州局,宁夏回族自治区 吴忠市 盐池县,106.4179,39.1102,58600495,107.3433733,37.73174208,宁夏回族自治区,吴忠市,盐池县
3125,营盘水,YING PAN SHUI,中国铁路兰州局,宁夏回族自治区 中卫市 沙坡头区,103.3434,38.8193,7890867,104.3146833,37.44363472,宁夏回族自治区,中卫市,沙坡头区
3211,褚家湾,CHU JIA WAN,中国铁路兰州局,宁夏回族自治区 固原市 原州区,105.1712,37.7585,48510683,106.1152491,36.3930184,宁夏回族自治区,固原市,原州区
3221,中宁东,ZHONG NING DONG,中国铁路兰州局,宁夏回族自治区 中卫市 中宁县,104.7497,38.8226,29990168,105.7000295,37.44690304,宁夏回族自治区,中卫市,中宁县
3222,中宁,ZHONG NING,中国铁路兰州局,宁夏回族自治区 中卫市 中宁县,104.7138,38.9307,7780840,105.6646644,37.55396528,宁夏回族自治区,中卫市,中宁县
3224,中宁南,ZHONG NING NAN,中国铁路兰州局,宁夏回族自治区 中卫市 中宁县,104.6632,38.7074,48610225,105.6148183,37.33280896,宁夏回族自治区,中卫市,中宁县
134,西宁,XI NING,中国铁路青藏集团,青海省 西宁市 城东区,100.8083,37.9869,16920759,101.8173563,36.61922576,青海省,西宁市,城东区
356,德令哈,DE LING HA,中国铁路青藏集团,青海省 海西蒙古族藏族自治州 德令哈市,96.3129,38.687,17070509,97.38893779,37.3126048,青海省,海西蒙古族藏族自治州,德令哈市
379,大通西,DA TONG XI,中国铁路青藏集团,青海省 西宁市 大通回族土族自治县,100.6651,38.3358,55070400,101.67629,36.96477632,青海省,西宁市,大通回族土族自治县
470,格尔木,GE ER MU,中国铁路青藏集团,青海省 海西蒙古族藏族自治州 格尔木市,93.7996,37.7465,17160059,94.91308596,36.3811336,青海省,海西蒙古族藏族自治州,格尔木市
615,湟源,HUANG YUAN,中国铁路青藏集团,青海省 西宁市 湟源县,100.2265,38.0506,16950675,101.2442252,36.68231424,青海省,西宁市,湟源县
876,民和南,MIN HE NAN,中国铁路青藏集团,青海省 海东市 民和回族土族自治县,101.8591,37.6694,55040881,102.8524994,36.30477376,青海省,海东市,民和回族土族自治县
902,门源,MEN YUAN,中国铁路青藏集团,青海省 海北藏族自治州 门源回族自治县,100.5174,38.8007,55080020,101.5307907,37.42521328,青海省,海北藏族自治州,门源回族自治县
2043,海东,HAI DONG,中国铁路青藏集团,青海省 海东市 乐都区,101.3933,37.8318,55050542,102.3936398,36.46561472,青海省,海东市,乐都区
2045,海东西,HAI DONG XI,中国铁路青藏集团,青海省 海东市 平安区,101.0522,37.8749,55060172,102.0576222,36.50830096,青海省,海东市,平安区
2132,海晏,HAI YAN,中国铁路青藏集团,青海省 海北藏族自治州 海晏县,99.9773,38.2355,16960672,100.9987382,36.8654392,青海省,海北藏族自治州,海晏县
2272,乐都,LE DU,中国铁路青藏集团,青海省 海东市 乐都区,101.4364,37.8421,16860032,102.4360976,36.47581584,青海省,海东市,乐都区
2491,平安驿,PING AN YI,中国铁路青藏集团,青海省 海东市 平安区,101.1068,37.8705,16890855,102.1114087,36.5039432,青海省,海东市,平安区
2884,乌兰,WU LAN,中国铁路青藏集团,青海省 海西蒙古族藏族自治州 乌兰县,97.4136,38.3233,17040624,98.47323736,36.95239632,青海省,海西蒙古族藏族自治州,乌兰县
3263,茶卡,CHA KA,中国铁路青藏集团,青海省 海西蒙古族藏族自治州 乌兰县,98.0418,38.128,61080420,99.09207718,36.7589712,青海省,海西蒙古族藏族自治州,乌兰县
31,长清,CHANG QING,中国铁路济南局,山东省 济南市 长清区,115.942,37.931,99517158,116.7255642,36.5638624,山东省,济南市,长清区
35,常庄,CHANG ZHUANG,中国铁路济南局,山东省 济南市 莱芜区,117.1162,37.6868,59960766,117.8822686,36.32200672,山东省,济南市,莱芜区
44,钢城,GANG CHENG,中国铁路济南局,山东省 济南市 钢城区,117.1107,37.432,98333304,117.8768506,36.0696528,山东省,济南市,钢城区
72,济南,JI NAN,中国铁路济南局,山东省 济南市 天桥区,116.2041,38.0374,27270469,116.9837589,36.66924096,山东省,济南市,天桥区
73,济南东,JI NAN DONG,中国铁路济南局,山东省 济南市 历城区,116.3749,38.1155,540534286,117.152014,36.7465912,山东省,济南市,历城区
74,济南西,JI NAN XI,中国铁路济南局,山东省 济南市 槐荫区,116.1036,38.0353,5960198,116.8847564,36.66716112,山东省,济南市,槐荫区
77,历城,LI CHENG,中国铁路济南局,山东省 济南市 历城区,116.4236,38.0324,98266608,117.1999884,36.66428896,山东省,济南市,历城区
78,蔺家楼,LIN JIA LOU,中国铁路济南局,山东省 济南市 莱芜区,116.7905,37.6087,60020033,117.5614216,36.24465648,山东省,济南市,莱芜区
84,莱芜北,LAI WU BEI,中国铁路济南局,山东省 济南市 莱芜区,116.9309,37.6446,98316630,117.6997296,36.28021184,山东省,济南市,莱芜区
137,雪野,XUE YE,中国铁路济南局,山东省 济南市 莱芜区,116.8116,37.8253,98299956,117.5822072,36.45917712,山东省,济南市,莱芜区
146,章丘南,ZHANG QIU NAN,中国铁路济南局,山东省 济南市 章丘区,116.6934,37.9497,98283282,117.4657683,36.58238288,山东省,济南市,章丘区
242,滨州,BIN ZHOU,中国铁路济南局,山东省 滨州市 滨城区,117.2463,38.8273,59700881,118.0104301,37.45155792,山东省,滨州市,滨城区
299,曹县,CAO XIAN,中国铁路济南局,山东省 菏泽市 曹县,114.7751,36.1764,19510358,115.576051,34.82610656,山东省,菏泽市,曹县
361,大明湖,DA MING HU,中国铁路济南局,山东省 济南市 天桥区,116.2426,38.0479,27280421,117.0216853,36.67964016,山东省,济南市,天桥区
363,东明县,DONG MING XIAN,中国铁路郑州局,山东省 菏泽市 东明县,114.2765,36.6213,44740279,115.0848802,35.26673552,山东省,菏泽市,东明县
394,东营,DONG YING,中国铁路济南局,山东省 东营市 东营区,117.7075,38.828,59870293,118.4647583,37.4522512,山东省,东营市,东营区
396,东营南,DONG YING NAN,中国铁路济南局,山东省 东营市 东营区,117.7873,38.7281,59740562,118.5433692,37.35331024,山东省,东营市,东营区
399,德州东,DE ZHOU DONG,中国铁路北京局,山东省 德州市 德城区,115.6675,38.7821,5950360,116.4551543,37.40679184,山东省,德州市,德城区
404,德州,DE ZHOU,中国铁路北京局,山东省 德州市 德城区,115.4905,38.8224,26030038,116.2807916,37.44670496,山东省,德州市,德城区
494,冠县,GUAN XIAN,中国铁路北京局,山东省 聊城市 冠县,114.6341,37.8646,54810569,115.4371519,36.49809984,山东省,聊城市,冠县
608,海阳,HAI YANG,中国铁路济南局,山东省 烟台市 海阳市,120.4576,38.0842,99433788,121.1738818,36.71559168,山东省,烟台市,海阳市
617,菏泽东,HE ZE DONG,中国铁路济南局,山东省 菏泽市 定陶区,114.7547,36.5371,94380701,115.555955,35.18334384,山东省,菏泽市,定陶区
618,菏泽,HE ZE,中国铁路济南局,山东省 菏泽市 牡丹区,114.6987,36.5839,19470779,115.5007894,35.22969456,山东省,菏泽市,牡丹区
653,即墨北,JI MO BEI,中国铁路济南局,山东省 青岛市 即墨区,119.6591,37.7676,45440316,120.3872794,36.40203104,山东省,青岛市,即墨区
660,济宁,JI NING,中国铁路济南局,山东省 济宁市 任城区,115.8097,36.7471,44830751,116.5952355,35.39132784,山东省,济宁市,任城区
691,巨野,JU YE,中国铁路济南局,山东省 菏泽市 巨野县,115.2878,36.7329,44790315,116.0811118,35.37726416,山东省,菏泽市,巨野县
752,聊城,LIAO CHENG,中国铁路济南局,山东省 聊城市 东昌府区,115.1409,37.822,19380278,115.9364006,36.4559088,山东省,聊城市,东昌府区
753,陵城,LING CHENG,中国铁路济南局,山东省 德州市 陵城区,115.7912,38.6654,59590021,116.5770111,37.29121216,山东省,德州市,陵城区
755,聊城西,LIAO CHENG XI,中国铁路济南局,山东省 聊城市 东昌府区,115.0777,37.7958,99567180,115.8741423,36.42996032,山东省,聊城市,东昌府区
792,龙口市,LONG KOU SHI,中国铁路济南局,山东省 烟台市 龙口市,119.7905,38.9933,90142255,120.5167216,37.61596432,山东省,烟台市,龙口市
816,岚山西,LAN SHAN XI,中国铁路济南局,山东省 日照市 岚山区,118.5236,36.5399,90685665,119.2686984,35.18611696,山东省,日照市,岚山区
822,莱芜东,LAI WU DONG,中国铁路济南局,山东省 济南市 莱芜区,116.9175,37.5919,60000527,117.6865293,36.22801776,山东省,济南市,莱芜区
829,莱西,LAI XI,中国铁路济南局,山东省 青岛市 莱西市,119.7987,38.191,45460469,120.5247994,36.8213664,山东省,青岛市,莱西市
838,临沂北,LIN YI BEI,中国铁路济南局,山东省 临沂市 兰山区,117.6146,36.549,90938012,118.3732425,35.1951296,山东省,临沂市,兰山区
842,临沂,LIN YI,中国铁路济南局,山东省 临沂市 兰山区,117.5777,36.3876,44980289,118.3368923,35.03527904,山东省,临沂市,兰山区
960,平度,PING DU,中国铁路济南局,山东省 青岛市 平度市,119.2375,38.1752,91343953,119.9719613,36.80571808,山东省,青岛市,平度市
961,平度西,PING DU XI,中国铁路济南局,山东省 青岛市 平度市,119.1421,38.129,59220237,119.8779827,36.7599616,山东省,青岛市,平度市
972,蓬莱市,PENG LAI SHI,中国铁路济南局,山东省 烟台市 蓬莱区,120.0738,39.1332,90145838,120.7958004,37.75452128,山东省,烟台市,蓬莱区
992,平原东,PING YUAN DONG,中国铁路济南局,山东省 德州市 平原县,115.7894,38.5884,588376072,116.5752379,37.21495136,山东省,德州市,平原县
1006,青岛,QING DAO,中国铁路济南局,山东省 青岛市 市南区,119.5771,37.4248,27510623,120.3065012,36.06252192,山东省,青岛市,市南区
1007,青岛北,QING DAO BEI,中国铁路济南局,山东省 青岛市 李沧区,119.6398,37.5306,27490800,120.368267,36.16730624,山东省,青岛市,李沧区
1010,青岛西,QING DAO XI,中国铁路济南局,山东省 青岛市 黄岛区,119.2136,37.2618,90637425,119.9484174,35.90108672,山东省,青岛市,黄岛区
1011,曲阜东,QU FU DONG,中国铁路济南局,山东省 济宁市 曲阜市,116.2837,36.9119,5980344,117.0621729,35.55454576,山东省,济宁市,曲阜市
1013,曲阜,QU FU,中国铁路济南局,山东省 济宁市 曲阜市,116.2446,36.9387,44880130,117.0236555,35.58108848,山东省,济宁市,曲阜市
1049,荣成,RONG CHENG,中国铁路济南局,山东省 威海市 荣成市,121.703,38.5142,45540461,122.4007253,37.14146368,山东省,威海市,荣成市
1056,乳山南,RU SHAN NAN,中国铁路济南局,山东省 威海市 乳山市,120.8407,38.2447,99450462,121.5512736,36.87455088,山东省,威海市,乳山市
1057,日照,RI ZHAO,中国铁路济南局,山东省 日照市 东港区,118.7845,36.7589,45070283,119.525711,35.40301456,山东省,日照市,东港区
1058,日照西,RI ZHAO XI,中国铁路济南局,山东省 日照市 东港区,118.669,36.7448,45050563,119.4119319,35.38904992,山东省,日照市,东港区
1074,商河,SHANG HE,中国铁路济南局,山东省 济南市 商河县,116.3133,38.8099,59630874,117.0913318,37.43432496,山东省,济南市,商河县
1149,莘县,SHEN XIAN,中国铁路济南局,山东省 聊城市 莘县,114.881,37.5683,99583854,115.6803731,36.20464432,山东省,聊城市,莘县
1181,泰安,TAI AN,中国铁路济南局,山东省 泰安市 岱岳区,116.248,37.5333,5970478,117.0270048,36.16998032,山东省,泰安市,岱岳区
1227,泰山,TAI SHAN,中国铁路济南局,山东省 泰安市 泰山区,116.3249,37.548,26240523,117.102759,36.1845392,山东省,泰安市,泰山区
1239,滕州东,TENG ZHOU DONG,中国铁路济南局,山东省 枣庄市 滕州市,116.4751,36.4425,5990521,117.250721,35.089652,山东省,枣庄市,滕州市
1250,潍坊,WEI FANG,中国铁路济南局,山东省 潍坊市 潍城区,118.3422,38.0625,27400881,119.0900012,36.6941,山东省,潍坊市,潍城区
1256,威海,WEI HAI,中国铁路济南局,山东省 威海市 环翠区,121.4348,38.7992,45350729,122.1365215,37.42372768,山东省,威海市,环翠区
1505,烟台,YAN TAI,中国铁路济南局,山东省 烟台市 芝罘区,120.6629,38.9221,45340350,121.3761228,37.54544784,山东省,烟台市,芝罘区
1511,烟台南,YAN TAI NAN,中国铁路济南局,山东省 烟台市 莱山区,120.6729,38.8048,45500858,121.3859738,37.42927392,山东省,烟台市,莱山区
1528,兖州,YAN ZHOU,中国铁路济南局,山东省 济宁市 兖州区,116.0533,36.9122,26340887,116.8352058,35.55484288,山东省,济宁市,兖州区
1532,淄博北,ZI BO BEI,中国铁路济南局,山东省 淄博市 张店区,117.2547,38.2637,90405897,118.018705,36.89336848,山东省,淄博市,张店区
1533,淄博,ZI BO,中国铁路济南局,山东省 淄博市 张店区,117.2855,38.1555,27350559,118.0490461,36.7862072,山东省,淄博市,张店区
1577,章丘北,ZHANG QIU BEI,中国铁路济南局,山东省 济南市 章丘区,116.7066,38.1701,90386603,117.4787717,36.80066704,山东省,济南市,章丘区
1580,章丘,ZHANG QIU,中国铁路济南局,山东省 济南市 章丘区,116.7193,38.0883,27300889,117.4912824,36.71965232,山东省,济南市,章丘区
1603,枣庄,ZAO ZHUANG,中国铁路济南局,山东省 枣庄市 薛城区,116.5232,36.1303,6000118,117.2981043,34.78044912,山东省,枣庄市,薛城区
1606,庄寨,ZHUANG ZHAI,中国铁路济南局,山东省 菏泽市 曹县,114.378,36.3847,94397380,115.1848678,35.03240688,山东省,菏泽市,曹县
1608,枣庄西,ZAO ZHUANG XI,中国铁路济南局,山东省 枣庄市 薛城区,116.4711,36.1426,26430391,117.2467806,34.79263104,山东省,枣庄市,薛城区
1688,博兴,BO XING,中国铁路济南局,山东省 滨州市 博兴县,117.3723,38.5091,59840217,118.1345527,37.13641264,山东省,滨州市,博兴县
1723,昌乐,CHANG LE,中国铁路济南局,山东省 潍坊市 昌乐县,118.0803,38.0779,27380407,118.8320035,36.70935216,山东省,潍坊市,昌乐县
1733,茌平南,CHI PING NAN,中国铁路济南局,山东省 聊城市 茌平区,115.4354,37.8925,99533832,116.2265125,36.525732,山东省,聊城市,茌平区
1751,磁窑,CI YAO,中国铁路济南局,山东省 泰安市 宁阳县,116.3213,37.2603,26280189,117.0992126,35.89960112,山东省,泰安市,宁阳县
1753,城阳,CHENG YANG,中国铁路济南局,山东省 青岛市 城阳区,119.6305,37.6614,45110593,120.3591056,36.29685056,山东省,青岛市,城阳区
1756,昌邑,CHANG YI,中国铁路济南局,山东省 潍坊市 昌邑市,118.7133,38.1622,91335610,119.4555718,36.79284288,山东省,潍坊市,昌邑市
1808,董家口,DONG JIA KOU,中国铁路济南局,山东省 青岛市 黄岛区,118.968,37.0328,90656719,119.7064768,35.67428512,山东省,青岛市,黄岛区
1837,定陶,DING TAO,中国铁路济南局,山东省 菏泽市 定陶区,114.7887,36.417,19490403,115.5894484,35.0643968,山东省,菏泽市,定陶区
1926,费县北,FEI XIAN BEI,中国铁路济南局,山东省 临沂市 费县,117.1639,36.6737,90948644,117.9292579,35.31863248,山东省,临沂市,费县
1929,费县,FEI XIAN,中国铁路济南局,山东省 临沂市 费县,117.2078,36.632,44950592,117.9725038,35.2773328,山东省,临沂市,费县
1936,范镇,FAN ZHEN,中国铁路济南局,山东省 济南市 莱芜区,116.6171,37.5806,60040793,117.3906052,36.21682624,山东省,济南市,莱芜区
1971,高密北,GAO MI BEI,中国铁路济南局,山东省 潍坊市 高密市,119.0417,37.88,90444485,119.7790787,36.513352,山东省,潍坊市,高密市
1973,高密,GAO MI,中国铁路济南局,山东省 潍坊市 高密市,119.0233,37.7567,27440411,119.7609528,36.39123568,山东省,潍坊市,高密市
2039,红岛,HONG DAO,中国铁路济南局,山东省 青岛市 城阳区,119.4542,37.6074,90483073,120.1854324,36.24336896,山东省,青岛市,城阳区
2121,桓台,HUAN TAI,中国铁路济南局,山东省 淄博市 桓台县,117.3536,38.3155,59820031,118.1161314,36.9446712,山东省,淄博市,桓台县
2124,黑旺,HEI WANG,中国铁路济南局,山东省 淄博市 淄川区,117.4332,37.9895,59900370,118.1945453,36.6218008,山东省,淄博市,淄川区
2136,海阳北,HAI YANG BEI,中国铁路济南局,山东省 烟台市 海阳市,120.2355,38.4392,45470186,120.9550911,37.06718368,山东省,烟台市,海阳市
2158,鄄城,JUAN CHENG,中国铁路济南局,山东省 菏泽市 鄄城县,114.8646,36.7777,19460343,115.6642175,35.42163408,山东省,菏泽市,鄄城县
2182,莒南,JU NAN,中国铁路济南局,山东省 临沂市 莒南县,118.0894,36.5367,45010619,118.8409679,35.18294768,山东省,临沂市,莒南县
2183,莒南北,JU NAN BEI,中国铁路济南局,山东省 临沂市 莒南县,118.0383,36.6273,90927380,118.7906293,35.27267792,山东省,临沂市,莒南县
2184,济宁北,JI NING BEI,中国铁路济南局,山东省 济宁市 任城区,115.822,36.8808,94330664,116.6073522,35.52374432,山东省,济宁市,任城区
2185,济宁东,JI NING DONG,中国铁路济南局,山东省 济宁市 兖州区,115.9663,36.8787,94313985,116.7495021,35.52166448,山东省,济宁市,兖州区
2213,嘉祥北,JIA XIANG BEI,中国铁路济南局,山东省 济宁市 嘉祥县,115.5732,36.8265,94347343,116.3622593,35.4699656,山东省,济宁市,嘉祥县
2216,莒县,JU XIAN,中国铁路济南局,山东省 日照市 莒县,118.0821,37.0091,45670543,118.8337767,35.65081264,山东省,日照市,莒县
2217,嘉祥,JIA XIANG,中国铁路济南局,山东省 济宁市 嘉祥县,115.5624,36.7465,44810059,116.3516202,35.3907336,山东省,济宁市,嘉祥县
2224,巨野北,JU YE BEI,中国铁路济南局,山东省 菏泽市 巨野县,115.2742,36.8022,94364022,116.0677144,35.44589888,山东省,菏泽市,巨野县
2235,胶州北,JIAO ZHOU BEI,中国铁路济南局,山东省 青岛市 胶州市,119.3158,37.7605,27460260,120.0490946,36.3949992,山东省,青岛市,胶州市
2240,胶州,JIAO ZHOU,中国铁路济南局,山东省 青岛市 胶州市,119.259,37.6611,45150860,119.9931409,36.29655344,山东省,青岛市,胶州市
2269,蓝村,LAN CUN,中国铁路济南局,山东省 青岛市 即墨区,119.4465,37.7584,45130280,120.1778472,36.39291936,山东省,青岛市,即墨区
2307,利津南,LI JIN NAN,中国铁路济南局,山东省 东营市 利津县,117.4053,38.7794,59710833,118.167061,37.40411776,山东省,东营市,利津县
2309,厉家寨,LI JIA ZHAI,中国铁路济南局,山东省 临沂市 莒南县,118.377,36.6365,90916749,119.1242827,35.2817896,山东省,临沂市,莒南县
2315,兰陵北,LAN LING BEI,中国铁路济南局,山东省 临沂市 兰陵县,117.2406,36.2468,59510655,118.0048151,34.89583072,山东省,临沂市,兰陵县
2333,临清,LIN QING,中国铁路济南局,山东省 聊城市 临清市,114.9322,38.2097,19350057,115.7308102,36.83988688,山东省,聊城市,临清市
2347,梁山,LIANG SHAN,中国铁路济南局,山东省 济宁市 梁山县,115.1345,37.1776,19430358,115.930096,35.81769504,山东省,济宁市,梁山县
2361,莱芜西,LAI WU XI,中国铁路济南局,山东省 济南市 莱芜区,116.8717,37.607,60010528,117.6414117,36.2429728,山东省,济南市,莱芜区
2370,莱西南,LAI XI NAN,中国铁路济南局,山东省 青岛市 莱西市,119.786,38.1768,45260784,120.5122886,36.80730272,山东省,青岛市,莱西市
2372,莱阳,LAI YANG,中国铁路济南局,山东省 烟台市 莱阳市,119.9804,38.2959,45280605,120.703792,36.92525936,山东省,烟台市,莱阳市
2374,临沂东,LIN YI DONG,中国铁路济南局,山东省 临沂市 河东区,117.6791,36.469,45740081,118.4367814,35.1158976,山东省,临沂市,河东区
2375,临邑,LIN YI,中国铁路济南局,山东省 德州市 临邑县,116.0558,38.6854,59610313,116.8376686,37.31102016,山东省,德州市,临邑县
2377,莱阳南,LAI YANG NAN,中国铁路济南局,山东省 烟台市 莱阳市,120.0228,38.088,99417114,120.7455603,36.7193552,山东省,烟台市,莱阳市
2383,临淄北,LIN ZI BEI,中国铁路济南局,山东省 淄博市 临淄区,117.5742,38.2741,90415544,118.3334444,36.90366864,山东省,淄博市,临淄区
2423,牟平,MU PING,中国铁路济南局,山东省 烟台市 牟平区,120.9362,38.7972,45510661,121.6453506,37.42174688,山东省,烟台市,牟平区
2429,蒙山,MENG SHAN,中国铁路济南局,山东省 临沂市 平邑县,116.8971,36.8032,90959276,117.6664332,35.44688928,山东省,临沂市,平邑县
2442,南博山,NAN BO SHAN,中国铁路济南局,山东省 淄博市 博山区,117.1865,37.7184,59950215,117.9515212,36.35330336,山东省,淄博市,博山区
2445,南仇,NAN CHOU,中国铁路济南局,山东省 淄博市 临淄区,117.4848,38.1121,59880092,118.2453765,36.74322384,山东省,淄博市,临淄区
2519,坪上,PING SHANG,中国铁路济南局,山东省 临沂市 莒南县,118.3145,36.5311,45020094,119.062714,35.17740144,山东省,临沂市,莒南县
2531,平邑,PING YI,中国铁路济南局,山东省 临沂市 平邑县,116.8668,36.8727,44930016,117.6365847,35.51572208,山东省,临沂市,平邑县
2533,平原,PING YUAN,中国铁路济南局,山东省 德州市 平原县,115.6444,38.5408,26070172,116.4323984,37.16780832,山东省,德州市,平原县
2548,青岛机场,QING DAO JI CHANG,中国铁路济南局,山东省 青岛市 胶州市,119.355,37.7247,90454132,120.0877105,36.35954288,山东省,青岛市,胶州市
2551,曲阜南,QU FU NAN,中国铁路济南局,山东省 济宁市 曲阜市,116.2371,36.8655,94297306,117.0162672,35.5085912,山东省,济宁市,曲阜市
2556,齐河,QI HE,中国铁路济南局,山东省 德州市 齐河县,116.0771,38.2098,345062151,116.8586512,36.83998592,山东省,德州市,齐河县
2606,青州市北,QING ZHOU SHI BEI,中国铁路济南局,山东省 潍坊市 青州市,117.8152,38.1994,90425191,118.5708535,36.82968576,山东省,潍坊市,青州市
2611,青州市,QING ZHOU SHI,中国铁路济南局,山东省 潍坊市 青州市,117.7396,38.139,27370729,118.49638,36.7698656,山东省,潍坊市,青州市
2622,乳山,RU SHAN,中国铁路济南局,山东省 威海市 乳山市,120.7899,38.3658,45410048,121.5012305,36.99448832,山东省,威海市,乳山市
2654,上高镇,SHANG GAO ZHEN,中国铁路济南局,山东省 泰安市 泰山区,116.391,37.5375,60060183,117.1678741,36.17414,山东省,泰安市,泰山区
2672,司家岭,SI JIA LING,中国铁路济南局,山东省 济南市 莱芜区,116.6876,37.5944,60030191,117.4600548,36.23049376,山东省,济南市,莱芜区
2711,泗水,SI SHUI,中国铁路济南局,山东省 济宁市 泗水县,116.4784,36.9926,44900729,117.2539718,35.63447104,山东省,济宁市,泗水县
2715,泗水南,SI SHUI NAN,中国铁路济南局,山东省 济宁市 泗水县,116.4993,36.8902,90969908,117.2745604,35.53305408,山东省,济宁市,泗水县
2779,桃村北,TAO CUN BEI,中国铁路济南局,山东省 烟台市 栖霞市,120.4232,38.5824,45480406,121.1399943,37.20900896,山东省,烟台市,栖霞市
2783,郯城,TAN CHENG,中国铁路济南局,山东省 临沂市 郯城县,117.6117,35.9501,45790600,118.3703857,34.60197904,山东省,临沂市,郯城县
2788,桃村,TAO CUN,中国铁路济南局,山东省 烟台市 栖霞市,120.4185,38.5596,45300126,121.1353644,37.18642784,山东省,烟台市,栖霞市
2842,滕州,TENG ZHOU,中国铁路济南局,山东省 枣庄市 滕州市,116.3686,36.432,26390694,117.1458079,35.0792528,山东省,枣庄市,滕州市
2856,文登东,WEN DENG DONG,中国铁路济南局,山东省 威海市 文登区,121.5527,38.6121,45530137,122.2526648,37.23842384,山东省,威海市,文登区
2857,文登,WEN DENG,中国铁路济南局,山东省 威海市 文登区,121.2806,38.5499,45380437,121.9846191,37.17682096,山东省,威海市,文登区
2861,文登南,WEN DENG NAN,中国铁路济南局,山东省 威海市 文登区,121.3869,38.451,99483810,122.0893352,37.0788704,山东省,威海市,文登区
2866,潍坊北,WEI FANG BEI,中国铁路济南局,山东省 潍坊市 寒亭区,118.4413,38.1631,90434838,119.1876246,36.79373424,山东省,潍坊市,寒亭区
2872,威海北,WEI HAI BEI,中国铁路济南局,山东省 威海市 环翠区,121.3386,38.8689,45520267,122.0417549,37.49275856,山东省,威海市,环翠区
2874,威海南海,WEI HAI NAN HAI,中国铁路济南局,山东省 威海市 文登区,121.2036,38.3854,99467136,121.9087664,37.01390016,山东省,威海市,文登区
2888,五莲,WU LIAN,中国铁路济南局,山东省 日照市 五莲县,118.4538,37.1637,45630044,119.1999384,35.80392848,山东省,日照市,五莲县
2961,夏格庄,XIA GE ZHUANG,中国铁路济南局,山东省 青岛市 莱西市,119.7128,38.0173,45450932,120.4401793,36.64933392,山东省,青岛市,莱西市
2977,徐家店,XU JIA DIAN,中国铁路济南局,山东省 烟台市 海阳市,120.2728,38.4502,45290462,120.9918353,37.07807808,山东省,烟台市,海阳市
3063,禹城东,YU CHENG DONG,中国铁路济南局,山东省 德州市 禹城市,115.8993,38.4334,925451121,116.6835004,37.06143936,山东省,德州市,禹城市
3070,郓城,YUN CHENG,中国铁路济南局,山东省 菏泽市 郓城县,115.0981,36.9584,19440346,115.8942383,35.60059936,山东省,菏泽市,郓城县
3071,晏城,YAN CHENG,中国铁路济南局,山东省 德州市 齐河县,115.9682,38.1714,26110439,116.7513738,36.80195456,山东省,德州市,齐河县
3072,禹城,YU CHENG,中国铁路济南局,山东省 德州市 禹城市,115.8414,38.2933,26090836,116.6264631,36.92268432,山东省,德州市,禹城市
3094,阳谷,YANG GU,中国铁路济南局,山东省 聊城市 阳谷县,115.0054,37.4626,19410179,115.8029195,36.09995904,山东省,聊城市,阳谷县
3106,燕家庄,YAN JIA ZHUANG,中国铁路济南局,山东省 泰安市 泰山区,116.4944,37.5559,60050100,117.2697334,36.19236336,山东省,泰安市,泰山区
3122,沂南,YI NAN,中国铁路济南局,山东省 临沂市 沂南县,117.8584,36.843,45700950,118.6134098,35.4863072,山东省,临沂市,沂南县
3129,源迁,YUAN QIAN,中国铁路济南局,山东省 淄博市 博山区,117.2553,37.782,59940177,118.019296,36.4162928,山东省,淄博市,博山区
3141,沂水,YI SHUI,中国铁路济南局,山东省 临沂市 沂水县,117.9675,37.0001,45680406,118.7208843,35.64189904,山东省,临沂市,沂水县
3157,烟台西,YAN TAI XI,中国铁路济南局,山东省 烟台市 福山区,120.4721,38.9015,90150816,121.1881657,37.5250456,山东省,烟台市,福山区
3163,阳信,YANG XIN,中国铁路济南局,山东省 滨州市 阳信县,116.8406,38.944,59670119,117.6107751,37.5671376,山东省,滨州市,阳信县
3195,邹城,ZOU CHENG,中国铁路济南局,山东省 济宁市 邹城市,116.171,36.7554,26360332,116.9511521,35.39954816,山东省,济宁市,邹城市
3196,诸城,ZHU CHENG,中国铁路济南局,山东省 潍坊市 诸城市,118.6386,37.4238,45600436,119.3819849,36.06153152,山东省,潍坊市,诸城市
3225,邹平,ZOU PING,中国铁路济南局,山东省 滨州市 邹平市,116.9664,38.1629,90396250,117.7347006,36.79353616,山东省,滨州市,邹平市
3250,枣庄东,ZAO ZHUANG DONG,中国铁路济南局,山东省 枣庄市 市中区,116.7706,36.2172,59480629,117.5418181,34.86651488,山东省,枣庄市,市中区
3264,茌平,CHI PING,中国铁路济南局,山东省 聊城市 茌平区,115.4159,37.972,54860405,116.2073031,36.6044688,山东省,聊城市,茌平区
118,太原北,TAI YUAN BEI,中国铁路太原局,山西省 太原市 杏花岭区,111.7125,39.3075,15940347,112.5590838,37.927148,山西省,太原市,杏花岭区
119,太原东,TAI YUAN DONG,中国铁路太原局,山西省 太原市 杏花岭区,111.7328,39.263,15930746,112.5790813,37.8830752,山西省,太原市,杏花岭区
120,太原南,TAI YUAN NAN,中国铁路太原局,山西省 太原市 小店区,111.7575,39.1687,15960629,112.6034133,37.78968048,山西省,太原市,小店区
121,太原,TAI YUAN,中国铁路太原局,山西省 太原市 迎泽区,111.7341,39.2382,15950424,112.5803619,37.85851328,山西省,太原市,迎泽区
267,蔡家崖,CAI JIA YA,中国铁路太原局,山西省 吕梁市 兴县,110.1436,39.8778,65870023,111.0135604,38.49197312,山西省,吕梁市,兴县
309,长治北,CHANG ZHI BEI,中国铁路郑州局,山西省 长治市 潞州区,112.2793,37.6714,44490301,113.1174384,36.30675456,山西省,长治市,潞州区
310,长治东,CHANG ZHI DONG,中国铁路郑州局,山西省 长治市 潞州区,112.3206,37.591,91953073,113.1581231,36.2271264,山西省,长治市,潞州区
317,长治,CHANG ZHI,中国铁路郑州局,山西省 长治市 潞州区,112.2229,37.5503,44510079,113.0618788,36.18681712,山西省,长治市,潞州区
351,大涧,DA JIAN,中国铁路北京局,山西省 大同市 灵丘县,113.4748,40.872,53280673,114.2951255,39.4766288,山西省,大同市,灵丘县
376,大同南,DA TONG NAN,中国铁路太原局,山西省 大同市,112.5211,41.4427,91390753,113.3556356,40.04185008,山西省,大同市,
377,大同,DA TONG,中国铁路太原局,山西省 大同市 平城区,112.4593,41.5192,6920087,113.2947564,40.11761568,山西省,大同市,平城区
423,汾河,FEN HE,中国铁路太原局,山西省 太原市 尖草坪区,111.6864,39.3266,60900560,112.5333726,37.94606464,山西省,太原市,尖草坪区
428,风陵渡,FENG LING DU,中国铁路太原局,山西省 运城市 芮城县,109.4247,35.9804,16770828,110.305372,34.63198816,山西省,运城市,芮城县
468,高村,GAO CUN,中国铁路太原局,山西省 太原市 阳曲县,111.8403,39.5494,16270733,112.6849795,38.16672576,山西省,太原市,阳曲县
469,古东,GU DONG,中国铁路太原局,山西省 太原市 古交市,111.3716,39.2994,60940533,112.2232632,37.91912576,山西省,太原市,古交市
475,古交,GU JIAO,中国铁路太原局,山西省 太原市 古交市,111.3039,39.2955,60950735,112.1565719,37.9152632,山西省,太原市,古交市
516,河边,HE BIAN,中国铁路太原局,山西省 忻州市 定襄县,112.2536,39.9853,61160891,113.0921214,38.59844112,山西省,忻州市,定襄县
533,洪洞西,HONG TONG XI,中国铁路太原局,山西省 临汾市 洪洞县,110.7123,37.617,51980697,111.5737867,36.2528768,山西省,临汾市,洪洞县
549,河津,HE JIN,中国铁路太原局,山西省 运城市 河津市,109.8453,36.9435,52110415,110.719705,35.5858424,山西省,运城市,河津市
567,侯马,HOU MA,中国铁路太原局,山西省 临汾市 侯马市,110.4855,36.9694,16580192,111.3503661,35.61149376,山西省,临汾市,侯马市
572,侯马西,HOU MA XI,中国铁路太原局,山西省 临汾市 侯马市,110.415,36.9579,52010187,111.2809165,35.60010416,山西省,临汾市,侯马市
580,怀仁东,HUAI REN DONG,中国铁路太原局,山西省 朔州市 怀仁市,112.3171,41.1891,51770456,113.1546752,39.79068464,山西省,朔州市,怀仁市
629,晋城东,JIN CHENG DONG,中国铁路郑州局,山西省 晋城市 泽州县,112.1376,36.8895,91928041,112.9778498,35.5323608,山西省,晋城市,泽州县
631,晋城,JIN CHENG,中国铁路郑州局,山西省 晋城市 城区,112.025,36.8312,44620081,112.8669275,35.47462048,山西省,晋城市,城区
637,嘉峰,JIA FENG,中国铁路郑州局,山西省 晋城市 沁水县,111.6684,36.9431,61360187,112.5156408,35.58544624,山西省,晋城市,沁水县
679,介休东,JIE XIU DONG,中国铁路太原局,山西省 晋中市 介休市,111.1251,38.4226,51950438,111.980436,37.05074304,山西省,晋中市,介休市
680,介休,JIE XIU,中国铁路太原局,山西省 晋中市 介休市,111.0558,38.3876,16410399,111.9121686,37.01607904,山西省,晋中市,介休市
719,岢岚,KE LAN,中国铁路太原局,山西省 忻州市 岢岚县,110.71,40.1027,51900299,111.571521,38.71471408,山西省,忻州市,岢岚县
751,潞城,LU CHENG,中国铁路北京局,山西省 长治市 潞城区,112.3775,37.6836,54740376,113.2141753,36.31883744,山西省,长治市,潞城区
764,娄烦,LOU FAN,中国铁路太原局,山西省 太原市 娄烦县,110.9774,39.4535,60970756,111.8349367,38.0717464,山西省,太原市,娄烦县
766,临汾,LIN FEN,中国铁路太原局,山西省 临汾市 尧都区,110.668,37.4483,16540086,111.5301468,36.08579632,山西省,临汾市,尧都区
767,临汾西,LIN FEN XI,中国铁路太原局,山西省 临汾市 尧都区,110.5943,37.4627,51990371,111.4575449,36.10005808,山西省,临汾市,尧都区
793,吕梁,LV LIANG,中国铁路太原局,山西省 吕梁市 离石区,110.2611,38.9424,29770172,111.1293096,37.56555296,山西省,吕梁市,离石区
797,柳林南,LIU LIN NAN,中国铁路太原局,山西省 吕梁市 柳林县,110.0547,38.8169,29780257,110.925985,37.44125776,山西省,吕梁市,柳林县
806,灵丘,LING QIU,中国铁路太原局,山西省 大同市 灵丘县,113.3919,40.8545,53290640,114.2134607,39.4592968,山西省,大同市,灵丘县
809,灵石东,LING SHI DONG,中国铁路太原局,山西省 晋中市 灵石县,111.0521,38.2479,51960867,111.9085237,36.87772016,山西省,晋中市,灵石县
946,宁武,NING WU,中国铁路太原局,山西省 忻州市 宁武县,111.4616,40.3953,16100473,112.3119222,39.00450512,山西省,忻州市,宁武县
990,平遥古城,PING YAO GU CHENG,中国铁路太原局,山西省 晋中市 平遥县,111.2891,38.5253,51940586,112.1419924,37.15245712,山西省,晋中市,平遥县
1035,沁县,QIN XIAN,中国铁路太原局,山西省 长治市 沁县,111.8535,38.1262,44400098,112.6979829,36.75718848,山西省,长治市,沁县
1036,清徐,QING XU,中国铁路太原局,山西省 太原市 清徐县,111.4553,38.9319,29710177,112.305716,37.55515376,山西省,太原市,清徐县
1169,朔州,SHUO ZHOU,中国铁路太原局,山西省 朔州市 朔城区,111.592,40.7067,16070159,112.4403792,39.31291568,山西省,朔州市,朔城区
1190,太谷,TAI GU,中国铁路太原局,山西省 晋中市 太谷区,111.716,38.7949,16340298,112.5625316,37.41946896,山西省,晋中市,太谷区
1293,闻喜西,WEN XI XI,中国铁路太原局,山西省 运城市 闻喜县,110.3045,36.6907,52020272,111.172063,35.33546928,山西省,运城市,闻喜县
1324,轩岗,XUAN GANG,中国铁路太原局,山西省 忻州市 原平市,111.5747,40.2809,16130470,112.423337,38.89120336,山西省,忻州市,原平市
1382,孝西,XIAO XI,中国铁路太原局,山西省 吕梁市 孝义市,110.9079,38.509,61110164,111.7664723,37.1363136,山西省,吕梁市,孝义市
1405,忻州,XIN ZHOU,中国铁路太原局,山西省 忻州市 忻府区,111.895,39.8028,16230100,112.7388645,38.41769312,山西省,忻州市,忻府区
1410,忻州西,XIN ZHOU XI,中国铁路太原局,山西省 忻州市 忻府区,111.8397,39.8263,90222917,112.6843885,38.44096752,山西省,忻州市,忻府区
1421,运城北,YUN CHENG BEI,中国铁路太原局,山西省 运城市 盐湖区,110.1066,36.4518,52030555,110.9771117,35.09886272,山西省,运城市,盐湖区
1429,运城,YUN CHENG,中国铁路太原局,山西省 运城市 盐湖区,110.1137,36.3783,16670110,110.9841059,35.02606832,山西省,运城市,盐湖区
1433,榆次,YU CI,中国铁路太原局,山西省 晋中市 榆次区,111.8791,39.0721,16320873,112.7232014,37.69400784,山西省,晋中市,榆次区
1442,永济北,YONG JI BEI,中国铁路太原局,山西省 运城市 永济市,109.54,36.3796,52040011,110.418954,35.02735584,山西省,运城市,永济市
1445,永济,YONG JI,中国铁路太原局,山西省 运城市 永济市,109.5696,36.2206,16730026,110.448113,34.86988224,山西省,运城市,永济市
1480,原平,YUAN PING,中国铁路太原局,山西省 忻州市 原平市,111.8749,40.1055,16180361,112.719064,38.7174872,山西省,忻州市,原平市
1482,原平西,YUAN PING XI,中国铁路太原局,山西省 忻州市 原平市,111.8215,40.125,90218525,112.6664597,38.7368,山西省,忻州市,原平市
1483,阳泉北,YANG QUAN BEI,中国铁路北京局,山西省 阳泉市 盂县,112.5956,39.4952,15910840,113.4290256,38.11304608,山西省,阳泉市,盂县
1484,阳泉东,YANG QUAN DONG,中国铁路北京局,山西省 阳泉市 郊区,112.762,39.2624,91243841,113.5929462,37.88248096,山西省,阳泉市,郊区
1490,阳泉曲,YANG QUAN QU,中国铁路太原局,山西省 吕梁市 孝义市,110.683,38.4442,61140215,111.5449233,37.07213568,山西省,吕梁市,孝义市
1492,阳泉,YANG QUAN,中国铁路北京局,山西省 阳泉市 城区,112.7533,39.2347,44140582,113.5843758,37.85504688,山西省,阳泉市,城区
1493,阳曲,YANG QU,中国铁路太原局,山西省 太原市 阳曲县,111.8298,39.4374,16280659,112.674636,38.05580096,山西省,太原市,阳曲县
1495,阳曲西,YANG QU XI,中国铁路太原局,山西省 太原市 阳曲县,111.7942,39.4524,90222604,112.6395664,38.07065696,山西省,太原市,阳曲县
1496,榆社,YU SHE,中国铁路太原局,山西省 晋中市 榆社县,112.1208,38.4216,44350723,112.9613001,37.04975264,山西省,晋中市,榆社县
1535,镇城底,ZHEN CHENG DI,中国铁路太原局,山西省 太原市 古交市,111.2015,39.3283,60960026,112.0556977,37.94774832,山西省,太原市,古交市
1629,安塘,AN TANG,中国铁路太原局,山西省 忻州市 岢岚县,110.8396,40.2035,51880149,111.69919,38.8145464,山西省,忻州市,岢岚县
1636,白壁关,BAI BI GUAN,中国铁路太原局,山西省 吕梁市 孝义市,110.8544,38.514,61120188,111.7137694,37.1412656,山西省,吕梁市,孝义市
1686,白文东,BAI WEN DONG,中国铁路太原局,山西省 吕梁市 临县,110.2207,39.5331,61020013,111.0895116,38.15058224,山西省,吕梁市,临县
1763,长治南,CHANG ZHI NAN,中国铁路郑州局,山西省 长治市 上党区,112.2608,37.4532,91944729,113.0992141,36.09064928,山西省,长治市,上党区
1815,豆罗,DOU LUO,中国铁路太原局,山西省 忻州市 忻府区,111.8486,39.6881,16250629,112.6931559,38.30409424,山西省,忻州市,忻府区
1849,定襄,DING XIANG,中国铁路太原局,山西省 忻州市 定襄县,112.1119,39.8623,61150097,112.9525327,38.47662192,山西省,忻州市,定襄县
1850,代县,DAI XIAN,中国铁路太原局,山西省 忻州市 代县,112.1364,40.4663,53420265,112.9766676,39.07482352,山西省,忻州市,代县
1859,东淤地,DONG YU DI,中国铁路太原局,山西省 忻州市 繁峙县,113.0734,40.6544,53330774,113.8997063,39.26111776,山西省,忻州市,繁峙县
1860,大营,DA YING,中国铁路太原局,山西省 忻州市 繁峙县,112.8949,40.6772,53350169,113.723866,39.28369888,山西省,忻州市,繁峙县
1862,岱岳,DAI YUE,中国铁路太原局,山西省 朔州市 山阴县,111.9745,40.9108,16020179,112.81718,39.51505632,山西省,朔州市,山阴县
1867,兑镇,DUI ZHEN,中国铁路太原局,山西省 吕梁市 孝义市,110.7425,38.4607,61130797,111.6035368,37.08847728,山西省,吕梁市,孝义市
1869,东镇,DONG ZHEN,中国铁路太原局,山西省 运城市 闻喜县,110.4384,36.7807,16610797,111.3039678,35.42460528,山西省,运城市,闻喜县
1870,东庄,DONG ZHUANG,中国铁路太原局,山西省 忻州市 繁峙县,112.9953,40.6566,53340823,113.82277,39.26329664,山西省,忻州市,繁峙县
1917,繁峙,FAN SHI,中国铁路太原局,山西省 忻州市 繁峙县,112.4295,40.555,53390445,113.2654005,39.162672,山西省,忻州市,繁峙县
1930,汾阳,FEN YANG,中国铁路太原局,山西省 吕梁市 汾阳市,111.0532,38.7458,29740544,111.9096073,37.37084032,山西省,吕梁市,汾阳市
1977,高平东,GAO PING DONG,中国铁路郑州局,山西省 晋城市 高平市,112.1172,37.0917,91936385,112.9577537,35.73261968,山西省,晋城市,高平市
1980,高平,GAO PING,中国铁路郑州局,山西省 晋城市 高平市,112.0703,37.157,44570218,112.9115525,35.7972928,山西省,晋城市,高平市
2044,洪洞,HONG TONG,中国铁路太原局,山西省 临汾市 洪洞县,110.8039,37.6252,16510645,111.6640219,36.26099808,山西省,临汾市,洪洞县
2102,怀仁,HUAI REN,中国铁路太原局,山西省 朔州市 怀仁市,112.2463,41.224,15980111,113.0849301,39.8252496,山西省,朔州市,怀仁市
2144,霍州东,HUO ZHOU DONG,中国铁路太原局,山西省 临汾市 霍州市,110.9726,37.93,51970143,111.8302083,36.562872,山西省,临汾市,霍州市
2148,霍州,HUO ZHOU,中国铁路太原局,山西省 临汾市 霍州市,110.8527,37.9517,16470244,111.7120948,36.58436368,山西省,临汾市,霍州市
2152,晋城北,JIN CHENG BEI,中国铁路郑州局,山西省 晋城市 泽州县,112.0565,36.8667,44610242,112.8979582,35.50977968,山西省,晋城市,泽州县
2153,交城,JIAO CHENG,中国铁路太原局,山西省 吕梁市 交城县,111.3358,38.8951,29720148,112.1879966,37.51870704,山西省,吕梁市,交城县
2198,稷山,JI SHAN,中国铁路太原局,山西省 运城市 稷山县,110.1185,36.9693,52090663,110.9888344,35.61139472,山西省,运城市,稷山县
2237,晋中,JIN ZHONG,中国铁路太原局,山西省 晋中市 榆次区,111.7892,39.0626,51910441,112.6346409,37.68459904,山西省,晋中市,榆次区
2267,黎城,LI CHENG,中国铁路北京局,山西省 长治市 黎城县,112.5493,37.8798,54680300,113.3834154,36.51315392,山西省,长治市,黎城县
2342,灵石,LING SHI,中国铁路太原局,山西省 晋中市 灵石县,110.9043,38.2296,16440079,111.7629259,36.85959584,山西省,晋中市,灵石县
2362,岚县,LAN XIAN,中国铁路太原局,山西省 吕梁市 岚县,110.7767,39.6327,61000073,111.6372272,38.24922608,山西省,吕梁市,岚县
2482,娘子关,NIANG ZI GUAN,中国铁路北京局,山西省 阳泉市 平定县,113.044,39.3395,44080320,113.8707444,37.9588408,山西省,阳泉市,平定县
2517,平社,PING SHE,中国铁路太原局,山西省 忻州市 忻府区,111.742,39.6593,16260213,112.5881442,38.27557072,山西省,忻州市,忻府区
2523,平旺,PING WANG,中国铁路太原局,山西省 大同市 云冈区,112.3731,41.4669,51760671,113.2098408,40.06581776,山西省,大同市,云冈区
2524,平型关,PING XING GUAN,中国铁路太原局,山西省 大同市 灵丘县,113.145,40.7174,53320330,113.9702395,39.32351296,山西省,大同市,灵丘县
2526,平遥,PING YAO,中国铁路太原局,山西省 晋中市 平遥县,111.3072,38.578,16380621,112.1598227,37.2046512,山西省,晋中市,平遥县
2565,秦家庄,QIN JIA ZHUANG,中国铁路太原局,山西省 忻州市 岢岚县,110.7852,40.1927,51890753,111.6456005,38.80385008,山西省,忻州市,岢岚县
2590,祁县东,QI XIAN DONG,中国铁路太原局,山西省 晋中市 祁县,111.4997,38.6952,51930330,112.3494545,37.32072608,山西省,晋中市,祁县
2592,祁县,QI XIAN,中国铁路太原局,山西省 晋中市 祁县,111.4731,38.7184,16360055,112.3232508,37.34370336,山西省,晋中市,祁县
2637,神池,SHEN CHI,中国铁路太原局,山西省 忻州市 神池县,111.3387,40.472,51830406,112.1908534,39.0804688,山西省,忻州市,神池县
2721,神头,SHEN TOU,中国铁路太原局,山西省 朔州市 朔城区,111.6958,40.7512,16050202,112.5426326,39.35698848,山西省,朔州市,朔城区
2739,寿阳,SHOU YANG,中国铁路太原局,山西省 晋中市 寿阳县,112.3444,39.2594,44190164,113.1815684,37.87950976,山西省,晋中市,寿阳县
2743,水洋,SHUI YANG,中国铁路北京局,山西省 长治市 黎城县,112.4976,37.8296,54690701,113.3324858,36.46343584,山西省,长治市,黎城县
2753,山阴,SHAN YIN,中国铁路太原局,山西省 朔州市 山阴县,112.0921,40.859,51790034,112.9330277,39.4637536,山西省,朔州市,山阴县
2792,太谷东,TAI GU DONG,中国铁路太原局,山西省 晋中市 太谷区,111.7739,38.8267,91986449,112.6195689,37.45096368,山西省,晋中市,太谷区
2795,太谷西,TAI GU XI,中国铁路太原局,山西省 晋中市 太谷区,111.6537,38.8217,51920274,112.5011599,37.44601168,山西省,晋中市,太谷区
2843,天镇,TIAN ZHEN,中国铁路太原局,山西省 大同市 天镇县,113.2328,41.854,6870645,114.0567313,40.4492016,山西省,大同市,天镇县
2902,文水,JIAO SHUI,中国铁路太原局,山西省 吕梁市 文水县,111.2161,38.812,29730234,112.0700801,37.4364048,山西省,吕梁市,文水县
2909,五台山,WU TAI SHAN,中国铁路太原局,山西省 忻州市 繁峙县,112.7258,40.6564,53360051,113.5572856,39.26309856,山西省,忻州市,繁峙县
2914,武乡东,WU XIANG DONG,中国铁路太原局,山西省 长治市 武乡县,112.0043,38.2241,44380598,112.8465359,36.85414864,山西省,长治市,武乡县
2916,武乡,WU XIANG,中国铁路太原局,山西省 长治市 武乡县,111.9469,38.2177,91969761,112.7899912,36.84781008,山西省,长治市,武乡县
2917,闻喜,WEN XI,中国铁路太原局,山西省 运城市 闻喜县,110.3425,36.7105,16620684,111.2094968,35.3550792,山西省,运城市,闻喜县
2928,五寨,WU ZHAI,中国铁路太原局,山西省 忻州市 五寨县,110.9681,40.3052,51870050,111.8257753,38.91527008,山西省,忻州市,五寨县
2932,微子镇,WEI ZI ZHEN,中国铁路北京局,山西省 长治市 潞城区,112.4495,37.6879,54730227,113.2851025,36.32309616,山西省,长治市,潞城区
2953,襄汾,XIANG FEN,中国铁路太原局,山西省 临汾市 襄汾县,110.5705,37.2391,16560888,111.4340996,35.87860464,山西省,临汾市,襄汾县
2955,襄汾西,XIANG FEN XI,中国铁路太原局,山西省 临汾市 襄汾县,110.464,37.1968,52000828,111.3291864,35.83671072,山西省,临汾市,襄汾县
2979,新绛,XIN JIANG,中国铁路太原局,山西省 运城市 新绛县,110.3364,36.9666,52080011,111.2034876,35.60872064,山西省,运城市,新绛县
2994,孝南,XIAO NAN,中国铁路太原局,山西省 吕梁市 孝义市,110.9595,38.4731,61100069,111.8173035,37.10075824,山西省,吕梁市,孝义市
3011,下社,XIA SHE,中国铁路太原局,山西省 忻州市 代县,112.3317,40.5393,53400747,113.1690577,39.14712272,山西省,忻州市,代县
3039,襄垣东,XIANG YUAN DONG,中国铁路郑州局,山西省 长治市 襄垣县,112.237,37.8997,91961417,113.0757687,36.53286288,山西省,长治市,襄垣县
3047,襄垣,XIANG YUAN,中国铁路郑州局,山西省 长治市 襄垣县,112.1875,37.8707,44450099,113.0270063,36.50414128,山西省,长治市,襄垣县
3074,阳城,YANG CHENG,中国铁路郑州局,山西省 晋城市 阳城县,111.6374,36.8482,61370148,112.4851027,35.49145728,山西省,晋城市,阳城县
3077,云彩岭,YUN CAI LING,中国铁路北京局,山西省 大同市 灵丘县,113.536,40.8413,53270765,114.3554136,39.44622352,山西省,大同市,灵丘县
3090,阳高,YANG GAO,中国铁路太原局,山西省 大同市 阳高县,112.9044,41.7689,6890368,113.7332244,40.36491856,山西省,大同市,阳高县
3093,阳高南,YANG GAO NAN,中国铁路太原局,山西省 大同市 阳高县,112.9655,41.7157,91401587,113.7934141,40.31222928,山西省,大同市,阳高县
3098,岩会,YAN HUI,中国铁路北京局,山西省 阳泉市 平定县,112.9053,39.257,44110258,113.734111,37.8771328,山西省,阳泉市,平定县
3118,阳明堡,YANG MING BU,中国铁路太原局,山西省 忻州市 代县,112.0295,40.3937,53430427,112.8713605,39.00292048,山西省,忻州市,代县
3148,榆社西,YU SHE XI,中国铁路太原局,山西省 晋中市 榆社县,111.9445,38.4855,91978105,112.787627,37.1130392,山西省,晋中市,榆社县
3164,应县,YING XIAN,中国铁路太原局,山西省 朔州市 应县,112.2149,41.0192,51780461,113.053998,39.62241568,山西省,朔州市,应县
3189,招柏,ZHAO BAI,中国铁路北京局,山西省 大同市 灵丘县,113.5822,40.7963,53260156,114.4009252,39.40165552,山西省,大同市,灵丘县
3192,赵城,ZHAO CHENG,中国铁路太原局,山西省 临汾市 洪洞县,110.8323,37.7453,16500608,111.6919987,36.37994512,山西省,临汾市,洪洞县
3214,张兰,ZHANG LAN,中国铁路太原局,山西省 晋中市 介休市,111.2101,38.5049,16390569,112.0641695,37.13225296,山西省,晋中市,介休市
3216,枣林,ZAO LIN,中国铁路太原局,山西省 忻州市 代县,112.2467,40.5215,53410618,113.0853242,39.1294936,山西省,忻州市,代县
3310,西阳村,XI YANG CUN,中国铁路郑州局,山西省 晋城市 高平市,112.0253,37.2333,44560118,112.867223,35.87286032,山西省,晋城市,高平市
129,西安北,XI AN BEI,中国铁路西安局,陕西省 西安市 未央区,108.0332,35.7229,8540684,108.9346053,34.37696016,陕西省,西安市,未央区
130,西安,XI AN,中国铁路西安局,陕西省 西安市 新城区,108.0577,35.6239,10070632,108.9587403,34.27891056,陕西省,西安市,新城区
144,引镇,YIN ZHEN,中国铁路西安局,陕西省 西安市 长安区,108.1979,35.4366,29200151,109.0968513,34.09340864,陕西省,西安市,长安区
162,安康,AN KANG,中国铁路西安局,陕西省 安康市 汉滨区,108.1124,34.0444,28810719,109.0126252,32.71457376,陕西省,安康市,汉滨区
205,宝鸡,BAO JI,中国铁路西安局,陕西省 宝鸡市 金台区,106.2206,35.7198,10270023,107.1490131,34.37388992,陕西省,宝鸡市,金台区
207,宝鸡南,BAO JI NAN,中国铁路西安局,陕西省 宝鸡市 渭滨区,106.3015,35.6797,8580327,107.2287077,34.33417488,陕西省,宝鸡市,渭滨区
240,彬州东,BIN ZHOU DONG,中国铁路西安局,陕西省 咸阳市 彬州市,107.2074,36.3873,92028169,108.1211097,35.03498192,陕西省,咸阳市,彬州市
260,城固,CHENG GU,中国铁路西安局,陕西省 汉中市 城固县,106.3936,34.4734,52580587,107.3194354,33.13945536,陕西省,汉中市,城固县
294,长武,CHANG WU,中国铁路西安局,陕西省 咸阳市 长武县,106.9,36.6258,47330797,107.81829,35.27119232,陕西省,咸阳市,长武县
326,定边,DING BIAN,中国铁路兰州局,陕西省 榆林市 定边县,106.651,38.936,29880512,107.5730001,37.5592144,陕西省,榆林市,定边县
330,丹凤,DAN FENG,中国铁路西安局,陕西省 商洛市 丹凤县,109.4686,35.0193,47040511,110.3486179,33.68011472,陕西省,商洛市,丹凤县
358,大荔,DA LI,中国铁路西安局,陕西省 渭南市 大荔县,109.0343,36.1855,52050546,109.9207889,34.8351192,陕西省,渭南市,大荔县
444,凤县,FENG XIAN,中国铁路西安局,陕西省 宝鸡市 凤县,105.5661,35.2473,17840338,106.5042651,33.90592592,陕西省,宝鸡市,凤县
458,凤州,FENG ZHOU,中国铁路西安局,陕西省 宝鸡市 凤县,105.7163,35.3122,17820611,106.6522271,33.97020288,陕西省,宝鸡市,凤县
518,韩城,HAN CHENG,中国铁路西安局,陕西省 渭南市 韩城市,109.5571,36.8397,52160394,110.4357992,35.48303888,陕西省,渭南市,韩城市
565,黄陵南,HUANG LING NAN,中国铁路西安局,陕西省 延安市 黄陵县,108.4869,36.9393,29590063,109.3815452,35.58168272,陕西省,延安市,黄陵县
583,华山北,HUA SHAN BEI,中国铁路西安局,陕西省 渭南市 华阴市,109.2088,35.9306,8510088,110.0926889,34.58266624,陕西省,渭南市,华阴市
587,华山,HUA SHAN,中国铁路西安局,陕西省 渭南市 华阴市,109.1764,35.8687,9930222,110.0607716,34.52136048,陕西省,渭南市,华阴市
612,鄠邑,HU YI,中国铁路西安局,陕西省 西安市 鄠邑区,107.7713,35.4235,149149465,108.6766076,34.0804344,陕西省,西安市,鄠邑区
620,华州,HUA ZHOU,中国铁路西安局,陕西省 渭南市 华州区,108.8667,35.8417,9980584,109.7556862,34.49461968,陕西省,渭南市,华州区
622,汉中,HAN ZHONG,中国铁路西安局,陕西省 汉中市 汉台区,106.0964,34.4259,52550124,107.0266636,33.09241136,陕西省,汉中市,汉台区
819,临潼,LIN TONG,中国铁路西安局,陕西省 西安市 临潼区,108.3101,35.7348,10030253,109.2073795,34.38874592,陕西省,西安市,临潼区
827,陇县,LONG XIAN,中国铁路西安局,陕西省 宝鸡市 陇县,105.9146,36.2216,48320218,106.8475725,34.87087264,陕西省,宝鸡市,陇县
832,略阳,LUE YANG,中国铁路西安局,陕西省 汉中市 略阳县,105.1998,34.6679,17960821,106.143423,33.33208816,陕西省,汉中市,略阳县
897,勉县,MIAN XIAN,中国铁路西安局,陕西省 汉中市 勉县,105.7546,34.5072,52510419,106.6899565,33.17293088,陕西省,汉中市,勉县
900,孟塬,MENG YUAN,中国铁路西安局,陕西省 渭南市 华阴市,109.2516,35.903,9920207,110.1348512,34.5553312,陕西省,渭南市,华阴市
942,宁强南,NING QIANG NAN,中国铁路西安局,陕西省 汉中市 宁强县,105.3454,34.1538,140177605,106.2868535,32.82292352,陕西省,汉中市,宁强县
957,蒲城东,PU CHENG DONG,中国铁路西安局,陕西省 渭南市 蒲城县,108.7129,36.3408,29630186,109.6041778,34.98892832,陕西省,渭南市,蒲城县
1101,商洛,SHANG LUO,中国铁路西安局,陕西省 商洛市 商州区,109.1316,35.1628,47080883,110.0166392,33.82223712,陕西省,商洛市,商州区
1110,神木南,SHEN MU NAN,中国铁路西安局,陕西省 榆林市 神木市,109.6028,40.2481,58710586,110.4808183,38.85871824,陕西省,榆林市,神木市
1112,神木,SHEN MU,中国铁路西安局,陕西省 榆林市 神木市,109.5697,40.3252,58700256,110.4482115,38.93507808,陕西省,榆林市,神木市
1116,商南,SHANG NAN,中国铁路西安局,陕西省 商洛市 商南县,110.0241,34.8657,46990019,110.8958409,33.52798928,陕西省,商洛市,商南县
1128,石泉县,SHI QUAN XIAN,中国铁路西安局,陕西省 安康市 石泉县,107.3386,34.3619,52700864,108.2503549,33.02902576,陕西省,安康市,石泉县
1183,铜川东,TONG CHUAN DONG,中国铁路西安局,陕西省 铜川市 印台区,108.1915,36.4301,79602260,109.0905467,35.07737104,陕西省,铜川市,印台区
1189,潼关,TONG GUAN,中国铁路西安局,陕西省 渭南市 潼关县,109.3608,35.8831,9910439,110.2424241,34.53562224,陕西省,渭南市,潼关县
1255,武功,WU GONG,中国铁路西安局,陕西省 咸阳市 武功县,107.2885,35.6032,10170138,108.2010014,34.25840928,陕西省,咸阳市,武功县
1272,渭南,WEI NAN,中国铁路西安局,陕西省 渭南市 临渭区,108.5955,35.8315,10000264,109.4885271,34.4845176,陕西省,渭南市,临渭区
1273,渭南北,WEI NAN BEI,中国铁路西安局,陕西省 渭南市 临渭区,108.5826,35.8837,8520833,109.4758193,34.53621648,陕西省,渭南市,临渭区
1275,渭南西,WEI NAN XI,中国铁路西安局,陕西省 渭南市 临渭区,108.542,35.8251,47170656,109.4358242,34.47817904,陕西省,渭南市,临渭区
1310,西安西,XI AN XI,中国铁路西安局,陕西省 西安市 长安区,107.8476,35.6161,161730785,108.7517708,34.27118544,陕西省,西安市,长安区
1383,西乡,XI XIANG,中国铁路西安局,陕西省 汉中市 西乡县,106.8382,34.3285,52650664,107.7574108,32.9959464,陕西省,汉中市,西乡县
1388,旬阳,XUN YANG,中国铁路西安局,陕西省 安康市 旬阳市,108.4529,34.1685,28770532,109.3480518,32.8374824,陕西省,安康市,旬阳市
1389,咸阳,XIAN YANG,中国铁路西安局,陕西省 咸阳市 渭城区,107.8263,35.6906,10120198,108.7307881,34.34497024,陕西省,咸阳市,渭城区
1402,咸阳西,XIAN YANG XI,中国铁路西安局,陕西省 咸阳市 秦都区,107.7579,35.6771,10130152,108.6634073,34.33159984,陕西省,咸阳市,秦都区
1412,延安,YAN AN,中国铁路西安局,陕西省 延安市 宝塔区,108.5829,37.9226,29540154,109.4761148,36.55554304,陕西省,延安市,宝塔区
1456,永乐店,YONG LE DIAN,中国铁路西安局,陕西省 咸阳市 泾阳县,108.0421,35.8832,52360512,108.9433727,34.53572128,陕西省,咸阳市,泾阳县
1458,榆林,YU LIN,中国铁路西安局,陕西省 榆林市 榆阳区,108.8241,39.6551,29430571,109.7137209,38.27141104,陕西省,榆林市,榆阳区
1459,杨陵,YANG LING,中国铁路西安局,陕西省 咸阳市 杨陵区,107.1598,35.6147,10180477,108.074219,34.26979888,陕西省,咸阳市,杨陵区
1461,阎良,YAN LIANG,中国铁路西安局,陕西省 西安市 阎良区,108.327,36.0176,52320256,109.2240277,34.66883104,陕西省,西安市,阎良区
1463,杨陵南,YANG LING NAN,中国铁路西安局,陕西省 咸阳市 杨陵区,107.1342,35.6,8560572,108.0490004,34.25524,陕西省,咸阳市,杨陵区
1477,阳平关,YANG PING GUAN,中国铁路西安局,陕西省 汉中市 宁强县,105.0897,34.3003,18010211,106.0349635,32.96801712,陕西省,汉中市,宁强县
1553,治江,ZHI JIANG,中国铁路西安局,陕西省 汉中市 城固县,106.2718,34.4518,52570016,107.1994502,33.11806272,陕西省,汉中市,城固县
1567,庄里,ZHUANG LI,中国铁路西安局,陕西省 渭南市 富平县,108.1661,36.1742,33794284,109.0655251,34.82392768,陕西省,渭南市,富平县
1581,柞水,ZHA SHUI,中国铁路西安局,陕西省 商洛市 柞水县,108.2432,34.9781,29230117,109.1414763,33.63931024,陕西省,商洛市,柞水县
1592,紫阳,ZI YANG,中国铁路西安局,陕西省 安康市 紫阳县,107.6406,33.8563,28840559,108.5478551,32.52827952,陕西省,安康市,紫阳县
1644,白河东,BAI HE DONG,中国铁路西安局,陕西省 安康市 白河县,109.2251,34.1367,28710259,110.108746,32.80598768,陕西省,安康市,白河县
1647,白河县,BAI HE XIAN,中国铁路西安局,陕西省 安康市 白河县,109.2091,34.166,28700492,110.0929844,32.8350064,陕西省,安康市,白河县
1674,巴山,BA SHAN,中国铁路西安局,陕西省 汉中市 镇巴县,107.2,33.5824,28890739,108.11382,32.25700896,陕西省,汉中市,镇巴县
1675,白水江,BAI SHUI JIANG,中国铁路西安局,陕西省 汉中市 略阳县,105.1343,34.9125,17910496,106.0788989,33.57434,陕西省,汉中市,略阳县
1679,白水县,BAI SHUI XIAN,中国铁路西安局,陕西省 渭南市 白水县,108.8091,36.7069,52420435,109.6989444,35.35151376,陕西省,渭南市,白水县
1697,彬州,BIN ZHOU,中国铁路西安局,陕西省 咸阳市 彬州市,107.1863,36.3977,47280702,108.1003241,35.04528208,陕西省,咸阳市,彬州市
1705,澄城,CHENG CHENG,中国铁路西安局,陕西省 渭南市 澄城县,109.0455,36.6408,52410551,109.9318221,35.28604832,陕西省,渭南市,澄城县
1710,城固北,CHENG GU BEI,中国铁路西安局,陕西省 汉中市 城固县,106.3761,34.52,36016379,107.3021961,33.185608,陕西省,汉中市,城固县
1721,蔡家坡,CAI JIA PO,中国铁路西安局,陕西省 宝鸡市 岐山县,106.673,35.6673,10220889,107.5946723,34.32189392,陕西省,宝鸡市,岐山县
1760,陈庄,CHEN ZHUANG,中国铁路西安局,陕西省 渭南市 蒲城县,108.701,36.2056,52300886,109.5924551,34.85502624,陕西省,渭南市,蒲城县
1875,大竹园,DA ZHU YUAN,中国铁路西安局,陕西省 安康市 汉滨区,107.8184,33.8898,28830889,108.7230058,32.56145792,陕西省,安康市,汉滨区
1909,富平,FU PING,中国铁路西安局,陕西省 渭南市 富平县,108.2711,36.0932,97815664,109.1689606,34.74370528,陕西省,渭南市,富平县
1910,佛坪,FO PING,中国铁路西安局,陕西省 汉中市 佛坪县,107.0638,34.8379,36744081,107.9796494,33.50045616,陕西省,汉中市,佛坪县
1927,富县东,FU XIAN DONG,中国铁路西安局,陕西省 延安市 富县,108.4978,37.3812,29570797,109.3922828,36.01934048,陕西省,延安市,富县
1928,富县,FU XIAN,中国铁路西安局,陕西省 延安市 富县,108.4897,37.369,29560451,109.3843035,36.0072576,陕西省,延安市,富县
1982,甘泉北,GAN QUAN BEI,中国铁路西安局,陕西省 延安市 甘泉县,108.4455,37.6408,29550247,109.3407621,36.27644832,陕西省,延安市,甘泉县
1985,甘泉,GAN QUAN,中国铁路西安局,陕西省 延安市 甘泉县,108.452,37.6205,467413113,109.3471652,36.2563432,陕西省,延安市,甘泉县
1994,高滩,GAO TAN,中国铁路西安局,陕西省 安康市 紫阳县,107.4449,33.7603,28860841,108.355071,32.43320112,陕西省,安康市,紫阳县
2012,虢镇,GUO ZHEN,中国铁路西安局,陕西省 宝鸡市 陈仓区,106.4349,35.7094,10240226,107.36012,34.36358976,陕西省,宝鸡市,陈仓区
2071,黄陵,HUANG LING,中国铁路西安局,陕西省 延安市 黄陵县,108.4553,36.9747,29600631,109.350416,35.61674288,陕西省,延安市,黄陵县
2131,合阳,HE YANG,中国铁路西安局,陕西省 渭南市 合阳县,109.2011,36.5479,52230309,110.0851036,35.19404016,陕西省,渭南市,合阳县
2134,合阳北,HE YANG BEI,中国铁路西安局,陕西省 渭南市 合阳县,109.2016,36.6421,52400728,110.0855962,35.28733584,陕西省,渭南市,合阳县
2137,汉阴,HAN YIN,中国铁路西安局,陕西省 安康市 汉阴县,107.5949,34.2098,52730471,108.502836,32.87838592,陕西省,安康市,汉阴县
2150,靖边,JING BIAN,中国铁路西安局,陕西省 榆林市 靖边县,107.8468,38.9947,29850550,108.7509827,37.61735088,陕西省,榆林市,靖边县
2173,锦界,JIN JIE,中国铁路西安局,陕西省 榆林市 神木市,109.2658,40.1079,58730562,110.1488396,38.71986416,陕西省,榆林市,神木市
2264,洛川东,LUO CHUAN DONG,中国铁路西安局,陕西省 延安市 洛川县,108.4547,37.1773,29580322,109.349825,35.81739792,陕西省,延安市,洛川县
2334,礼泉南,LI QUAN NAN,中国铁路西安局,陕西省 咸阳市 礼泉县,107.4942,35.8082,92003137,108.4036364,34.46144128,陕西省,咸阳市,礼泉县
2336,礼泉,LI QUAN,中国铁路西安局,陕西省 咸阳市 礼泉县,107.5052,35.7777,47190185,108.4144725,34.43123408,陕西省,咸阳市,礼泉县
2395,毛坝关,MO BA GUAN,中国铁路西安局,陕西省 安康市 紫阳县,107.3355,33.6687,28870645,108.2473011,32.34248048,陕西省,安康市,紫阳县
2417,麻柳,MA LIU,中国铁路西安局,陕西省 安康市 紫阳县,107.2787,33.6253,28880269,108.1913474,32.29949712,陕西省,安康市,紫阳县
2433,眉县东,MEI XIAN DONG,中国铁路西安局,陕西省 宝鸡市 眉县,106.9206,35.6173,10200500,107.8385831,34.27237392,陕西省,宝鸡市,眉县
2440,米脂,MI ZHI,中国铁路西安局,陕西省 榆林市 米脂县,109.2835,39.124,29470350,110.1662759,37.7454096,陕西省,榆林市,米脂县
2496,蒲城,PU CHENG,中国铁路西安局,陕西省 渭南市 蒲城县,108.6628,36.2861,29670875,109.5548243,34.93475344,陕西省,渭南市,蒲城县
2513,蒲石,PU SHI,中国铁路西安局,陕西省 渭南市 蒲城县,108.8171,36.2378,52290705,109.7068252,34.88691712,陕西省,渭南市,蒲城县
2555,千河,QIAN HE,中国铁路西安局,陕西省 宝鸡市 陈仓区,106.3728,35.738,48260264,107.2989453,34.3919152,陕西省,宝鸡市,陈仓区
2564,清涧县,QING JIAN XIAN,中国铁路西安局,陕西省 榆林市 清涧县,109.1073,38.538,29490173,109.9927012,37.1650352,陕西省,榆林市,清涧县
2568,秦岭,QING LING,中国铁路西安局,陕西省 宝鸡市 凤县,105.9698,35.5788,17780247,106.90195,34.23424352,陕西省,宝鸡市,凤县
2578,岐山,QI SHAN,中国铁路西安局,陕西省 宝鸡市 岐山县,106.6877,35.6197,8570250,107.6091533,34.27475088,陕西省,宝鸡市,岐山县
2593,乾县,QIAN XIAN,中国铁路西安局,陕西省 咸阳市 乾县,107.363,35.8527,47210822,108.2743913,34.50551408,陕西省,咸阳市,乾县
2599,千阳,QIAN YANG,中国铁路西安局,陕西省 宝鸡市 千阳县,106.1826,35.9834,48290574,107.1115793,34.63495936,陕西省,宝鸡市,千阳县
2643,绥德,SUI DE,中国铁路西安局,陕西省 榆林市 绥德县,109.3743,38.9206,29480883,110.2557229,37.54396224,陕西省,榆林市,绥德县
2656,蜀河,SHU HE,中国铁路西安局,陕西省 安康市 旬阳市,108.7876,34.2387,28740800,109.6777648,32.90700848,陕西省,安康市,旬阳市
2690,神木西,SHEN MU XI,中国铁路西安局,陕西省 榆林市 神木市,109.201,40.3752,29380793,110.0850051,38.98459808,陕西省,榆林市,神木市
2757,三原,SAN YUAN,中国铁路西安局,陕西省 咸阳市 三原县,108.0424,35.9538,52350131,108.9436682,34.60564352,陕西省,咸阳市,三原县
2764,孙镇,SUN ZHEN,中国铁路西安局,陕西省 渭南市 蒲城县,108.872,36.3282,29660085,109.7609072,34.97644928,陕西省,渭南市,蒲城县
2851,吴堡,WU BU,中国铁路西安局,陕西省 榆林市 吴堡县,109.7855,38.8552,29790740,110.6607961,37.47919008,陕西省,榆林市,吴堡县
2889,卧龙寺,WO LONG SI,中国铁路西安局,陕西省 宝鸡市 金台区,106.3309,35.7104,10250159,107.2576696,34.36458016,陕西省,宝鸡市,金台区
2896,渭南南,WEI NAN NAN,中国铁路西安局,陕西省 渭南市 临渭区,108.6317,35.8001,47160220,109.5241877,34.45341904,陕西省,渭南市,临渭区
2927,韦庄,WEI ZHUANG,中国铁路西安局,陕西省 渭南市 澄城县,109.0451,36.3219,52260879,109.931428,34.97020976,陕西省,渭南市,澄城县
2976,小河镇,XIAO HE ZHEN,中国铁路西安局,陕西省 安康市 旬阳市,108.2534,34.4463,29260020,109.1515243,33.11261552,陕西省,安康市,旬阳市
2999,兴平,XING PING,中国铁路西安局,陕西省 咸阳市 兴平市,107.5769,35.634,10150399,108.4851042,34.2889136,陕西省,咸阳市,兴平市
3037,旬阳北,XUN YANG BEI,中国铁路西安局,陕西省 安康市 旬阳市,108.3974,34.1727,29280214,109.2933787,32.84164208,陕西省,安康市,旬阳市
3038,咸阳北,XIAN YANG BEI,中国铁路西安局,陕西省 咸阳市 秦都区,107.7654,35.7664,91994793,108.6707955,34.42004256,陕西省,咸阳市,秦都区
3065,砚川,YAN CHUAN,中国铁路西安局,陕西省 商洛市 商州区,108.9889,35.3684,47110051,109.8760654,34.02586336,陕西省,商洛市,商州区
3137,永寿,YONG SHOU,中国铁路西安局,陕西省 咸阳市 永寿县,107.2345,36.0554,47250844,108.147806,34.70626816,陕西省,咸阳市,永寿县
3149,永寿西,YONG SHOU XI,中国铁路西安局,陕西省 咸阳市 永寿县,107.1996,36.0446,92019825,108.113426,34.69557184,陕西省,咸阳市,永寿县
3168,洋县西,YANG XIAN XI,中国铁路西安局,陕西省 汉中市 洋县,106.5966,34.5634,606511010,107.5194107,33.22859136,陕西省,汉中市,洋县
3178,燕子砭,YAN ZI BIAN,中国铁路西安局,陕西省 汉中市 宁强县,104.996,34.2503,18020346,105.9426596,32.91849712,陕西省,汉中市,宁强县
3182,耀州,YAO ZHOU,中国铁路西安局,陕西省 铜川市 耀州区,108.0833,36.2607,8478904,108.9839588,34.90959728,陕西省,铜川市,耀州区
3187,镇安,ZHEN AN,中国铁路西安局,陕西省 商洛市 镇安县,108.2671,34.7591,29240480,109.1650202,33.42241264,陕西省,商洛市,镇安县
3191,子长,ZI CHANG,中国铁路西安局,陕西省 延安市 子长市,108.8531,38.5238,29510690,109.7422888,37.15097152,陕西省,延安市,子长市
3207,钟家村,ZHONG JIA CUN,中国铁路西安局,陕西省 渭南市 蒲城县,108.5715,36.1728,52310498,109.4648847,34.82254112,陕西省,渭南市,蒲城县
3228,张桥,ZHANG QIAO,中国铁路西安局,陕西省 渭南市 富平县,108.5023,36.1213,29680566,109.3967157,34.77153552,陕西省,渭南市,富平县
3243,棕溪,ZONG XI,中国铁路西安局,陕西省 安康市 旬阳市,108.6668,34.2024,28760298,109.5587647,32.87105696,陕西省,安康市,旬阳市
3252,子洲,ZI ZHOU,中国铁路西安局,陕西省 榆林市 子洲县,109.0618,38.986,29810103,109.9478792,37.6087344,陕西省,榆林市,子洲县
3283,绛帐,JIANG ZHANG,中国铁路西安局,陕西省 宝鸡市 扶风县,107.0389,35.6181,10190223,107.9551204,34.27316624,陕西省,宝鸡市,扶风县
3293,宁强,NING QIANG,中国铁路西安局,陕西省 汉中市 宁强县,105.3733,34.3943,52470876,106.3143378,33.06111472,陕西省,汉中市,宁强县
3299,商洛北,SHANG LUO BEI,中国铁路西安局,陕西省 商洛市 商州区,109.0604,35.2104,47090585,109.9465,33.86938016,陕西省,商洛市,商州区
11,上海,SHANG HAI,中国铁路上海局,上海市 静安区,120.7383,32.566,27260127,121.4503993,31.2503664,上海市,上海市,静安区
12,上海南,SHANG HAI NAN,中国铁路上海局,上海市 徐汇区,120.7116,32.4684,34380544,121.4240972,31.15370336,上海市,上海市,徐汇区
13,上海虹桥,SHANG HAI HONG QIAO,中国铁路上海局,上海市 闵行区,120.6013,32.5099,6150361,121.3154406,31.19480496,上海市,上海市,闵行区
14,上海西,SHANG HAI WEST,中国铁路上海局,上海市 普陀区,120.6844,32.5794,27250672,121.3973024,31.26363776,上海市,上海市,普陀区
178,安亭北,AN TING BEI,中国铁路上海局,上海市 嘉定区,120.4366,32.6315,27210810,121.1531947,31.3152376,上海市,上海市,嘉定区
179,安亭西,AN TING XI,中国铁路上海局,上海市 嘉定区,120.4351,32.6278,90601583,121.151717,31.31157312,上海市,上海市,嘉定区
601,海湾,HAI WAN,中国铁路上海局,上海市 奉贤区,120.833,32.175,566367885,121.5436883,30.86312,上海市,上海市,奉贤区
668,金山北,JIN SHAN BEI,中国铁路上海局,上海市 金山区,120.3663,32.2075,6170716,121.0839421,30.895308,上海市,上海市,金山区
745,芦潮港,LU CHAO GANG,中国铁路上海局,上海市 浦东新区,121.1403,32.199,716771636,121.8464095,30.8868896,上海市,上海市,浦东新区
947,南翔北,NAN XIANG BEI,中国铁路上海局,上海市 嘉定区,120.5898,32.598,27220533,121.304112,31.2820592,上海市,上海市,嘉定区
1076,上海松江,SHANG HAI SONG JIANG,中国铁路上海局,上海市 松江区,120.5101,32.2967,6160509,121.2255995,30.98365168,上海市,上海市,松江区
1081,松江北,SONG JIANG BEI,中国铁路上海局,上海市 松江区,120.5073,32.314,34450764,121.2228412,31.0007856,上海市,上海市,松江区
26,成都东,CHENG DU DONG,中国铁路成都局,四川省 成都市 成华区,103.1685,31.9401,13330149,104.1423894,30.63047504,四川省,成都市,成华区
27,成都南,CHENG DU NAN,中国铁路成都局,四川省 成都市 武侯区,103.0946,31.9176,13460829,104.0695905,30.60819104,四川省,成都市,武侯区
28,成都,CHENG DU,中国铁路成都局,四川省 成都市 金牛区,103.0994,32.0095,13440296,104.0743189,30.6992088,四川省,成都市,金牛区
29,成都西,CHENG DU XI,中国铁路成都局,四川省 成都市 青羊区,103.0047,31.9976,904195625,103.98103,30.68742304,四川省,成都市,青羊区
156,安德,AN DE,中国铁路成都局,四川省 成都市 郫都区,102.835,32.1878,51630247,103.8138585,30.87579712,四川省,成都市,郫都区
160,安靖,AN JING,中国铁路成都局,四川省 成都市 郫都区,103.0624,32.0498,51560504,104.0378702,30.73912192,四川省,成都市,郫都区
226,步行街,BU XING JIE,中国铁路成都局,四川省 成都市 彭州市,102.965,32.2736,51740062,103.9419215,30.96077344,四川省,成都市,彭州市
239,巴中东,BA ZHONG DONG,中国铁路成都局,四川省 巴中市 巴州区,105.9388,33.1628,59260895,106.8714119,31.84143712,四川省,巴中市,巴州区
241,巴中,BA ZHONG,中国铁路成都局,四川省 巴中市 巴州区,105.8286,33.1975,59250292,106.7628539,31.875804,四川省,巴中市,巴州区
281,翠屏,CUI PING,中国铁路成都局,四川省 宜宾市 翠屏区,103.6351,30.0462,39620018,104.602037,28.75475648,四川省,宜宾市,翠屏区
288,朝天,CHAO TIAN,中国铁路成都局,四川省 广元市 朝天区,105.1256,34.0358,720605556,106.0703286,32.70605632,四川省,广元市,朝天区
290,朝天南,CHAO TIAN NAN,中国铁路西安局,四川省 广元市 朝天区,104.9292,33.9692,18060318,105.8768549,32.64009568,四川省,广元市,朝天区
295,苍溪,CANG XI,中国铁路成都局,四川省 广元市 苍溪县,104.9667,33.0827,41120822,105.9137962,31.76210608,四川省,广元市,苍溪县
306,朝阳湖,CHAO YANG HU,中国铁路成都局,四川省 成都市 蒲江县,102.4628,31.4738,90753229,103.4472043,30.16865152,四川省,成都市,蒲江县
318,崇州,CHONG ZHOU,中国铁路成都局,四川省 成都市 崇州市,102.7034,31.9214,90704969,103.6842193,30.61195456,四川省,成都市,崇州市
353,都江堰,DU JIANG YAN,中国铁路成都局,四川省 成都市 都江堰市,102.6592,32.2715,51650628,103.6406779,30.9586936,四川省,成都市,都江堰市
388,德阳,DE YANG,中国铁路成都局,四川省 德阳市 旌阳区,103.4197,32.4821,18280666,104.3898465,31.16727184,四川省,德阳市,旌阳区
392,大英东,DA YING DONG,中国铁路成都局,四川省 遂宁市 大英县,104.3216,31.8785,13400287,105.2783082,30.5694664,四川省,遂宁市,大英县
395,大邑,DA YI,中国铁路成都局,四川省 成都市 大邑县,102.5541,31.8714,90714621,103.5371439,30.56243456,四川省,成都市,大邑县
403,达州,DA ZHOU,中国铁路成都局,四川省 达州市 通川区,106.5247,32.5148,29020288,107.448582,31.19965792,四川省,达州市,通川区
407,峨边,E BIAN,中国铁路成都局,四川省 乐山市 峨边彝族自治县,102.2925,30.5568,13710805,103.2794418,29.26045472,四川省,乐山市,峨边彝族自治县
411,峨眉,E MEI,中国铁路成都局,四川省 乐山市 峨眉山市,102.5409,30.8861,13620784,103.5241406,29.58659344,四川省,乐山市,峨眉山市
412,峨眉山,E MEI SHAN,中国铁路成都局,四川省 乐山市 峨眉山市,102.4843,30.8771,54980603,103.4683839,29.57767984,四川省,乐山市,峨眉山市
439,富顺,FU SHUN,中国铁路成都局,四川省 自贡市 富顺县,104.0783,30.5074,93062757,105.0386333,29.21152896,四川省,自贡市,富顺县
461,广安南,GUANG AN NAN,中国铁路成都局,四川省 广安市 广安区,105.6533,31.7614,41200488,106.5901658,30.45349056,四川省,广安市,广安区
462,广安,GUANG AN,中国铁路成都局,四川省 广安市 前锋区,105.9624,31.8044,29060480,106.8946602,30.49607776,四川省,广安市,前锋区
481,甘洛,GAN LUO,中国铁路成都局,四川省 凉山彝族自治州 甘洛县,101.7701,30.2748,13810557,102.7648255,28.98116192,四川省,凉山彝族自治州,甘洛县
493,高兴,GAO XING,中国铁路成都局,四川省 广安市 华蓥市,105.7989,31.5845,29080807,106.7335964,30.2782888,四川省,广安市,华蓥市
500,广元,GUANG YUAN,中国铁路成都局,四川省 广元市 利州区,104.8708,33.78,18090248,105.8193251,32.452712,四川省,广元市,利州区
540,红光镇,HONG GUANG ZHEN,中国铁路成都局,四川省 成都市 郫都区,102.9688,32.0848,51590350,103.9456649,30.77378592,四川省,成都市,郫都区
611,华蓥,HUAN YING,中国铁路成都局,四川省 广安市 华蓥市,105.8448,31.6723,29070572,106.7788125,30.36524592,四川省,广安市,华蓥市
613,汉源,HAN YUAN,中国铁路成都局,四川省 雅安市 汉源县,101.9163,30.5325,13760082,102.9088471,29.236388,四川省,雅安市,汉源县
656,剑门关,JIAN MEN GUAN,中国铁路成都局,四川省 广元市 剑阁县,104.5293,33.609,190772289,105.4829134,32.2833536,四川省,广元市,剑阁县
695,简阳南,JIAN YANG NAN,中国铁路成都局,四川省 成都市 简阳市,103.5507,31.6624,13320421,104.5188946,30.35544096,四川省,成都市,简阳市
696,江油,JIANG YOU,中国铁路成都局,四川省 绵阳市 江油市,103.8071,33.1032,18210262,104.7714742,31.78240928,四川省,绵阳市,江油市
743,隆昌北,LONG CHANG BEI,中国铁路成都局,四川省 内江市 隆昌市,104.3335,30.7661,13280729,105.2900309,29.46774544,四川省,内江市,隆昌市
750,隆昌,LONG CHANG,中国铁路成都局,四川省 内江市 隆昌市,104.3237,30.6551,40270472,105.2803769,29.35781104,四川省,内江市,隆昌市
762,离堆公园,LI DUI GONG YUAN,中国铁路成都局,四川省 成都市 都江堰市,102.6438,32.3086,51690781,103.6255074,30.99543744,四川省,成都市,都江堰市
810,乐山,LE SHAN,中国铁路成都局,四川省 乐山市 市中区,102.7328,30.9036,54970612,103.7131813,29.60392544,四川省,乐山市,市中区
824,泸县,LU XIAN,中国铁路成都局,四川省 泸州市 泸县,104.3668,30.4616,93071100,105.3228347,29.16616864,四川省,泸州市,泸县
852,泸州,LU ZHOU,中国铁路成都局,四川省 泸州市 龙马潭区,104.4665,30.2225,93079443,105.4210492,28.929364,四川省,泸州市,龙马潭区
856,阆中,LANG ZHONG,中国铁路成都局,四川省 南充市 阆中市,105.0083,32.8781,41130010,105.9547763,31.55947024,四川省,南充市,阆中市
885,冕宁,MIAN NING,中国铁路成都局,四川省 凉山彝族自治州 冕宁县,101.1949,29.5757,14040634,102.198196,28.28877328,四川省,凉山彝族自治州,冕宁县
889,眉山东,MEI SHAN DONG,中国铁路成都局,四川省 眉山市 东坡区,102.8447,31.3731,54950646,103.823414,30.06891824,四川省,眉山市,东坡区
890,名山,MING SHAN,中国铁路成都局,四川省 雅安市 名山区,102.204,31.3629,90762881,103.1922604,30.05881616,四川省,雅安市,名山区
898,绵阳,MIAN YANG,中国铁路成都局,四川省 绵阳市 涪城区,103.7525,32.779,18240233,104.7176878,31.4613216,四川省,绵阳市,涪城区
914,南部,NAN BU,中国铁路成都局,四川省 南充市 南部县,105.0652,32.6893,41140476,106.0108285,31.37248272,四川省,南充市,南部县
916,南充北,NAN CHONG BEI,中国铁路成都局,四川省 南充市 顺庆区,105.123,32.1707,41160749,106.0677673,30.85886128,四川省,南充市,顺庆区
917,南充,NAN CHONG,中国铁路成都局,四川省 南充市 顺庆区,105.1381,32.1206,41320557,106.0826423,30.80924224,四川省,南充市,顺庆区
931,内江北,NE JIANG NAN,中国铁路成都局,四川省 内江市 东兴区,104.1249,30.911,13290296,105.084539,29.6112544,四川省,内江市,东兴区
932,内江,NEI JIANG,中国铁路成都局,四川省 内江市 市中区,104.0762,30.8885,39500658,105.0365646,29.5889704,四川省,内江市,市中区
958,平昌,PING CHANG,中国铁路成都局,四川省 巴中市 平昌县,106.1435,32.872,59290029,107.0730619,31.5534288,四川省,巴中市,平昌县
967,蒲江,PU JIANG,中国铁路成都局,四川省 成都市 蒲江县,102.5145,31.4996,90743577,103.498134,30.19420384,四川省,成都市,蒲江县
985,普雄,PU XIONG,中国铁路成都局,四川省 凉山彝族自治州 越西县,101.6573,29.8057,13900272,102.6537062,28.51656528,四川省,凉山彝族自治州,越西县
986,郫县,PI XIAN,中国铁路成都局,四川省 成都市 郫都区,102.9327,32.1217,51610657,103.9101028,30.81033168,四川省,成都市,郫都区
987,郫县西,PI XIAN XI,中国铁路成都局,四川省 成都市 郫都区,102.905,32.1368,51620055,103.8828155,30.82528672,四川省,成都市,郫都区
996,攀枝花,PAN ZHI HUA,中国铁路成都局,四川省 攀枝花市 仁和区,100.8461,27.8167,14310021,101.8545931,26.54665968,四川省,攀枝花市,仁和区
997,彭州,PENG ZHOU,中国铁路成都局,四川省 成都市 彭州市,102.9498,32.2936,51750657,103.926948,30.98058144,四川省,成都市,彭州市
998,攀枝花南,PAN ZHI HUA NAN,中国铁路成都局,四川省 攀枝花市 仁和区,100.7404,27.7391,90278387,101.750468,26.46980464,四川省,攀枝花市,仁和区
999,彭州南,PENG ZHOU NAN,中国铁路成都局,四川省 成都市 彭州市,102.9652,32.2555,51730060,103.9421185,30.9428472,四川省,成都市,彭州市
1001,青白江东,QING BAI JIANG DONG,中国铁路成都局,四川省 成都市 青白江区,103.2546,32.2086,57690760,104.2272065,30.89639744,四川省,成都市,青白江区
1004,青川,QING CHUAN,中国铁路成都局,四川省 广元市 青川县,104.3765,33.5119,163877550,105.3323902,32.18718576,四川省,广元市,青川县
1005,青城山,QING CHENG SHAN,中国铁路成都局,四川省 成都市 都江堰市,102.627,32.2065,51660876,103.6089577,30.8943176,四川省,成都市,都江堰市
1024,邛崃,QIONG LAI,中国铁路成都局,四川省 成都市 邛崃市,102.503,31.7206,90724273,103.4868053,30.41308224,四川省,成都市,邛崃市
1034,渠县,QU XIAN,中国铁路成都局,四川省 达州市 渠县,106.0796,32.1176,29040236,107.010114,30.80627104,四川省,达州市,渠县
1095,双流机场,SHUANG LIU JI CHANG,中国铁路成都局,四川省 成都市 双流区,102.9843,31.8853,54900101,103.9609339,30.57620112,四川省,成都市,双流区
1102,双流西,SHUANG LIU XI,中国铁路成都局,四川省 成都市 双流区,102.9437,31.8535,54910784,103.9209389,30.5447064,四川省,成都市,双流区
1117,遂宁,SUI NING,中国铁路成都局,四川省 遂宁市 船山区,104.5887,31.8539,13390053,105.5414284,30.54510256,四川省,遂宁市,船山区
1233,土溪,TU XI,中国铁路成都局,四川省 达州市 渠县,106.1279,32.3297,41260006,107.0576943,31.01633488,四川省,达州市,渠县
1262,温江,WEN JIANG,中国铁路成都局,四川省 成都市 温江区,102.8367,31.9464,90695317,103.8155332,30.63671456,四川省,成都市,温江区
1279,武胜,WU SHENG,中国铁路成都局,四川省 广安市 武胜县,105.1586,31.6784,41170477,106.1028369,30.37128736,四川省,广安市,武胜县
1300,万源,WAN YUAN,中国铁路西安局,四川省 达州市 万源市,107.1234,33.4088,28930779,108.0383613,32.08507552,四川省,达州市,万源市
1314,西昌,XI CHANG,中国铁路成都局,四川省 凉山彝族自治州 西昌市,101.2241,29.1629,14090544,102.2269609,27.87993616,四川省,凉山彝族自治州,西昌市
1316,西昌西,XI CHANG XI,中国铁路成都局,四川省 凉山彝族自治州 西昌市,101.1599,29.1539,94897750,102.1637175,27.87102256,四川省,凉山彝族自治州,西昌市
1317,新都东,XIN DU DONG,中国铁路成都局,四川省 成都市 新都区,103.2226,32.1125,57700630,104.1956833,30.80122,四川省,成都市,新都区
1331,宣汉,XUAN HAN,中国铁路西安局,四川省 达州市 宣汉县,106.735,32.8619,28980596,107.6557485,31.54342576,四川省,达州市,宣汉县
1339,新津,XIN JIN,中国铁路成都局,四川省 成都市 新津区,102.8942,31.7757,54920213,103.8721764,30.46765328,四川省,成都市,新津区
1343,新津南,XIN JIN NAN,中国铁路成都局,四川省 成都市 新津区,102.8794,31.6579,54930488,103.8575969,30.35098416,四川省,成都市,新津区
1346,西来,XI LAI,中国铁路成都局,四川省 成都市 蒲江县,102.5353,31.6188,90733925,103.518624,30.31225952,四川省,成都市,蒲江县
1361,犀浦东,XI PU DONG,中国铁路成都局,四川省 成都市 郫都区,103.0162,32.049,51570004,103.9923586,30.7383296,四川省,成都市,郫都区
1365,犀浦,XI PU,中国铁路成都局,四川省 成都市 郫都区,102.9971,32.0706,51580130,103.9735432,30.75972224,四川省,成都市,郫都区
1376,兴文,XING WEN,中国铁路成都局,四川省 宜宾市 兴文县,104.29,29.6254,91159315,105.247179,28.33799616,四川省,宜宾市,兴文县
1392,叙永北,XU YONG BEI,中国铁路成都局,四川省 泸州市 叙永县,104.4573,29.5076,100467459,105.4119862,28.22132704,四川省,泸州市,叙永县
1411,雅安,YA AN,中国铁路成都局,四川省 雅安市 雨城区,102.0679,31.3346,90772533,103.0581883,30.03078784,四川省,雅安市,雨城区
1415,迎宾路,YING BIN LU,中国铁路成都局,四川省 成都市 都江堰市,102.6645,32.2934,51670448,103.645899,30.98038336,四川省,成都市,都江堰市
1419,宜宾西,YI BIN XI,中国铁路成都局,四川省 宜宾市 翠屏区,103.6399,30.0166,91139907,104.6067655,28.72544064,四川省,宜宾市,翠屏区
1425,岳池,YUE CHI,中国铁路成都局,四川省 广安市 岳池县,105.5283,31.8471,41190108,106.4670283,30.53836784,四川省,广安市,岳池县
1438,姚渡,YAO DU,中国铁路兰州局,四川省 广元市 青川县,104.5427,34.136,41090547,105.4961138,32.8052944,四川省,广元市,青川县
1441,燕岗,YAN GANG,中国铁路成都局,四川省 乐山市 峨眉山市,102.5432,30.8542,13630241,103.5264063,29.55499968,四川省,乐山市,峨眉山市
1467,羊马,YANG MA,中国铁路成都局,四川省 成都市 崇州市,102.7803,31.9293,90632317,103.7599735,30.61977872,四川省,成都市,崇州市
1498,营山,YING SHAN,中国铁路成都局,四川省 南充市 营山县,105.6294,32.3801,41280854,106.5666219,31.06625104,四川省,南充市,营山县
1541,自贡北,ZI GONG BEI,中国铁路成都局,四川省 自贡市 大安区,103.8279,30.6551,39540281,104.7919643,29.35781104,四川省,自贡市,大安区
1542,自贡,ZI GONG,中国铁路成都局,四川省 自贡市 沿滩区,103.9187,30.6541,93054414,104.8814114,29.35682064,四川省,自贡市,沿滩区
1594,资阳北,ZI YANG BEI,中国铁路成都局,四川省 资阳市 雁江区,103.7183,31.4328,13310817,104.6839973,30.12804512,四川省,资阳市,雁江区
1600,资中北,ZI ZHONG BEI,中国铁路成都局,四川省 内江市 资中县,103.9106,31.1007,13300186,104.8734321,29.79913328,四川省,内江市,资中县
1667,白马北,BAI MA BEI,中国铁路成都局,四川省 内江市 市中区,104.0338,30.8425,93046071,104.9947964,29.543412,四川省,内江市,市中区
1700,巴中西,BA ZHONG XI,中国铁路成都局,四川省 巴中市 恩阳区,105.7181,33.0861,102934767,106.6540003,31.76547344,四川省,巴中市,恩阳区
1728,长宁,CHANG NING,中国铁路成都局,四川省 宜宾市 长宁县,103.968,29.8899,91149613,104.9299768,28.59995696,四川省,宜宾市,长宁县
1778,德昌,DE CHANG,中国铁路成都局,四川省 凉山彝族自治州 德昌县,101.1867,28.6757,14160660,102.1901182,27.39741328,四川省,凉山彝族自治州,德昌县
1782,德昌西,DE CHANG XI,中国铁路成都局,四川省 凉山彝族自治州 德昌县,101.1651,28.6775,94947787,102.16884,27.399196,四川省,凉山彝族自治州,德昌县
1878,峨边南,E BIAN NAN,中国铁路成都局,四川省 乐山市 峨边彝族自治县,102.2783,30.5074,97883106,103.2654533,29.21152896,四川省,乐山市,峨边彝族自治县
1958,广汉北,GUANG HAN BEI,中国铁路成都局,四川省 德阳市 广汉市,103.3049,32.3242,57680316,104.276757,31.01088768,四川省,德阳市,广汉市
1968,甘洛南,GAN LUO NAN,中国铁路成都局,四川省 凉山彝族自治州 甘洛县,101.8007,30.2247,97933128,102.7949696,28.93154288,四川省,凉山彝族自治州,甘洛县
2094,花棚子,HUA PENG ZI,中国铁路昆明局,四川省 攀枝花市 仁和区,100.9082,27.5271,14340611,101.9157678,26.25983984,四川省,攀枝花市,仁和区
2175,金口河南,JIN KOU HE NAN,中国铁路成都局,四川省 乐山市 金口河区,102.0233,30.4854,97899780,103.0142528,29.18974016,四川省,乐山市,金口河区
2223,江油北,JIANG YOU BEI,中国铁路成都局,四川省 绵阳市 江油市,104.1145,33.3075,938892834,105.074294,31.984748,四川省,绵阳市,江油市
2248,开江,KAI JIANG,中国铁路成都局,四川省 达州市 开江县,106.8787,32.2279,41380384,107.7973074,30.91551216,四川省,达州市,开江县
2298,罗江东,LUO JIANG DONG,中国铁路成都局,四川省 德阳市 罗江区,103.5678,32.6219,57670402,104.5357398,31.30572976,四川省,德阳市,罗江区
2301,罗江,LUO JIANG,中国铁路成都局,四川省 德阳市 罗江区,103.5345,32.6227,18260766,104.502936,31.30652208,四川省,德阳市,罗江区
2338,乐山北,LE SHAN BEI,中国铁路成都局,四川省 乐山市 夹江县,102.5956,31.0535,13600671,103.5780256,29.7523864,四川省,乐山市,夹江县
2389,拉鲊,LA ZHA,中国铁路昆明局,四川省 攀枝花市 仁和区,100.9244,27.6423,14330887,101.9317264,26.37393392,四川省,攀枝花市,仁和区
2392,马鞍,MA AN,中国铁路成都局,四川省 南充市 仪陇县,105.6836,32.8028,103018122,106.6200144,31.48489312,四川省,南充市,仪陇县
2394,毛坝,MAO BA,中国铁路西安局,四川省 达州市 宣汉县,106.8231,32.9408,28960465,107.7425358,31.62156832,四川省,达州市,宣汉县
2427,眉山,MEI SHAN,中国铁路成都局,四川省 眉山市 东坡区,102.8349,31.3711,13550823,103.81376,30.06693744,四川省,眉山市,东坡区
2436,米易东,MI YI DONG,中国铁路成都局,四川省 攀枝花市 米易县,101.1258,28.1819,90235867,102.1301256,26.90835376,四川省,攀枝花市,米易县
2458,内江东,NEI JIANG DONG,中国铁路成都局,四川省 内江市 市中区,104.0958,30.8616,93037728,105.0558726,29.56232864,四川省,内江市,市中区
2476,乃托,NAI TUO,中国铁路成都局,四川省 凉山彝族自治州 越西县,101.6101,30.0295,13860739,102.6072095,28.7382168,四川省,凉山彝族自治州,越西县
2478,泥溪,NI XI,中国铁路成都局,四川省 宜宾市 叙州区,103.3052,30.3023,91120499,104.2770525,29.00839792,四川省,宜宾市,叙州区
2486,蓬安,PENG AN,中国铁路成都局,四川省 南充市 蓬安县,105.4817,32.315,41290789,106.4211227,31.001776,四川省,南充市,蓬安县
2490,蓬安西,PENG AN XI,中国铁路成都局,四川省 南充市 蓬安县,105.2988,32.4544,103184832,106.2409479,31.13983776,四川省,南充市,蓬安县
2512,彭山北,PENG SHAN BEI,中国铁路成都局,四川省 眉山市 彭山区,102.8857,31.5152,54940263,103.8638031,30.20965408,四川省,眉山市,彭山区
2514,彭山,PENG SHAN,中国铁路成都局,四川省 眉山市 彭山区,102.883,31.5017,13530759,103.8611433,30.19628368,四川省,眉山市,彭山区
2516,屏山,PING SHAN,中国铁路成都局,四川省 宜宾市 屏山县,103.3914,30.1442,91130203,104.3619681,28.85181568,四川省,宜宾市,屏山县
2525,蓬溪,PENG XI,中国铁路成都局,四川省 遂宁市 蓬溪县,104.7539,31.9913,41340801,105.7041669,30.68118352,四川省,遂宁市,蓬溪县
2569,青莲,QING LIAN,中国铁路成都局,四川省 绵阳市 江油市,103.7372,32.9924,57660438,104.7026157,31.67267296,四川省,绵阳市,江油市
2577,青神,QING SHEN,中国铁路成都局,四川省 眉山市 青神县,102.7915,31.1517,54960016,103.7710067,29.84964368,四川省,眉山市,青神县
2587,犍为,JIAN WEI,中国铁路成都局,四川省 乐山市 犍为县,102.9847,30.648,91110795,103.961328,29.3507792,四川省,乐山市,犍为县
2699,石桥,SHI QIAO,中国铁路成都局,四川省 达州市 达川区,106.1873,32.6177,59310769,107.1162092,31.30157008,四川省,达州市,达川区
2719,石梯,SHI TI,中国铁路成都局,四川省 达州市 达川区,106.2211,32.5574,59320773,107.1495056,31.24184896,四川省,达州市,达川区
2725,沙湾南,SHA WAN NAN,中国铁路成都局,四川省 乐山市 沙湾区,102.5607,30.7118,97849758,103.5436456,29.41396672,四川省,乐山市,沙湾区
2946,喜德,XI DE,中国铁路成都局,四川省 凉山彝族自治州 喜德县,101.4025,29.5994,14010810,102.4027028,28.31224576,四川省,凉山彝族自治州,喜德县
2952,喜德西,XI DE XI,中国铁路成都局,四川省 凉山彝族自治州 冕宁县,101.2783,29.6451,97999824,102.2803533,28.35750704,四川省,凉山彝族自治州,冕宁县
3023,兴文南,XING WEN NAN,中国铁路成都局,四川省 宜宾市 兴文县,104.315,29.4464,100500801,105.2718065,28.16071456,四川省,宜宾市,兴文县
3059,盐边,YAN BIAN,中国铁路成都局,四川省 攀枝花市 盐边县,100.8491,27.9274,90257085,101.8575484,26.65629696,四川省,攀枝花市,盐边县
3115,仪陇,YI LONG,中国铁路成都局,四川省 南充市 仪陇县,105.3709,32.5769,103101477,106.3119736,31.26116176,四川省,南充市,仪陇县
3184,迤资,YI ZI,中国铁路昆明局,四川省 攀枝花市 仁和区,100.8632,27.729,14320440,101.8714383,26.4598016,四川省,攀枝花市,仁和区
3213,曾口,ZENG KOU,中国铁路成都局,四川省 巴中市 巴州区,105.9853,33.048,59270563,106.917219,31.7277392,四川省,巴中市,巴州区
3258,安州,AN ZHOU,中国铁路成都局,四川省 绵阳市 安州区,103.2646,32.7821,99867303,104.2370575,31.46439184,四川省,绵阳市,安州区
3269,高川,GAO CHUAN,中国铁路成都局,四川省 绵阳市 安州区,103.235,32.9557,99883974,104.2078985,31.63632528,四川省,绵阳市,安州区
3288,茂县,MAO XIAN,中国铁路成都局,四川省 阿坝藏族羌族自治州 茂县,102.9696,33.0475,99900645,103.946453,31.727244,四川省,阿坝藏族羌族自治州,茂县
3290,绵竹南,MIAN ZHU NAN,中国铁路成都局,四川省 德阳市 绵竹市,103.2405,32.5757,99850632,104.2133166,31.25997328,四川省,德阳市,绵竹市
3294,南溪北,NAN XI BEI,中国铁路成都局,四川省 宜宾市 南溪区,103.9238,30.2661,100100697,104.8864354,28.97254544,四川省,宜宾市,南溪区
3297,三岔湖,SAN CHA HU,中国铁路成都局,四川省 成都市 简阳市,103.3626,31.6736,100000671,104.3335973,30.36653344,四川省,成都市,简阳市
3298,什邡西,SHI FANG XI,中国铁路成都局,四川省 德阳市 什邡市,103.1466,32.4371,99833961,104.1208157,31.12270384,四川省,德阳市,什邡市
3301,三星堆,SAN XING DUI,中国铁路成都局,四川省 德阳市 广汉市,103.2389,32.2561,99817290,104.2117404,30.94344144,四川省,德阳市,广汉市
3303,天府机场,TIAN FU JI CHANG,中国铁路成都局,四川省 成都市 简阳市,103.4768,31.622,100017342,104.4460957,30.3154288,四川省,成都市,简阳市
3308,威远,WEI YUAN,中国铁路成都局,四川省 内江市 威远县,103.7725,30.8493,100067355,104.7373898,29.55014672,四川省,内江市,威远县
3312,宜宾东,YI BIN DONG,中国铁路成都局,四川省 宜宾市 翠屏区,103.7812,30.0928,100117368,104.7459601,28.80090912,四川省,宜宾市,翠屏区
3313,宜宾,YI BIN,中国铁路成都局,四川省 宜宾市 叙州区,103.6678,30.0216,100134039,104.6342498,28.73039264,四川省,宜宾市,叙州区
3319,沿滩,YAN TAN,中国铁路成都局,四川省 自贡市 沿滩区,103.969,30.4795,100084026,104.9309619,29.1838968,四川省,自贡市,沿滩区
3320,越西,YUE XI,中国铁路成都局,四川省 凉山彝族自治州 越西县,101.5294,29.9235,97966476,102.5277119,28.6332344,四川省,凉山彝族自治州,越西县
3322,镇江关,ZHEN JIANG GUAN,中国铁路成都局,四川省 阿坝藏族羌族自治州 松潘县,102.7447,33.6624,99950658,103.724904,32.33624096,四川省,阿坝藏族羌族自治州,松潘县
3323,资阳西,ZI YANG XI,中国铁路成都局,四川省 资阳市 雁江区,103.5838,31.4333,100034013,104.5515014,30.12854032,四川省,资阳市,雁江区
3324,资中西,ZI ZHONG XI,中国铁路成都局,四川省 内江市 资中县,103.6473,31.1966,100050684,104.6140552,29.89411264,四川省,内江市,资中县
15,天津北,TIAN JIN BEI,中国铁路北京局,天津市 河北区,116.4252,40.5565,12850874,117.2015645,39.1641576,天津市,天津市,河北区
16,天津,TIAN JIN,中国铁路北京局,天津市 河东区,116.4253,40.526,12860094,117.201663,39.1339504,天津市,天津市,河东区
17,天津南,TIAN JIN NAN,中国铁路北京局,天津市 西青区,116.2743,40.4455,5930248,117.0529129,39.0542232,天津市,天津市,西青区
18,天津西,TIAN JIN XI,中国铁路北京局,天津市 红桥区,116.3778,40.5478,5920363,117.1548708,39.15554112,天津市,天津市,红桥区
188,北辰,BEI CHEN,中国铁路北京局,天津市 北辰区,116.4935,40.6629,97582974,117.2688469,39.26953616,天津市,天津市,北辰区
189,宝坻北,BAO DI BEI,中国铁路北京局,天津市 宝坻区,116.553,41.1098,25570439,117.3274603,39.71214592,天津市,天津市,宝坻区
200,滨海,BIN HAI,中国铁路北京局,天津市 滨海新区,116.9075,40.3929,25490433,117.6766783,39.00212816,天津市,天津市,滨海新区
201,滨海北,BIN HAI BEI,中国铁路北京局,天津市 滨海新区,116.9861,40.6262,25690623,117.7541071,39.23318848,天津市,天津市,滨海新区
203,滨海西,BIN HAI XI,中国铁路北京局,天津市 滨海新区,116.8329,40.4703,25680824,117.6031898,39.07878512,天津市,天津市,滨海新区
539,汉沽,HAN GU,中国铁路北京局,天津市 滨海新区,117.0311,40.6631,12910340,117.7984366,39.26973424,天津市,天津市,滨海新区
641,静海,JING HAI,中国铁路北京局,天津市 静海区,116.1428,40.3206,25860074,116.9233723,38.93052224,天津市,天津市,静海区
650,军粮城北,JUN LIANG CHENG BEI,中国铁路北京局,天津市 东丽区,116.6461,40.4552,25480493,117.4191731,39.06383008,天津市,天津市,东丽区
700,蓟州北,JI ZHOU BEI,中国铁路北京局,天津市 蓟州区,116.6151,41.4244,25610496,117.388635,40.02372576,天津市,天津市,蓟州区
706,蓟州,JI ZHOU,中国铁路北京局,天津市 蓟州区,116.5874,41.3925,11800880,117.3613477,39.992132,天津市,天津市,蓟州区
818,芦台,LU TAI,中国铁路北京局,天津市 宁河区,117.0721,40.7228,12920532,117.8388257,39.32886112,天津市,天津市,宁河区
1191,塘沽,TANG GU,中国铁路北京局,天津市 滨海新区,116.8634,40.4163,12890264,117.6332353,39.02530352,天津市,天津市,滨海新区
1278,武清,WU QING,中国铁路北京局,天津市 武清区,116.2288,40.7636,25520704,117.0080909,39.36926944,天津市,天津市,武清区
1434,杨村,YANG CUN,中国铁路北京局,天津市 武清区,116.2779,40.746,25780821,117.0564593,39.3518384,天津市,天津市,武清区
1465,杨柳青,YANG LIU QING,中国铁路北京局,天津市 西青区,116.2144,40.5322,25830687,116.9939054,39.14009088,天津市,天津市,西青区
1640,宝坻,BAO DI,中国铁路北京局,天津市 宝坻区,116.4997,41.0584,97516278,117.2749545,39.66123936,天津市,天津市,宝坻区
1641,宝坻南,BAO DI NAN,中国铁路北京局,天津市 宝坻区,116.5923,40.8999,97566300,117.3661747,39.50426096,天津市,天津市,宝坻区
1716,崔黄口,CUI HUANG KOU,中国铁路北京局,天津市 武清区,116.4163,40.9136,25510293,117.1927971,39.51782944,天津市,天津市,武清区
1762,曹子里,CAO ZI LI,中国铁路北京局,天津市 武清区,116.3536,40.8045,25500552,117.1310314,39.4097768,天津市,天津市,武清区
1809,大口屯,DA KOU TUN,中国铁路北京局,天津市 宝坻区,116.4807,40.9984,25580347,117.2562376,39.60181536,天津市,天津市,宝坻区
1877,豆张庄,DOU ZHANG ZHUANG,中国铁路北京局,天津市 武清区,116.1617,40.7893,25770177,116.9419907,39.39472272,天津市,天津市,武清区
2276,落垡,LUO FA,中国铁路北京局,天津市 武清区,116.0544,40.8325,25760192,116.8362894,39.437508,天津市,天津市,武清区
80,拉萨,LA SA,中国铁路青藏集团,西藏自治区 拉萨市 堆龙德庆区,89.9035,30.9241,17600416,91.07503785,29.62422864,西藏自治区,拉萨市,堆龙德庆区
853,林芝,LIN ZHI,中国铁路青藏集团,西藏自治区 林芝市 巴宜区,93.3226,30.8275,92870868,94.44319326,29.528556,西藏自治区,林芝市,巴宜区
940,尼木,NI MU,中国铁路青藏集团,西藏自治区 拉萨市 尼木县,89.1072,30.6268,17660764,90.29060272,29.32978272,西藏自治区,拉萨市,尼木县
943,那曲,NA QU,中国铁路青藏集团,西藏自治区 那曲市 色尼区,90.838,32.7624,17470804,91.9956138,31.44488096,西藏自治区,那曲市,色尼区
1030,曲水县,QU SHUI XIAN,中国铁路青藏集团,西藏自治区 拉萨市 曲水县,89.5245,30.6497,17640216,90.70168495,29.35246288,西藏自治区,拉萨市,曲水县
1053,日喀则,RI KA ZE,中国铁路青藏集团,西藏自治区 日喀则市 桑珠孜区,87.7139,30.5189,17730137,88.91806289,29.22291856,西藏自治区,日喀则市,桑珠孜区
1612,安多,AN DUO,中国铁路青藏集团,西藏自治区 那曲市 安多县,90.5094,33.5791,17420213,91.67190994,32.25374064,西藏自治区,那曲市,安多县
1953,岗嘎,GANG GA,中国铁路青藏集团,西藏自治区 林芝市 米林县,93.2205,30.6201,92862525,94.34261455,29.32314704,西藏自治区,林芝市,米林县
1954,贡嘎,GONG GA,中国铁路青藏集团,西藏自治区 山南市 贡嘎县,89.874,30.5863,92737380,91.0459774,29.28967152,西藏自治区,山南市,贡嘎县
2155,加查,JIA CHA,中国铁路青藏集团,西藏自治区 山南市 加查县,91.4257,30.4388,92795781,92.57455707,29.14358752,西藏自治区,山南市,加查县
2363,朗县,LANG XIAN,中国铁路青藏集团,西藏自治区 林芝市 朗县,91.8994,30.3411,92812467,93.04119894,29.04682544,西藏自治区,林芝市,朗县
2416,米林,MI LIN,中国铁路青藏集团,西藏自治区 林芝市 米林县,93.0937,30.5272,92854182,94.21770387,29.23113888,西藏自治区,林芝市,米林县
2613,仁布,REN BU,中国铁路青藏集团,西藏自治区 日喀则市 仁布县,88.6278,30.6102,17680815,89.81834578,29.31334208,西藏自治区,日喀则市,仁布县
2691,山南,SHAN NAN,中国铁路青藏集团,西藏自治区 山南市 乃东区,90.6008,30.5458,92762409,91.76194808,29.24956032,西藏自治区,山南市,乃东区
2703,桑日,SANG RI,中国铁路青藏集团,西藏自治区 山南市 桑日县,90.8788,30.5579,92770752,92.03580588,29.26154416,西藏自治区,山南市,桑日县
3220,扎囊,ZHA NANG,中国铁路青藏集团,西藏自治区 山南市 扎囊县,90.1775,30.5594,92745723,91.34495525,29.26302976,西藏自治区,山南市,扎囊县
1327,香港西九龙,HONG KONG WEST KOWLOON,香港铁路,香港特别行政区,113.3425,23.5298,567182,114.1647968,22.30091392,香港特别行政区,香港特别行政区,
125,乌鲁木齐南,WU LU MU QI NAN,中国铁路乌鲁木齐局,新疆维吾尔自治区 乌鲁木齐市 沙依巴克区,86.3627,45.2153,11700826,87.58699577,43.77823312,新疆维吾尔自治区,乌鲁木齐市,沙依巴克区
126,乌鲁木齐,WU LU MU QI,中国铁路乌鲁木齐局,新疆维吾尔自治区 乌鲁木齐市 沙依巴克区,86.3063,45.2763,33620505,87.53143613,43.83864752,新疆维吾尔自治区,乌鲁木齐市,沙依巴克区
163,阿克苏,A KE SU,中国铁路乌鲁木齐局,新疆维吾尔自治区 阿克苏地区 阿克苏市,78.9771,42.5536,34120584,80.31144121,41.14208544,新疆维吾尔自治区,阿克苏地区,阿克苏市
164,阿克陶,A KE TAO,中国铁路乌鲁木齐局,新疆维吾尔自治区 克孜勒苏柯尔克孜自治州 阿克陶县,74.5811,40.5591,34240865,75.98094161,39.16673264,新疆维吾尔自治区,克孜勒苏柯尔克孜自治州,阿克陶县
165,阿拉尔,A LA ER,中国铁路乌鲁木齐局,新疆维吾尔自治区 阿拉尔市,79.8935,41.9585,95064540,81.21418685,40.5526984,新疆维吾尔自治区,阿拉尔市,
167,阿拉山口,A LA SHAN KOU,中国铁路乌鲁木齐局,新疆维吾尔自治区 博尔塔拉蒙古自治州 阿拉山口市,81.2774,46.6211,33830520,82.57746674,45.17053744,新疆维吾尔自治区,博尔塔拉蒙古自治州,阿拉山口市
168,阿勒泰,A LE TAI,中国铁路乌鲁木齐局,新疆维吾尔自治区 阿勒泰地区 阿勒泰市,86.8897,49.1923,63065125,88.10614347,47.71705392,新疆维吾尔自治区,阿勒泰地区,阿勒泰市
186,巴楚,BA CHU,中国铁路乌鲁木齐局,新疆维吾尔自治区 喀什地区 巴楚县,77.1936,41.2341,34170262,78.55451536,39.83525264,新疆维吾尔自治区,喀什地区,巴楚县
211,博乐,BO LE,中国铁路乌鲁木齐局,新疆维吾尔自治区 波尔塔拉蒙古自治州 博乐市,80.81,46.3494,88464498,82.117031,44.90144576,新疆维吾尔自治区,波尔塔拉蒙古自治州,博乐市
223,北屯市,BEI TUN SHI,中国铁路乌鲁木齐局,新疆维吾尔自治区 北屯市,86.5392,48.7953,52990432,87.76086592,47.32386512,新疆维吾尔自治区,北屯市,
325,达坂城,DA BAN CHENG,中国铁路乌鲁木齐局,新疆维吾尔自治区 乌鲁木齐市 达坂城区,87.0864,44.7861,11650527,88.29991264,43.35315344,新疆维吾尔自治区,乌鲁木齐市,达坂城区
420,福海,FU HAI,中国铁路乌鲁木齐局,新疆维吾尔自治区 阿勒泰地区 福海县,86.2374,48.5916,52980002,87.46356274,47.12212064,新疆维吾尔自治区,阿勒泰地区,福海县
452,富蕴,FU YUN,中国铁路乌鲁木齐局,新疆维吾尔自治区 阿勒泰地区 富蕴县,88.3129,48.402,90810439,89.50813779,46.9343408,新疆维吾尔自治区,阿勒泰地区,富蕴县
535,霍尔果斯,HUO ER GUO SI,中国铁路乌鲁木齐局,新疆维吾尔自治区 伊犁哈萨克自治州 霍尔果斯市,79.1289,45.5963,54460089,80.46097939,44.15557552,新疆维吾尔自治区,伊犁哈萨克自治州,霍尔果斯市
548,和静,HE JING,中国铁路乌鲁木齐局,新疆维吾尔自治区 巴音郭楞蒙古自治州 和静县,85.1324,43.7309,90046061,86.37502724,42.30808336,新疆维吾尔自治区,巴音郭楞蒙古自治州,和静县
571,哈密,HA MI,中国铁路乌鲁木齐局,新疆维吾尔自治区 哈密市 伊州区,92.376,44.2759,11440074,93.5106976,42.84785136,新疆维吾尔自治区,哈密市,伊州区
586,和什托洛盖,HE SHI TUO LUO GAI,中国铁路乌鲁木齐局,新疆维吾尔自治区 塔城地区 和布克赛尔蒙古自治县,85.0341,47.8706,52930682,86.27819191,46.40804224,新疆维吾尔自治区,塔城地区,和布克赛尔蒙古自治县
588,和硕,HE SHUO,中国铁路乌鲁木齐局,新疆维吾尔自治区 巴音郭楞蒙古自治州 和硕县,85.6444,43.7244,33940972,86.87939844,42.30164576,新疆维吾尔自治区,巴音郭楞蒙古自治州,和硕县
599,和田,HE TIAN,中国铁路乌鲁木齐局,新疆维吾尔自治区 和田地区 和田市,78.5714,38.5314,34370444,79.91178614,37.15849856,新疆维吾尔自治区,和田地区,和田市
643,精河南,JING HE NAN,中国铁路乌鲁木齐局,新疆维吾尔自治区 博尔塔拉蒙古自治州 精河县,81.6295,46.0502,33850215,82.92432045,44.60511808,新疆维吾尔自治区,博尔塔拉蒙古自治州,精河县
711,库车,KU CHE,中国铁路乌鲁木齐局,新疆维吾尔自治区 阿克苏地区 库车市,81.726,43.1083,34060454,83.0193826,41.69146032,新疆维吾尔自治区,阿克苏地区,库车市
713,库尔勒,KU ER LE,中国铁路乌鲁木齐局,新疆维吾尔自治区 巴音郭楞蒙古自治州 库尔勒市,84.9532,43.1626,33970427,86.19849732,41.74523904,新疆维吾尔自治区,巴音郭楞蒙古自治州,库尔勒市
724,克拉玛依,KE LA MA YI,中国铁路乌鲁木齐局,新疆维吾尔自治区 克拉玛依市 克拉玛依区,83.6343,46.9815,52860756,84.89924893,45.5274776,新疆维吾尔自治区,克拉玛依市,克拉玛依区
725,喀什,KA SHI,中国铁路乌鲁木齐局,新疆维吾尔自治区 喀什地区 喀什市,74.6545,40.8864,34220027,76.05324795,39.49089056,新疆维吾尔自治区,喀什地区,喀什市
729,奎屯,KUI TUN,中国铁路乌鲁木齐局,新疆维吾尔自治区 伊犁哈萨克自治州 奎屯市,83.6391,45.8455,33720288,84.90397741,44.4023832,新疆维吾尔自治区,伊犁哈萨克自治州,奎屯市
878,米兰,MI LAN,中国铁路乌鲁木齐局,新疆维吾尔自治区 巴音郭楞蒙古自治州 若羌县,87.6798,40.5311,91694409,88.88447098,39.13900144,新疆维吾尔自治区,巴音郭楞蒙古自治州,若羌县
886,玛纳斯,MA NA SI,中国铁路乌鲁木齐局,新疆维吾尔自治区 昌吉回族自治州 玛纳斯县,84.9537,45.6892,33670748,86.19898987,44.24758368,新疆维吾尔自治区,昌吉回族自治州,玛纳斯县
901,墨玉,MO YU,中国铁路乌鲁木齐局,新疆维吾尔自治区 和田地区 墨玉县,78.3943,38.5947,34360004,79.73732493,37.22119088,新疆维吾尔自治区,和田地区,墨玉县
976,皮山,PI SHAN,中国铁路乌鲁木齐局,新疆维吾尔自治区 和田地区 皮山县,76.9237,38.94,34330015,78.28863687,37.563176,新疆维吾尔自治区,和田地区,皮山县
1055,若羌,RUO QIANG,中国铁路乌鲁木齐局,新疆维吾尔自治区 巴音郭楞蒙古自治州 若羌县,87.0407,40.3929,91711097,88.25489357,39.00212816,新疆维吾尔自治区,巴音郭楞蒙古自治州,若羌县
1062,莎车,SHA CHE,中国铁路乌鲁木齐局,新疆维吾尔自治区 喀什地区 莎车县,75.855,39.7579,34290562,77.2358605,38.37322416,新疆维吾尔自治区,喀什地区,莎车县
1080,石河子,SHI HE ZI,中国铁路乌鲁木齐局,新疆维吾尔自治区 石河子市,84.8187,45.7085,33680242,86.06600137,44.2666984,新疆维吾尔自治区,石河子市,
1093,四棵树,SI KE SHU,中国铁路乌鲁木齐局,新疆维吾尔自治区 塔城地区 乌苏市,83.0432,45.8496,33750158,84.31695632,44.40644384,新疆维吾尔自治区,塔城地区,乌苏市
1132,鄯善北,SHAN SHAN BEI,中国铁路乌鲁木齐局,新疆维吾尔自治区 吐鲁番市 鄯善县,89.0145,44.3452,55320435,90.19928395,42.91648608,新疆维吾尔自治区,吐鲁番市,鄯善县
1184,塔城,TA CHENG,中国铁路乌鲁木齐局,新疆维吾尔自治区 塔城地区 塔城市,81.6945,48.1631,88432760,82.98835195,46.69773424,新疆维吾尔自治区,塔城地区,塔城市
1192,吐哈,TU HA,中国铁路乌鲁木齐局,新疆维吾尔自治区 吐鲁番市 鄯善县,89.3548,44.4874,55310434,90.53451348,43.05732096,新疆维吾尔自治区,吐鲁番市,鄯善县
1207,吐鲁番北,TU LU FAN BEI,中国铁路乌鲁木齐局,新疆维吾尔自治区 吐鲁番市 高昌区,87.9115,44.4506,55340838,89.11271865,43.02087424,新疆维吾尔自治区,吐鲁番市,高昌区
1208,吐鲁番,TU LU FAN,中国铁路乌鲁木齐局,新疆维吾尔自治区 吐鲁番市 高昌区,87.673,44.5797,11630452,88.8777723,43.14873488,新疆维吾尔自治区,吐鲁番市,高昌区
1219,图木舒克,TU MU SHU KE,中国铁路乌鲁木齐局,新疆维吾尔自治区 图木舒克市,77.6422,41.2918,92386974,78.99643122,39.89239872,新疆维吾尔自治区,图木舒克市,
1282,乌苏,WU SU,中国铁路乌鲁木齐局,新疆维吾尔自治区 塔城地区 乌苏市,83.454,45.8507,33740575,84.7216354,44.40753328,新疆维吾尔自治区,塔城地区,乌苏市
1290,乌西,WU XI,中国铁路乌鲁木齐局,新疆维吾尔自治区 乌鲁木齐市 头屯河区,86.1956,45.3048,33630245,87.42238556,43.86687392,新疆维吾尔自治区,乌鲁木齐市,头屯河区
1426,叶城,YE CHENG,中国铁路乌鲁木齐局,新疆维吾尔自治区 喀什地区 叶城县,76.1002,39.2723,34310348,77.47740702,37.89228592,新疆维吾尔自治区,喀什地区,叶城县
1448,英吉沙,YING JI SHA,中国铁路乌鲁木齐局,新疆维吾尔自治区 喀什地区 英吉沙县,74.7716,40.3577,34250056,76.16860316,38.96726608,新疆维吾尔自治区,喀什地区,英吉沙县
1474,伊宁东,YI NING DONG,中国铁路乌鲁木齐局,新疆维吾尔自治区 伊犁哈萨克自治州 伊宁县,80.1893,45.392,54430606,81.50557943,43.9532368,新疆维吾尔自治区,伊犁哈萨克自治州,伊宁县
1475,伊宁,YI NING,中国铁路乌鲁木齐局,新疆维吾尔自治区 伊犁哈萨克自治州 伊宁县,79.9615,45.4053,54440491,81.28117365,43.96640912,新疆维吾尔自治区,伊犁哈萨克自治州,伊宁县
1487,焉耆,YAN QI,中国铁路乌鲁木齐局,新疆维吾尔自治区 巴音郭楞蒙古自治州 焉耆回族自治县,85.3095,43.4946,33950057,86.54948845,42.07405184,新疆维吾尔自治区,巴音郭楞蒙古自治州,焉耆回族自治县
1510,依吞布拉克,YI TUN BU LA KE,中国铁路乌鲁木齐局,新疆维吾尔自治区 巴音郭楞蒙古自治州 若羌县,88.9669,39.7669,91644345,90.15239319,38.38213776,新疆维吾尔自治区,巴音郭楞蒙古自治州,若羌县
1538,准东,ZHUN DONG,中国铁路乌鲁木齐局,新疆维吾尔自治区 昌吉回族自治州 吉木萨尔县,87.9139,46.1813,90031944,89.11508289,44.73495952,新疆维吾尔自治区,昌吉回族自治州,吉木萨尔县
1575,泽普,ZE PU,中国铁路乌鲁木齐局,新疆维吾尔自治区 喀什地区 泽普县,75.9324,39.5605,34300781,77.31210724,38.1777192,新疆维吾尔自治区,喀什地区,泽普县
1630,阿图什,A TU SHI,中国铁路乌鲁木齐局,新疆维吾尔自治区 克孜勒苏柯尔克孜自治州 阿图什市,74.8304,41.1166,34210266,76.22652704,39.71888064,新疆维吾尔自治区,克孜勒苏柯尔克孜自治州,阿图什市
1633,阿瓦提,A WA TI,中国铁路乌鲁木齐局,新疆维吾尔自治区 阿克苏地区 阿瓦提县,79.0415,42.0835,95031182,80.37488165,40.6764984,新疆维吾尔自治区,阿克苏地区,阿瓦提县
1660,博乐东,BO LE DONG,中国铁路乌鲁木齐局,新疆维吾尔自治区 双河市,81.3553,46.3801,33810378,82.65420603,44.93185104,新疆维吾尔自治区,双河市,
1663,布列开,BU LIE KAI,中国铁路乌鲁木齐局,新疆维吾尔自治区 伊犁哈萨克自治州 伊宁县,80.4863,45.3367,54420228,81.79815413,43.89846768,新疆维吾尔自治区,伊犁哈萨克自治州,伊宁县
1722,策勒,CE LE,中国铁路乌鲁木齐局,新疆维吾尔自治区 和田地区 策勒县,79.5119,38.3428,96599008,80.83827269,36.97170912,新疆维吾尔自治区,和田地区,策勒县
1884,额敏,E MIN,中国铁路乌鲁木齐局,新疆维吾尔自治区 塔城地区 额敏县,82.3078,48.026,88422194,83.59251378,46.5619504,新疆维吾尔自治区,塔城地区,额敏县
2036,霍城,HUO CHENG,中国铁路乌鲁木齐局,新疆维吾尔自治区 伊犁哈萨克自治州 霍城县,79.516,45.4974,54450522,80.8423116,44.05762496,新疆维吾尔自治区,伊犁哈萨克自治州,霍城县
2166,精河,JING HE,中国铁路乌鲁木齐局,新疆维吾尔自治区 博尔塔拉蒙古自治州 精河县,81.7343,46.081,33780268,83.02755893,44.6356224,新疆维吾尔自治区,博尔塔拉蒙古自治州,精河县
2195,金山,JIN SHAN,中国铁路乌鲁木齐局,新疆维吾尔自治区 巴音郭楞蒙古自治州 且末县,84.106,39.5749,96765798,85.3639206,38.19198096,新疆维吾尔自治区,巴音郭楞蒙古自治州,且末县
2247,库尔木依,KU ER MU YI,中国铁路乌鲁木齐局,新疆维吾尔自治区 巴音郭楞蒙古自治州 尉犁县,85.9962,42.2368,91761161,87.22595662,40.82832672,新疆维吾尔自治区,巴音郭楞蒙古自治州,尉犁县
2257,昆玉,KUN YU,中国铁路乌鲁木齐局,新疆维吾尔自治区 昆玉市,77.932,38.5933,34350966,79.2819132,37.21980432,新疆维吾尔自治区,昆玉市,
2332,洛浦,LUO PU,中国铁路乌鲁木齐局,新疆维吾尔自治区 和田地区 洛浦县,78.8851,38.4421,96565650,80.22081201,37.07005584,新疆维吾尔自治区,和田地区,洛浦县
2354,轮台,LUN TAI,中国铁路乌鲁木齐局,新疆维吾尔自治区 巴音郭楞蒙古自治州 轮台县,82.8474,43.2771,34040778,84.12407374,41.85863984,新疆维吾尔自治区,巴音郭楞蒙古自治州,轮台县
2404,民丰,MIN FENG,中国铁路乌鲁木齐局,新疆维吾尔自治区 和田地区 民丰县,81.4298,38.3884,96665724,82.72759598,37.01687136,新疆维吾尔自治区,和田地区,民丰县
2410,马兰,MA LAN,中国铁路乌鲁木齐局,新疆维吾尔自治区 巴音郭楞蒙古自治州 和硕县,86.1555,43.6546,33930619,87.38288305,42.23251584,新疆维吾尔自治区,巴音郭楞蒙古自治州,和硕县
2422,玛纳斯湖,MA NA SI HU,中国铁路乌鲁木齐局,新疆维吾尔自治区 塔城地区 和布克赛尔蒙古自治县,84.6315,47.3697,52900197,85.88159065,45.91195088,新疆维吾尔自治区,塔城地区,和布克赛尔蒙古自治县
2469,尼勒克,NI LE KE,中国铁路乌鲁木齐局,新疆维吾尔自治区 伊犁哈萨克自治州 尼勒克县,80.7436,45.4044,54410104,82.05162036,43.96551776,新疆维吾尔自治区,伊犁哈萨克自治州,尼勒克县
2475,南屯,NAN TUN,中国铁路乌鲁木齐局,新疆维吾尔自治区 巴音郭楞蒙古自治州 且末县,82.875,39.1172,96715761,84.1512625,37.73867488,新疆维吾尔自治区,巴音郭楞蒙古自治州,且末县
2574,且末,QIE MO,中国铁路乌鲁木齐局,新疆维吾尔自治区 巴音郭楞蒙古自治州 且末县,84.2394,39.5667,96782477,85.49533294,38.18385968,新疆维吾尔自治区,巴音郭楞蒙古自治州,且末县
2661,双河市,SHUANG HE SHI,中国铁路乌鲁木齐局,新疆维吾尔自治区 博尔塔拉蒙古自治州 博乐市,81.1138,46.3506,88453891,82.41630438,44.90263424,新疆维吾尔自治区,博尔塔拉蒙古自治州,博乐市
2679,疏勒,SHU LE,中国铁路乌鲁木齐局,新疆维吾尔自治区 喀什地区 疏勒县,74.5982,40.7758,34230827,75.99778682,39.38135232,新疆维吾尔自治区,喀什地区,疏勒县
2707,鄯善,SHAN SHAN,中国铁路乌鲁木齐局,新疆维吾尔自治区 吐鲁番市 鄯善县,89.3067,44.5262,11560490,90.48713017,43.09574848,新疆维吾尔自治区,吐鲁番市,鄯善县
2726,沙湾市,SHA WAN SHI,中国铁路乌鲁木齐局,新疆维吾尔自治区 塔城地区 沙湾市,84.358,45.7633,33700503,85.6121658,44.32097232,新疆维吾尔自治区,塔城地区,沙湾市
2781,铁厂沟,TIE CHANG GOU,中国铁路乌鲁木齐局,新疆维吾尔自治区 塔城地区 托里县,83.118,47.632,88400793,84.3906418,46.1717328,新疆维吾尔自治区,塔城地区,托里县
2793,铁干里克,TIE GAN LI KE,中国铁路乌鲁木齐局,新疆维吾尔自治区 巴音郭楞蒙古自治州 尉犁县,86.4555,42.0319,91752817,87.67841305,40.62539376,新疆维吾尔自治区,巴音郭楞蒙古自治州,尉犁县
2882,魏家泉,WEI JIA QUAN,中国铁路乌鲁木齐局,新疆维吾尔自治区 昌吉回族自治州 阜康市,86.6039,45.5621,90021060,87.82460189,44.12170384,新疆维吾尔自治区,昌吉回族自治州,阜康市
2905,瓦石峡,WA SHI XIA,中国铁路乌鲁木齐局,新疆维吾尔自治区 巴音郭楞蒙古自治州 若羌县,86.1591,40.1002,96849193,87.38642941,38.71223808,新疆维吾尔自治区,巴音郭楞蒙古自治州,若羌县
2913,五五,WU WU,中国铁路乌鲁木齐局,新疆维吾尔自治区 克拉玛依市 克拉玛依区,83.5564,46.3059,52830327,84.82250964,44.85836336,新疆维吾尔自治区,克拉玛依市,克拉玛依区
2965,新和,XIN HE,中国铁路乌鲁木齐局,新疆维吾尔自治区 阿克苏地区 新和县,81.3239,42.989,34080277,82.62327389,41.5733056,新疆维吾尔自治区,阿克苏地区,新和县
3108,英库勒,YING KU LE,中国铁路乌鲁木齐局,新疆维吾尔自治区 巴音郭楞蒙古自治州 尉犁县,85.6879,42.3317,91769505,86.92225029,40.92231568,新疆维吾尔自治区,巴音郭楞蒙古自治州,尉犁县
3113,尉犁,YU LI,中国铁路乌鲁木齐局,新疆维吾尔自治区 巴音郭楞蒙古自治州 尉犁县,85.0977,42.7669,91786193,86.34084427,41.35333776,新疆维吾尔自治区,巴音郭楞蒙古自治州,尉犁县
3130,玉泉镇,YU QUAN ZHEN,中国铁路乌鲁木齐局,新疆维吾尔自治区 和田地区 于田县,79.985,38.2589,96615687,81.3043235,36.88861456,新疆维吾尔自治区,和田地区,于田县
3152,于田,YU TIAN,中国铁路乌鲁木齐局,新疆维吾尔自治区 和田地区 于田县,80.3374,38.1802,96632366,81.65147274,36.81067008,新疆维吾尔自治区,和田地区,于田县
3306,铁门关,TIE MEN GUAN,中国铁路乌鲁木齐局,新疆维吾尔自治区 巴音郭楞蒙古自治州 库尔勒市,84.4487,43.291,34000020,85.70151437,41.8724064,新疆维吾尔自治区,巴音郭楞蒙古自治州,库尔勒市
22,班猫箐,BAN MAO QING,中国铁路昆明局,云南省 昆明市 宜良县,102.2156,26.1853,15730004,103.2036876,24.93092112,云南省,昆明市,宜良县
37,读书铺,DU SHU PU,中国铁路昆明局,云南省 昆明市 安宁市,101.5615,26.2039,14640782,102.5593337,24.94934256,云南省,昆明市,安宁市
46,广南卫,GUANG NAN WEI,中国铁路昆明局,云南省 昆明市 呈贡区,101.9059,26.1753,15790439,102.8986021,24.92101712,云南省,昆明市,呈贡区
71,金马村,JIN MA CUN,中国铁路昆明局,云南省 昆明市 官渡区,101.8512,26.2764,18760682,102.8447171,25.02114656,云南省,昆明市,官渡区
75,昆明,KUN MING,中国铁路昆明局,云南省 昆明市 官渡区,101.7297,26.2712,14670778,102.7250275,25.01599648,云南省,昆明市,官渡区
76,昆明南,KUN MING NAN,中国铁路昆明局,云南省 昆明市 呈贡区,101.8717,26.1252,9000733,102.8649117,24.87139808,云南省,昆明市,呈贡区
81,乐善村,LE SHAN CUN,中国铁路昆明局,云南省 昆明市 宜良县,102.1645,26.2796,15750164,103.153349,25.02431584,云南省,昆明市,宜良县
89,茂舍祖,MAO SHE ZU,中国铁路昆明局,云南省 昆明市 石林彝族自治县,102.4346,26.1112,15700596,103.4194245,24.85753248,云南省,昆明市,石林彝族自治县
105,七甸,QI DIAN,中国铁路昆明局,云南省 昆明市 呈贡区,101.9921,26.1864,15780037,102.9835177,24.93201056,云南省,昆明市,呈贡区
110,施家嘴,SHI JIA ZUI,中国铁路昆明局,云南省 昆明市 宜良县,102.0021,26.2057,15770135,102.9933687,24.95112528,云南省,昆明市,宜良县
132,西街口,XI JIE KOU,中国铁路昆明局,云南省 昆明市 石林彝族自治县,102.5344,26.0757,15690346,103.5177374,24.82237328,云南省,昆明市,石林彝族自治县
135,小哨,XIAO SHAO,中国铁路昆明局,云南省 昆明市 官渡区,102.0045,26.4239,18750878,102.995733,25.16723056,云南省,昆明市,官渡区
139,永丰营,YONG FENG YING,中国铁路昆明局,云南省 昆明市 宜良县,102.0768,26.2283,15760496,103.0669557,24.97350832,云南省,昆明市,宜良县
141,宜耐,YI NAI,中国铁路昆明局,云南省 昆明市 石林彝族自治县,102.6197,26.095,15680795,103.6017665,24.841488,云南省,昆明市,石林彝族自治县
142,羊堡,YANG PU,中国铁路昆明局,云南省 昆明市 官渡区,101.8163,26.2238,15810325,102.8103371,24.96905152,云南省,昆明市,官渡区
298,楚雄,CHU XIONG,中国铁路昆明局,云南省 楚雄彝族自治州 楚雄市,100.5347,26.3397,90152024,101.547833,25.08383888,云南省,楚雄彝族自治州,楚雄市
359,大理,DA LI,中国铁路昆明局,云南省 大理白族自治州 大理市,99.2232,26.8516,14860074,100.2558743,25.59082464,云南省,大理白族自治州,大理市
434,富宁,FU NING,中国铁路昆明局,云南省 文山壮族苗族自治州 富宁县,104.6361,24.9144,64310379,105.5881221,23.67222176,云南省,文山壮族苗族自治州,富宁县
453,富源,FU YUAN,中国铁路昆明局,云南省 曲靖市 富源县,103.299,26.9447,39440580,104.2709449,25.68303088,云南省,曲靖市,富源县
483,广南县,GUANG NAN XIAN,中国铁路昆明局,云南省 文山壮族苗族自治州 广南县,104.0911,25.2802,64330192,105.0512426,24.03451008,云南省,文山壮族苗族自治州,广南县
491,广通北,GUANG TONG BEI,中国铁路昆明局,云南省 楚雄彝族自治州 禄丰市,100.7586,26.4221,14610091,101.7683969,25.16544784,云南省,楚雄彝族自治州,禄丰市
541,红河,HONG HE,中国铁路昆明局,云南省 红河哈尼族彝族自治州 蒙自市,102.3687,24.6898,97649670,103.3545064,23.44977792,云南省,红河哈尼族彝族自治州,蒙自市
552,河口北,HE KOU BEI,中国铁路昆明局,云南省 红河哈尼族彝族自治州 河口瑶族自治县,103.0017,23.7607,38720808,103.9780747,22.52959728,云南省,红河哈尼族彝族自治州,河口瑶族自治县
578,鹤庆,HE QING,中国铁路昆明局,云南省 大理白族自治州 鹤庆县,99.1879,27.8284,14950714,100.2211003,26.55824736,云南省,大理白族自治州,鹤庆县
731,昆阳,KUN YANG,中国铁路昆明局,云南省 昆明市 晋宁区,101.6158,25.9157,38600359,102.6128246,24.66390928,云南省,昆明市,晋宁区
742,临沧,LIN CANG,中国铁路昆明局,云南省 临沧市 临翔区,99.0824,25.1754,92353602,100.1171722,23.93071616,云南省,临沧市,临翔区
784,丽江,LI JIANG,中国铁路昆明局,云南省 丽江市 玉龙纳西族自治县,99.2235,28.0855,14970141,100.2561699,26.8128792,云南省,丽江市,玉龙纳西族自治县
802,罗平,LUO PING,中国铁路昆明局,云南省 曲靖市 罗平县,103.3462,26.163,15600395,104.3174416,24.9088352,云南省,曲靖市,罗平县
873,磨憨,MO HAN,中国铁路昆明局,云南省 西双版纳傣族自治州 勐腊县,100.7125,22.4691,93663453,101.7229838,21.25039664,云南省,西双版纳傣族自治州,勐腊县
879,勐腊,MENG LA,中国铁路昆明局,云南省 西双版纳傣族自治州 勐腊县,100.5798,22.6455,93646767,101.592261,21.4251032,云南省,西双版纳傣族自治州,勐腊县
881,弥勒,MI LE,中国铁路昆明局,云南省 红河哈尼族彝族自治州 弥勒市,102.4267,25.5858,64380517,103.4116422,24.33717632,云南省,红河哈尼族彝族自治州,弥勒市
907,蒙自,MENG ZI,中国铁路昆明局,云南省 红河哈尼族彝族自治州 蒙自市,102.4492,24.6128,38670009,103.4338069,23.37351712,云南省,红河哈尼族彝族自治州,蒙自市
963,普洱,PU ER,中国铁路昆明局,云南省 普洱市 思茅区,99.9233,24.0094,93496593,100.9455428,22.77590976,云南省,普洱市,思茅区
994,普者黑,PU ZHE HEI,中国铁路昆明局,云南省 文山壮族苗族自治州 丘北县,103.2076,25.2139,64350113,104.1809068,23.96884656,云南省,文山壮族苗族自治州,丘北县
1019,曲靖北,QU JING BEI,中国铁路昆明局,云南省 曲靖市 沾益区,102.8054,26.8519,8980615,103.7846995,25.59112176,云南省,曲靖市,沾益区
1022,曲靖,QU JING,中国铁路昆明局,云南省 曲靖市 麒麟区,102.8148,26.7878,18690779,103.7939595,25.52763712,云南省,曲靖市,麒麟区
1099,石林,SHI LIN,中国铁路昆明局,云南省 昆明市 石林彝族自治县,102.3452,26.1177,15710073,103.3313565,24.86397008,云南省,昆明市,石林彝族自治县
1103,石林西,SHI LIN XI,中国铁路昆明局,云南省 昆明市 石林彝族自治县,102.259,25.9073,64390149,103.2464409,24.65558992,云南省,昆明市,石林彝族自治县
1108,嵩明,SONG MING,中国铁路昆明局,云南省 昆明市 嵩明县,102.1528,26.5009,8990141,103.1418233,25.24349136,云南省,昆明市,嵩明县
1193,通海,TONG HAI,中国铁路昆明局,云南省 玉溪市 通海县,101.6758,25.3632,38630069,102.6719306,24.11671328,云南省,玉溪市,通海县
1369,西双版纳,XI SHUANG BAN NA,中国铁路昆明局,云南省 西双版纳傣族自治州 景洪市,99.7515,23.2085,93546651,100.7763027,21.9826984,云南省,西双版纳傣族自治州,景洪市
1377,宣威,XUAN WEI,中国铁路昆明局,云南省 曲靖市 宣威市,103.147,27.4763,18630682,104.1212097,26.20952752,云南省,曲靖市,宣威市
1386,小新街,XIAO XIN JIE,中国铁路昆明局,云南省 昆明市 嵩明县,102.2392,26.5677,18730640,103.2269359,25.30965008,云南省,昆明市,嵩明县
1400,祥云,XIANG YUN,中国铁路昆明局,云南省 大理白族自治州 祥云县,99.5343,26.712,90156786,100.5623389,25.4525648,云南省,大理白族自治州,祥云县
1455,宜良北,YI LIANG BEI,中国铁路昆明局,云南省 昆明市 宜良县,102.205,26.2387,15740286,103.1932455,24.98380848,云南省,昆明市,宜良县
1462,杨林,YANG LIN,中国铁路昆明局,云南省 昆明市 嵩明县,102.0985,26.4944,18740452,103.0883324,25.23705376,云南省,昆明市,嵩明县
1472,元谋西,YUAN MOU XI,中国铁路昆明局,云南省 楚雄彝族自治州 元谋县,100.835,26.9717,90320991,101.8436585,25.70977168,云南省,楚雄彝族自治州,元谋县
1515,玉溪,YU XI,中国铁路昆明局,云南省 玉溪市 红塔区,101.5164,25.5886,38610395,102.5149056,24.33994944,云南省,玉溪市,红塔区
1588,昭通,ZHAO TONG,中国铁路成都局,云南省 昭通市 昭阳区,102.8146,28.6662,39870791,103.7937625,27.38800448,云南省,昭通市,昭阳区
1591,镇雄,ZHEN XIONG,中国铁路成都局,云南省 昭通市 镇雄县,104.1646,28.8805,89832801,105.1236475,27.6002472,云南省,昭通市,镇雄县
1627,阿南庄,A NAN ZHUANG,中国铁路昆明局,云南省 楚雄彝族自治州 禄丰市,100.8104,26.703,14450174,101.819425,25.4436512,云南省,楚雄彝族自治州,禄丰市
1677,白沙坡,BAI SHA PO,中国铁路昆明局,云南省 曲靖市 沾益区,102.892,26.9203,39490784,103.8700092,25.65886512,云南省,曲靖市,沾益区
1680,白水镇,BAI SHUI ZHEN,中国铁路昆明局,云南省 曲靖市 沾益区,103.0293,26.9223,39470823,104.0052634,25.66084592,云南省,曲靖市,沾益区
1731,长坡岭,CHANG PO LING,中国铁路昆明局,云南省 曲靖市 师宗县,102.9431,26.0926,15650897,103.9203478,24.83911104,云南省,曲靖市,师宗县
1765,车转湾,CHE ZHUAN WAN,中国铁路昆明局,云南省 曲靖市 富源县,103.1801,26.955,39460474,104.1538165,25.693232,云南省,曲靖市,富源县
1839,大田边,DA TIAN BIAN,中国铁路昆明局,云南省 曲靖市 富源县,103.7555,26.4759,15540635,104.7206431,25.21873136,云南省,曲靖市,富源县
1851,甸心,DIAN XIN,中国铁路昆明局,云南省 楚雄彝族自治州 禄丰市,100.7122,26.5756,14480122,101.7226882,25.31747424,云南省,楚雄彝族自治州,禄丰市
1886,峨山,E SHAN,中国铁路昆明局,云南省 玉溪市 峨山彝族自治县,101.3921,25.4361,93396477,102.3924577,24.18891344,云南省,玉溪市,峨山彝族自治县
1932,富源北,FU YUAN BEI,中国铁路昆明局,云南省 曲靖市 富源县,103.2954,26.9764,8970438,104.2673985,25.71442656,云南省,曲靖市,富源县
1961,个旧,GE JIU,中国铁路昆明局,云南省 红河哈尼族彝族自治州 个旧市,102.2265,24.7573,65450585,103.2144252,23.51662992,云南省,红河哈尼族彝族自治州,个旧市
1963,橄榄坝,GAN LAN BA,中国铁路昆明局,云南省 西双版纳傣族自治州 景洪市,99.9285,23.0947,93580023,100.9506654,21.86999088,云南省,西双版纳傣族自治州,景洪市
2010,果珠,GUO ZHU,中国铁路成都局,云南省 昭通市 镇雄县,104.0201,28.9376,100584156,104.9813005,27.65679904,云南省,昭通市,镇雄县
2058,黑井,HEI JING,中国铁路昆明局,云南省 楚雄彝族自治州 禄丰市,100.735,26.6081,14470235,101.7451485,25.34966224,云南省,楚雄彝族自治州,禄丰市
2087,化念,HUA NIAN,中国铁路昆明局,云南省 玉溪市 峨山彝族自治县,101.233,25.2891,93413163,102.2357283,24.04332464,云南省,玉溪市,峨山彝族自治县
2197,建水,JIAN SHUI,中国铁路昆明局,云南省 红河哈尼族彝族自治州 建水县,101.8828,24.9007,38650559,102.8758463,23.65865328,云南省,红河哈尼族彝族自治州,建水县
2206,江所田,JIANG SUO TIAN,中国铁路昆明局,云南省 曲靖市 罗平县,103.5117,26.2264,15580484,104.4804757,24.97162656,云南省,曲靖市,罗平县
2256,开远南,KAI YUAN NAN,中国铁路昆明局,云南省 红河哈尼族彝族自治州 开远市,102.3007,24.9225,97632996,103.2875196,23.680244,云南省,红河哈尼族彝族自治州,开远市
2281,禄丰南,LU FENG NAN,中国铁路昆明局,云南省 楚雄彝族自治州 禄丰市,101.0613,26.3766,14620798,102.0665866,25.12038464,云南省,楚雄彝族自治州,禄丰市
2284,龙骨甸,LONG GU DIAN,中国铁路昆明局,云南省 楚雄彝族自治州 禄丰市,100.7701,26.6699,14460307,101.7797255,25.41086896,云南省,楚雄彝族自治州,禄丰市
2286,芦沟,LU GOU,中国铁路昆明局,云南省 曲靖市 罗平县,103.4149,26.2036,15590177,104.385118,24.94904544,云南省,曲靖市,罗平县
2319,陆良,LU LIANG,中国铁路昆明局,云南省 曲靖市 陆良县,102.7196,26.1012,15670682,103.700178,24.84762848,云南省,曲靖市,陆良县
2355,龙塘坝,LONG TANG BA,中国铁路昆明局,云南省 楚雄彝族自治州 禄丰市,100.6922,26.5056,14490301,101.7029862,25.24814624,云南省,楚雄彝族自治州,禄丰市
2408,墨江,MO JIANG,中国铁路昆明局,云南省 普洱市 墨江哈尼族自治县,100.7341,24.6737,93446535,101.7442619,23.43383248,云南省,普洱市,墨江哈尼族自治县
2419,马龙,MA LONG,中国铁路昆明局,云南省 曲靖市 马龙区,102.643,26.7464,18700240,103.6247193,25.48663456,云南省,曲靖市,马龙区
2448,宁洱,NING ER,中国铁路昆明局,云南省 普洱市 宁洱哈尼族彝族自治县,100.0479,24.2844,93479907,101.0682863,23.04826976,云南省,普洱市,宁洱哈尼族彝族自治县
2454,南华,NAN HUA,中国铁路昆明局,云南省 楚雄彝族自治州 南华县,100.2467,26.4441,90153350,101.2641242,25.18723664,云南省,楚雄彝族自治州,南华县
2494,屏边,PING BIAN,中国铁路昆明局,云南省 红河哈尼族彝族自治州 屏边苗族自治县,102.6582,24.2501,38690071,103.6396928,23.01429904,云南省,红河哈尼族彝族自治州,屏边苗族自治县
2505,平河口,PING HE KOU,中国铁路昆明局,云南省 曲靖市 沾益区,102.9537,26.9327,39480255,103.9307899,25.67114608,云南省,曲靖市,沾益区
2511,朋普,PENG PU,中国铁路昆明局,云南省 红河哈尼族彝族自治州 弥勒市,102.359,25.2198,97616322,103.3449509,23.97468992,云南省,红河哈尼族彝族自治州,弥勒市
2560,曲江,QU JIANG,中国铁路昆明局,云南省 红河哈尼族彝族自治州 建水县,101.8555,25.2058,38640294,102.8489531,23.96082432,云南省,红河哈尼族彝族自治州,建水县
2651,水富,SHUI FU,中国铁路成都局,云南省 昭通市 水富市,103.4483,29.8992,39650132,104.4180203,28.60916768,云南省,昭通市,水富市
2771,师宗,SHI ZONG,中国铁路昆明局,云南省 曲靖市 师宗县,103.0454,26.0802,15640613,104.0211235,24.82683008,云南省,曲靖市,师宗县
2870,吴官田,WU GUAN TIAN,中国铁路昆明局,云南省 曲靖市 马龙区,102.5508,26.7454,18710320,103.5338931,25.48564416,云南省,曲靖市,马龙区
2903,巍山,WEI SHAN,中国铁路昆明局,云南省 大理白族自治州 巍山彝族回族自治县,99.2659,26.4877,92286858,100.2979381,25.23041808,云南省,大理白族自治州,巍山彝族回族自治县
2915,威信,WEI XIN,中国铁路成都局,云南省 昭通市 威信县,104.0986,29.1046,89822194,105.0586309,27.82219584,云南省,昭通市,威信县
2934,新安,XIN AN,中国铁路昆明局,云南省 曲靖市 师宗县,103.1363,26.0139,15630043,104.1106691,24.76116656,云南省,曲靖市,师宗县
2942,小村,XIAO CUN,中国铁路昆明局,云南省 楚雄彝族自治州 牟定县,100.8427,26.7435,14440463,101.8512438,25.4837624,云南省,楚雄彝族自治州,牟定县
2947,小得江,XIAO DE JIANG,中国铁路昆明局,云南省 曲靖市 罗平县,103.5968,26.2899,15570881,104.5643077,25.03451696,云南省,曲靖市,罗平县
3021,小湾东,XIAO WAN DONG,中国铁路昆明局,云南省 大理白族自治州 南涧彝族自治县,99.115,25.9638,92311887,100.1492865,24.71154752,云南省,大理白族自治州,南涧彝族自治县
3043,小月旧,XIAO YUE JIU,中国铁路昆明局,云南省 楚雄彝族自治州 元谋县,100.827,26.8505,14420775,101.8357777,25.5897352,云南省,楚雄彝族自治州,元谋县
3062,秧草地,YANG CAO DI,中国铁路昆明局,云南省 曲靖市 师宗县,102.8604,26.0745,15660534,103.83888,24.8211848,云南省,曲靖市,师宗县
3084,尹地,YIN DI,中国铁路昆明局,云南省 楚雄彝族自治州 元谋县,100.8244,26.8993,14410773,101.8332164,25.63806672,云南省,楚雄彝族自治州,元谋县
3099,羊臼河,YANG JIU HE,中国铁路昆明局,云南省 楚雄彝族自治州 牟定县,100.8273,26.7586,14430033,101.8360732,25.49871744,云南省,楚雄彝族自治州,牟定县
3100,元江,YUAN JIANG,中国铁路昆明局,云南省 玉溪市 元江哈尼族彝族傣族自治县,101.0051,24.9411,93429849,102.011224,23.69866544,云南省,玉溪市,元江哈尼族彝族傣族自治县
3110,以勒,YI LE,中国铁路成都局,云南省 昭通市 镇雄县,104.1623,28.8627,100600827,105.1213817,27.58261808,云南省,昭通市,镇雄县
3123,云南驿,YUN NAN YI,中国铁路昆明局,云南省 大理白族自治州 祥云县,99.6824,26.6395,90155411,100.7082322,25.3807608,云南省,大理白族自治州,祥云县
3131,永仁,YONG REN,中国铁路昆明局,云南省 楚雄彝族自治州 永仁县,100.7034,27.3158,90299689,101.7140193,26.05056832,云南省,楚雄彝族自治州,永仁县
3158,羊尾哨,YANG WEI SHAO,中国铁路昆明局,云南省 曲靖市 富源县,103.2645,26.9512,39450340,104.236959,25.68946848,云南省,曲靖市,富源县
3160,野象谷,YE XIANG GU,中国铁路昆明局,云南省 西双版纳傣族自治州 景洪市,99.836,23.3386,93529965,100.8595436,22.11154944,云南省,西双版纳傣族自治州,景洪市
3162,云县,YUN XIAN,中国铁路昆明局,云南省 临沧市 云县,99.0974,25.6482,92328573,100.1319487,24.39897728,云南省,临沧市,云县
3185,羊者窝,YANG ZHE WO,中国铁路昆明局,云南省 曲靖市 罗平县,103.3057,26.0853,15610033,104.2775451,24.83188112,云南省,曲靖市,罗平县
3199,照福铺,ZHAO FU PU,中国铁路昆明局,云南省 曲靖市 马龙区,102.3845,26.6723,18720099,103.370071,25.41324592,云南省,曲靖市,马龙区
3215,珠琳,ZHU LIN,中国铁路昆明局,云南省 文山壮族苗族自治州 广南县,103.6591,25.2102,64340358,104.6256794,23.96518208,云南省,文山壮族苗族自治州,广南县
3249,竹园,ZHU YUAN,中国铁路昆明局,云南省 红河哈尼族彝族自治州 弥勒市,102.4146,25.358,97599648,103.3997225,24.1115632,云南省,红河哈尼族彝族自治州,弥勒市
3254,中寨,ZHONG ZHAI,中国铁路昆明局,云南省 曲靖市 师宗县,103.2251,26.0232,15620678,104.198146,24.77037728,云南省,曲靖市,师宗县
3260,保山,BAO SHAN,中国铁路昆明局,云南省 保山市 隆阳区,98.1333,26.4114,97299516,99.18221383,25.15485056,云南省,保山市,隆阳区
3309,香格里拉,XIANG GE LI LA,中国铁路昆明局,云南省 迪庆藏族自治州 香格里拉市,98.6534,29.0954,99800616,99.69456434,27.81308416,云南省,迪庆藏族自治州,香格里拉市
3311,小中甸,XIAO ZHONG DIAN,中国铁路昆明局,云南省 迪庆藏族自治州 香格里拉市,98.7789,28.8425,99750594,99.81819439,27.562612,云南省,迪庆藏族自治州,香格里拉市
3314,漾濞,YANG BI,中国铁路昆明局,云南省 大理白族自治州 漾濞彝族自治县,98.9306,26.9224,97166094,99.96763406,25.66094496,云南省,大理白族自治州,漾濞彝族自治县
3318,永平县,YONG PING XIAN,中国铁路昆明局,云南省 大理白族自治州 永平县,98.5009,26.6646,97232810,99.54433659,25.40561984,云南省,大理白族自治州,永平县
68,杭州东,HANG ZHOU DONG,中国铁路上海局,浙江省 杭州市 上城区,119.477,31.5991,6230468,120.2078927,30.29274864,浙江省,杭州市,上城区
69,杭州,HANG ZHOU,中国铁路上海局,浙江省 杭州市 上城区,119.4464,31.5508,6240729,120.1777486,30.24491232,浙江省,杭州市,上城区
70,杭州南,HANG ZHOU NAN,中国铁路上海局,浙江省 杭州市 萧山区,119.5602,31.4789,6250270,120.289853,30.17370256,浙江省,杭州市,萧山区
159,安吉,AN JI,中国铁路上海局,浙江省 湖州市 安吉县,118.8648,32.1294,90684963,119.6048145,30.81795776,浙江省,湖州市,安吉县
278,苍南,CANG NAN,中国铁路上海局,浙江省 温州市 苍南县,119.6788,28.8097,6470369,120.4066859,27.53012688,浙江省,温州市,苍南县
301,长兴南,CHANG XING NAN,中国铁路上海局,浙江省 湖州市 长兴县,119.1633,32.3047,48180251,119.8988668,30.99157488,浙江省,湖州市,长兴县
424,奉化,FENG HUA,中国铁路上海局,浙江省 宁波市 奉化区,120.7478,30.929,6330726,121.4597578,29.6290816,浙江省,宁波市,奉化区
449,富阳,FU YANG,中国铁路上海局,浙江省 杭州市 富阳区,119.2533,31.3052,90251545,119.9875258,30.00167008,浙江省,杭州市,富阳区
577,海宁西,HAI NING XI,中国铁路上海局,浙江省 嘉兴市 海宁市,119.6588,31.7474,6210694,120.3869839,30.43962496,浙江省,嘉兴市,海宁市
621,湖州,HU ZHOU,中国铁路上海局,浙江省 湖州市 吴兴区,119.2832,32.1758,32600611,120.0169803,30.86391232,浙江省,湖州市,吴兴区
634,建德,JIAN DE,中国铁路上海局,浙江省 杭州市 建德市,118.6787,30.874,90270839,119.4214874,29.5746096,浙江省,杭州市,建德市
644,金华南,JIN HUA NAN,中国铁路上海局,浙江省 金华市 金东区,118.9954,30.4113,42150010,119.7334685,29.11635152,浙江省,金华市,金东区
645,金华,JIN HUA,中国铁路上海局,浙江省 金华市 婺城区,118.891,30.4084,22320474,119.6306241,29.11347936,浙江省,金华市,婺城区
671,江山,JIANG SHAN,中国铁路上海局,浙江省 衢州市 江山市,117.8834,30.0665,22350461,118.6380373,28.7748616,浙江省,衢州市,江山市
682,嘉兴,JIA XING,中国铁路上海局,浙江省 嘉兴市 南湖区,120.0364,32.0766,34500258,120.7589576,30.76566464,浙江省,嘉兴市,南湖区
686,嘉兴南,JIA XING NAN,中国铁路上海局,浙江省 嘉兴市 南湖区,120.0735,32.0021,6190520,120.7955049,30.69187984,浙江省,嘉兴市,南湖区
717,开化,KAI HUA,中国铁路上海局,浙江省 衢州市 开化县,117.5975,30.2865,90108252,118.3563973,28.9927496,浙江省,衢州市,开化县
804,临平南,LIN PING NAN,中国铁路上海局,浙江省 杭州市 余杭区,119.5616,31.6891,6220733,120.2912322,30.38188464,浙江省,杭州市,余杭区
812,丽水,LI SHUI,中国铁路上海局,浙江省 丽水市 莲都区,119.2148,29.7325,42260420,119.9495995,28.444068,浙江省,丽水市,莲都区
830,兰溪,LAN XI,中国铁路上海局,浙江省 金华市 兰溪市,118.7323,30.5109,57300643,119.4742887,29.21499536,浙江省,金华市,兰溪市
912,宁波东,NING BO DONG,中国铁路上海局,浙江省 宁波市 鄞州区,120.8721,31.1512,6310141,121.5822057,29.84914848,浙江省,宁波市,鄞州区
913,宁波,NING BO,中国铁路上海局,浙江省 宁波市 海曙区,120.8214,31.1659,6300247,121.5322611,29.86370736,浙江省,宁波市,海曙区
927,宁海,NING HAI,中国铁路上海局,浙江省 宁波市 宁海县,120.7016,30.6351,6340398,121.4142462,29.33800304,浙江省,宁波市,宁海县
989,平阳,PING YANG,中国铁路上海局,浙江省 温州市 平阳县,119.8146,28.9091,6460483,120.5404625,27.62857264,浙江省,温州市,平阳县
1008,千岛湖,QIAN DAO HU,中国铁路上海局,浙江省 杭州市 淳安县,118.4396,31.0378,90280486,119.18595,29.73683712,浙江省,杭州市,淳安县
1039,庆元,QING YUAN,中国铁路上海局,浙江省 丽水市 庆元县,118.2061,28.8972,91118711,118.9559291,27.61678688,浙江省,丽水市,庆元县
1042,衢州,QU ZHOU,中国铁路上海局,浙江省 衢州市 柯城区,118.125,30.218,22340059,118.8760375,28.9249072,浙江省,衢州市,柯城区
1047,瑞安,RUI AN,中国铁路上海局,浙江省 温州市 瑞安市,119.8512,29.0511,6450065,120.5765171,27.76920944,浙江省,温州市,瑞安市
1113,三门县,SAN MEN XIAN,中国铁路上海局,浙江省 台州市 三门县,120.6449,30.3509,6350466,121.358391,29.05653136,浙江省,台州市,三门县
1145,绍兴北,SHAO XING BEI,中国铁路上海局,浙江省 绍兴市 越城区,119.8084,31.4061,6260844,120.5343548,30.10160144,浙江省,绍兴市,越城区
1146,绍兴东,SHAO XING DONG,中国铁路上海局,浙江省 绍兴市 上虞区,120.1275,31.3607,6270353,120.8487003,30.05663728,浙江省,绍兴市,上虞区
1150,绍兴,SHAO XING,中国铁路上海局,浙江省 绍兴市 越城区,119.8502,31.3201,55390322,120.575532,30.01642704,浙江省,绍兴市,越城区
1165,嵊州新昌,SHENG ZHOU XIN CHANG,中国铁路上海局,浙江省 绍兴市 嵊州市,120.0932,30.8269,95298046,120.8149113,29.52796176,浙江省,绍兴市,嵊州市
1213,桐庐,TONG LU,中国铁路上海局,浙江省 杭州市 桐庐县,118.9891,31.0923,90261192,119.7272624,29.79081392,浙江省,杭州市,桐庐县
1218,头门港,TOU MEN GANG,中国铁路上海局,浙江省 台州市 临海市,120.9481,30.0456,93029385,121.6570733,28.75416224,浙江省,台州市,临海市
1241,台州,TAI ZHOU,中国铁路上海局,浙江省 台州市 椒江区,120.6542,29.9455,95331404,121.3675524,28.6550232,浙江省,台州市,椒江区
1244,台州西,TAI ZHOU XI,中国铁路上海局,浙江省 台州市 黄岩区,120.5711,29.9791,6370745,121.2856906,28.68830064,浙江省,台州市,黄岩区
1267,温岭,WEN LING,中国铁路上海局,浙江省 台州市 温岭市,120.6058,29.7703,6390116,121.3198736,28.48150512,浙江省,台州市,温岭市
1305,温州,WEN ZHOU,中国铁路上海局,浙江省 温州市 鹿城区,119.9572,29.2666,42390639,120.6809377,27.98264064,浙江省,温州市,鹿城区
1307,温州南,WEN ZHOU NAN,中国铁路上海局,浙江省 温州市 瓯海区,119.8557,29.2526,6440619,120.5809501,27.96877504,浙江省,温州市,瓯海区
1436,雁荡山,YAN DANG SHAN,中国铁路上海局,浙江省 温州市 乐清市,120.4309,29.6307,6400371,121.1475796,28.34324528,浙江省,温州市,乐清市
1451,永康南,YONG KANG NAN,中国铁路上海局,浙江省 金华市 永康市,119.2849,30.1447,42420217,120.018655,28.85231088,浙江省,金华市,永康市
1488,乐清,YUE QING,中国铁路上海局,浙江省 温州市 乐清市,120.1342,29.3723,6420337,120.8553004,28.08732592,浙江省,温州市,乐清市
1514,义乌,YI WU,中国铁路上海局,浙江省 金华市 义乌市,119.3034,30.678,22310714,120.0368793,29.3804912,浙江省,金华市,义乌市
1555,诸暨,ZHU JI,中国铁路上海局,浙江省 绍兴市 诸暨市,119.4479,31.0295,22300486,120.1792263,29.7286168,浙江省,绍兴市,诸暨市
1742,常山,CHANG SHAN,中国铁路上海局,浙江省 衢州市 常山县,117.7991,30.2186,90106766,118.5549934,28.92550144,浙江省,衢州市,常山县
1749,长兴,CHANG XING,中国铁路上海局,浙江省 湖州市 长兴县,119.235,32.3566,32590911,119.9694985,31.04297664,浙江省,湖州市,长兴县
1826,德清,DE QING,中国铁路上海局,浙江省 湖州市 德清县,119.3226,31.8548,32610716,120.0557933,30.54599392,浙江省,湖州市,德清县
1827,杜桥,DU QIAO,中国铁路上海局,浙江省 台州市 临海市,120.7515,30.0708,93021042,121.4634027,28.77912032,浙江省,台州市,临海市
1828,德清西,DE QING XI,中国铁路上海局,浙江省 湖州市 德清县,119.2179,31.8459,48220579,119.9526533,30.53717936,浙江省,湖州市,德清县
1858,东阳北,DONG YANG BEI,中国铁路上海局,浙江省 金华市 东阳市,119.5442,30.6118,100834221,120.2740914,29.31492672,浙江省,金华市,东阳市
2088,海宁,HAI NING,中国铁路上海局,浙江省 嘉兴市 海宁市,119.957,31.8443,34520174,120.6807407,30.53559472,浙江省,嘉兴市,海宁市
2146,壶镇,HU ZHEN,中国铁路上海局,浙江省 丽水市 缙云县,119.4994,30.1283,92904240,120.2299589,28.83606832,浙江省,丽水市,缙云县
2203,嘉善,JIA SHAN,中国铁路上海局,浙江省 嘉兴市 嘉善县,120.1937,32.1638,34480883,120.9139139,30.85202752,浙江省,嘉兴市,嘉善县
2204,嘉善南,JIA SHAN NAN,中国铁路上海局,浙江省 嘉兴市 嘉善县,120.2116,32.1006,6180568,120.9315472,30.78943424,浙江省,嘉兴市,嘉善县
2230,缙云,JIN YUN,中国铁路上海局,浙江省 丽水市 缙云县,119.3577,29.9527,42230540,120.0903703,28.66215408,浙江省,丽水市,缙云县
2234,缙云西,JIN YUN XI,中国铁路上海局,浙江省 丽水市 缙云县,119.3161,29.97,42430216,120.0493901,28.679288,浙江省,丽水市,缙云县
2288,临海,LIN HAI,中国铁路上海局,浙江省 台州市 临海市,120.5272,30.1747,6360585,121.2424447,28.88202288,浙江省,台州市,临海市
2293,临海南,LIN HAI NAN,中国铁路上海局,浙江省 台州市 临海市,120.4108,30.1017,92979327,121.1277791,28.80972368,浙江省,台州市,临海市
2335,龙泉市,LONG QUAN SHI,中国铁路上海局,浙江省 丽水市 龙泉市,118.38,29.3186,91085343,119.127238,28.03414144,浙江省,丽水市,龙泉市
2378,龙游南,LONG YOU NAN,中国铁路上海局,浙江省 衢州市 龙游县,118.4027,30.1381,91018607,119.1495998,28.84577424,浙江省,衢州市,龙游县
2379,龙游,LONG YOU,中国铁路上海局,浙江省 衢州市 龙游县,118.413,30.298,22330142,119.1597463,29.0041392,浙江省,衢州市,龙游县
2488,磐安南,PAN AN NAN,中国铁路上海局,浙江省 金华市 磐安县,119.6114,30.2041,92912583,120.3402901,28.91114064,浙江省,金华市,磐安县
2585,青田,QING TIAN,中国铁路上海局,浙江省 丽水市 青田县,119.545,29.4245,42330294,120.2748795,28.1390248,浙江省,丽水市,青田县
2635,遂昌,SUI CHANG,中国铁路上海局,浙江省 丽水市 遂昌县,118.5785,29.9347,91035291,119.3227804,28.64432688,浙江省,丽水市,遂昌县
2742,松阳,SONG YANG,中国铁路上海局,浙江省 丽水市 松阳县,118.6739,29.7372,91051975,119.4167589,28.44872288,浙江省,丽水市,松阳县
2754,上虞南,SHANG YU NAN,中国铁路上海局,浙江省 绍兴市 上虞区,120.0684,31.2837,95264688,120.7904808,29.98037648,浙江省,绍兴市,上虞区
2758,上虞,SHANG YU,中国铁路上海局,浙江省 绍兴市 上虞区,120.1315,31.3072,55410600,120.8526407,30.00365088,浙江省,绍兴市,上虞区
2762,嵊州北,SHENG ZHOU BEI,中国铁路上海局,浙江省 绍兴市 嵊州市,120.0848,31.0862,95281367,120.8066365,29.78477248,浙江省,绍兴市,嵊州市
2826,天台山,TIAN TAI SHAN,中国铁路上海局,浙江省 台州市 天台县,120.2537,30.4371,95314725,120.9730199,29.14190384,浙江省,台州市,天台县
2832,桐乡,TONG XIANG,中国铁路上海局,浙江省 嘉兴市 桐乡市,119.8381,31.8472,6200526,120.5636123,30.53846688,浙江省,嘉兴市,桐乡市
2921,武义北,WU YI BEI,中国铁路上海局,浙江省 金华市 武义县,119.108,30.2793,42410862,119.8443908,28.98561872,浙江省,金华市,武义县
2922,武义,WU YI,中国铁路上海局,浙江省 金华市 武义县,119.0892,30.204,42180434,119.8258709,28.9110416,浙江省,金华市,武义县
2939,新昌北,XIN CHANG BEI,中国铁路上海局,浙江省 绍兴市 新昌县,120.2588,30.837,100800879,120.9780439,29.5379648,浙江省,绍兴市,新昌县
2980,仙居南,XIAN JU NAN,中国铁路上海局,浙江省 台州市 仙居县,120.0252,30.1139,92954298,120.7479245,28.82180656,浙江省,台州市,仙居县
2983,溪口,XI KOU,中国铁路上海局,浙江省 宁波市 奉化区,120.5231,30.9323,100784208,121.2384058,29.63234992,浙江省,宁波市,奉化区
3107,永康,YONG KANG,中国铁路上海局,浙江省 金华市 永康市,119.282,30.2048,42200009,120.0157982,28.91183392,浙江省,金华市,永康市
3126,乐清东,YUE QIND DONG,中国铁路上海局,浙江省 温州市 乐清市,120.2679,29.4858,6410119,120.9870083,28.19973632,浙江省,温州市,乐清市
3173,余姚,YU YAO,中国铁路上海局,浙江省 宁波市 余姚市,120.4402,31.3601,55430230,121.156741,30.05604304,浙江省,宁波市,余姚市
3174,余姚北,YU YAO BEI,中国铁路上海局,浙江省 宁波市 余姚市,120.4467,31.4042,6280012,121.1631442,30.09971968,浙江省,宁波市,余姚市
3230,庄桥,ZHUANG QIAO,中国铁路上海局,浙江省 宁波市 江北区,120.8205,31.228,6290543,121.5313746,29.9252112,浙江省,宁波市,江北区
3268,富阳西,FU YANG XI,中国铁路上海局,浙江省 杭州市 富阳区,119.1188,31.3514,97366212,119.8550299,30.04742656,浙江省,杭州市,富阳区
3277,杭州西,HANG ZHOU XI,中国铁路上海局,浙江省 杭州市 余杭区,119.247,31.6056,97349538,119.9813197,30.29918624,浙江省,杭州市,余杭区
3305,桐庐东,TONG LU DONG,中国铁路上海局,浙江省 杭州市 桐庐县,119.0212,31.1582,97382886,119.7588841,29.85608128,浙江省,杭州市,桐庐县
7,重庆北,CHONG QING BEI,中国铁路成都局,重庆市 渝北区,105.6116,30.9115,13220086,106.5490872,29.6117496,重庆市,重庆市,渝北区
8,重庆,CHONG QING,中国铁路成都局,重庆市 渝中区,105.6077,30.8508,13230787,106.5452453,29.55163232,重庆市,重庆市,渝中区
9,重庆南,CHONG QING NAN,中国铁路成都局,重庆市 九龙坡区,105.5995,30.7972,27700143,106.5371675,29.49854688,重庆市,重庆市,九龙坡区
10,重庆西,CHONG QING XI,中国铁路成都局,重庆市 沙坪坝区,105.4946,30.8008,29160489,106.4338305,29.50211232,重庆市,重庆市,沙坪坝区
285,长寿北,CHANG SHOU BEI,中国铁路成都局,重庆市 长寿区,106.1415,31.185,13190477,107.0710917,29.882624,重庆市,重庆市,长寿区
349,垫江,DIAN JIANG,中国铁路成都局,重庆市 垫江县,106.4406,31.6081,64200350,107.3657351,30.30166224,重庆市,重庆市,垫江县
418,丰都,FENG DU,中国铁路成都局,重庆市 丰都县,106.7667,31.1493,13170045,107.6869762,29.84726672,重庆市,重庆市,丰都县
427,涪陵北,FU LING BEI,中国铁路成都局,重庆市 涪陵区,106.348,31.0739,13180069,107.2745148,29.77259056,重庆市,重庆市,涪陵区
430,涪陵,FU LING,中国铁路成都局,重庆市 涪陵区,106.4043,31.0019,41480265,107.3299759,29.70128176,重庆市,重庆市,涪陵区
519,合川,HE CHUAN,中国铁路成都局,重庆市 合川区,105.3335,31.2647,13340426,106.2751309,29.96155888,重庆市,重庆市,合川区
776,珞璜南,LUO HUANG NAN,中国铁路成都局,重庆市 江津区,105.5001,30.5979,90117211,106.4392485,29.30116016,重庆市,重庆市,江津区
800,梁平,LIANG PING,中国铁路成都局,重庆市 梁平区,106.8951,32.0277,41390089,107.813463,30.71723408,重庆市,重庆市,梁平区
803,梁平南,LIANG PING NAN,中国铁路成都局,重庆市 梁平区,106.8477,31.9531,64210837,107.7667693,30.64335024,重庆市,重庆市,梁平区
1020,綦江东,QI JIANG DONG,中国铁路成都局,重庆市 綦江区,105.7254,30.3199,90118982,106.6611915,29.02582896,重庆市,重庆市,綦江区
1021,黔江,QIAN JIANG,中国铁路成都局,重庆市 黔江区,107.8833,30.7428,41640804,108.7869388,29.44466912,重庆市,重庆市,黔江区
1048,荣昌北,RONG CHANG BEI,中国铁路成都局,重庆市 荣昌区,104.6824,30.7342,13270268,105.6337322,29.43615168,重庆市,重庆市,荣昌区
1121,沙坪坝,SHA PING BA,中国铁路成都局,重庆市 沙坪坝区,105.5187,30.8545,27750796,106.4575714,29.5552968,重庆市,重庆市,沙坪坝区
1179,石柱县,SHI ZHU XIAN,中国铁路成都局,重庆市 石柱土家族自治县,107.1801,31.2695,13160305,108.0942165,29.9663128,重庆市,重庆市,石柱土家族自治县
1221,潼南,TONG NAN,中国铁路成都局,重庆市 潼南区,104.9288,31.5279,13360239,105.8764609,30.22223216,重庆市,重庆市,潼南区
1269,武隆,WU LONG,中国铁路成都局,重庆市 武隆区,106.8539,30.6246,41540263,107.7728769,29.32760384,重庆市,重庆市,武隆区
1301,万州北,WAN ZHOU BEI,中国铁路成都局,重庆市 万州区,107.4563,32.1774,62950421,108.3663011,30.86549696,重庆市,重庆市,万州区
1303,万州,WAN ZHOU,中国铁路成都局,重庆市 万州区,107.4866,32.0662,13140243,108.3961497,30.75536448,重庆市,重庆市,万州区
1366,秀山,XIU SHAN,中国铁路成都局,重庆市 秀山土家族苗族自治县,108.1126,29.7359,41750681,109.0128223,28.44743536,重庆市,重庆市,秀山土家族苗族自治县
1423,永川东,YONG CHUAN DONG,中国铁路成都局,重庆市 永川区,105.0014,30.6716,13250347,105.9479791,29.37415264,重庆市,重庆市,永川区
1673,璧山,BI SHAN,中国铁路成都局,重庆市 璧山区,105.2806,30.8043,13240485,106.2230191,29.50557872,重庆市,重庆市,璧山区
1736,长寿,CHANG SHOU,中国铁路成都局,重庆市 长寿区,106.0326,31.0925,41440716,106.9638143,29.791012,重庆市,重庆市,长寿区
1737,长寿湖,CHANG SHOU HU,中国铁路成都局,重庆市 长寿区,106.2729,31.2683,64190835,107.2005338,29.96512432,重庆市,重庆市,长寿区
1874,大足南,DA ZU NAN,中国铁路成都局,重庆市 大足区,104.7944,30.7203,13260660,105.7440634,29.42238512,重庆市,重庆市,大足区
1901,奉节,FENG JIE,中国铁路成都局,重庆市 奉节县,108.4743,32.3408,97099378,109.3691329,31.02732832,重庆市,重庆市,奉节县
1915,复盛,FU SHENG,中国铁路成都局,重庆市 江北区,105.8634,30.9557,13200538,106.7971353,29.65552528,重庆市,重庆市,江北区
1987,赶水东,GAN SHUI DONG,中国铁路成都局,重庆市 綦江区,105.7698,30.0565,90119467,106.70493,28.7649576,重庆市,重庆市,綦江区
2515,彭水,PENG SHUI,中国铁路成都局,重庆市 彭水苗族土家族自治县,107.3227,30.661,41580531,108.2346918,29.3636544,重庆市,重庆市,彭水苗族土家族自治县
2901,巫山,WU SHAN,中国铁路成都局,重庆市 巫山县,109.0287,32.4461,97082699,109.9152724,31.13161744,重庆市,重庆市,巫山县
3170,云阳,YUN YANG,中国铁路成都局,重庆市 云阳县,107.8165,32.3129,97116057,108.7211342,30.99969616,重庆市,重庆市,云阳县
3171,酉阳,YOU YANG,中国铁路成都局,重庆市 酉阳土家族苗族自治县,108.0574,30.1009,41720153,108.9584447,28.80893136,重庆市,重庆市,酉阳土家族苗族自治县
3271,古路,GU LU,中国铁路成都局,重庆市 渝北区,105.7571,31.1014,98550066,106.6924192,29.79982656,重庆市,重庆市,渝北区
3274,黄水,HUANG SHUI,中国铁路成都局,重庆市 石柱土家族自治县,107.5851,31.4011,13150206,108.493182,30.09664944,重庆市,重庆市,石柱土家族自治县
3278,江北机场,JIANG BEI JI CHANG,中国铁路成都局,重庆市 渝北区,105.717,31.0098,98650110,106.6529167,29.70910592,重庆市,重庆市,渝北区
3286,珞璜东,LUO HUANG DONG,中国铁路成都局,重庆市 江津区,105.5597,30.5679,98366652,106.4979605,29.27144816,重庆市,重庆市,江津区
3287,龙兴,LONG XING,中国铁路成都局,重庆市 渝北区,105.9213,31.0275,98500044,106.8541726,29.726636,重庆市,重庆市,渝北区
3292,南彭,NAN PENG,中国铁路成都局,重庆市 巴南区,105.6623,30.6598,98383326,106.5990317,29.36246592,重庆市,重庆市,巴南区
3300,水土,SHUI TU,中国铁路成都局,重庆市 北碚区,105.6558,31.1477,98566740,106.5926286,29.84568208,重庆市,重庆市,北碚区
3304,统景,TONG JING,中国铁路成都局,重庆市 渝北区,105.9385,31.16,98516718,106.8711164,29.857864,重庆市,重庆市,渝北区
3316,银花,YIN HUA,中国铁路成都局,重庆市 渝北区,105.7906,31.0708,98633436,106.7254201,29.76952032,重庆市,重庆市,渝北区
3317,迎龙,YING LONG,中国铁路成都局,重庆市 南岸区,105.7894,30.8195,98450022,106.7242379,29.5206328,重庆市,重庆市,南岸区
3325,新桥,,中国铁路上海局,,,,,121.323752,31.059144,上海市,上海市,松江区
3326,春申,,中国铁路上海局,,,,,121.354665,31.079175,上海市,上海市,松江区
3327,松江,,中国铁路上海局,,,,,121.2228412,31.0007856,上海市,上海市,松江区
3328,松江南,,中国铁路上海局,,,,,121.2255995,30.98365168,上海市,上海市,松江区
3329,厦门分离点,,,,,,,118.0090014,24.58790323,福建省,厦门市,
3330,茂名东,,中国铁路广州局,,,,,110.929126,21.642063,广东省,茂名市,
3331,赣州国际港,,中国铁路南昌局,,,,,114.790538,25.67997,江西省,赣州市,
3332,畲江,,中国铁路广州局,,,,,115.959081,24.049448,广东省,梅州市,
3333,龙湖,,中国铁路广州局,,,,,116.651396,23.533501,广东省,潮州市,
3334,韩江桥所,,中国铁路广州局,,,,,116.6477251,23.56093931,广东省,潮州市,
3335,杏林,,中国铁路南昌局,,,,,118.028705,24.577003,福建省,厦门市,
3336,金山卫,,中国铁路上海局,,,,,121.362766,30.728132,上海市,上海市,金山区
3337,金山园区,,中国铁路上海局,,,,,121.368095,30.829816,上海市,上海市,金山区
3338,亭林,,中国铁路上海局,,,,,121.35847,30.89464,上海市,上海市,金山区
3339,叶榭,,中国铁路上海局,,,,,121.329645,30.939871,上海市,上海市,松江区
3340,车墩,,中国铁路上海局,,,,,121.320706,31.005306,上海市,上海市,松江区
3341,温州北,,中国铁路上海局,,,,,120.695522,28.069468,浙江省,温州市,永嘉县
3342,莘庄,,中国铁路上海局,,,,,121.385379,31.111193,上海市,上海市,闵行区
3343,白云机场南,,珠三角城际,,,,,113.3037193,23.38314901,广东省,广州市,白云区
3344,白云机场东,,珠三角城际,,,,,113.3203795,23.36477424,广东省,广州市,花都区
3345,竹料,,珠三角城际,,,,,113.36819,23.34941649,广东省,广州市,花都区
3346,练塘,,中国铁路上海局,,,,,121.0314102,30.99532691,上海市,上海市,青浦区
3347,苏州南,,中国铁路上海局,,,,,120.7998439,31.06313748,江苏省,苏州市,吴江区
3348,盛泽,,中国铁路上海局,,,,,120.5680677,30.90707009,江苏省,苏州市,吴江区
3349,湖州南浔,,中国铁路上海局,,,,,120.4077575,30.82794621,浙江省,湖州市,南浔区
3350,湖州东,,中国铁路上海局,,,,,120.1788042,30.81811229,浙江省,湖州市,吴兴区
