{"type": "FeatureCollection", "features": [{"type": "Feature", "properties": {"trip_id": 1, "date": null, "train": "C7670", "from": "\u73e0\u6d77", "to": "\u987a\u5fb7", "duration": 51, "distance": 101, "fromcity": "\u73e0\u6d77", "tocity": "\u4f5b\u5c71", "line": "\u5e7f\u73e0\u57ce\u9645\u7ebf", "fromprov": "\u5e7f\u4e1c\u7701", "toprov": "\u5e7f\u4e1c\u7701", "id": "C7670", "lines": ["\u5e7f\u73e0\u57ce\u9645\u7ebf"], "line_source": "osm", "geometry_source": "mixed", "distance_ratio": 0.988, "match_confidence": 0.923, "edge_count": 45}, "geometry": {"type": "LineString", "coordinates": [[113.5443808, 22.21514528], [113.5202458, 22.23445808], [113.505228, 22.279301], [113.515583, 22.305857], [113.535111, 22.32617], [113.549646, 22.375455], [113.53638, 22.473887], [113.519153, 22.503221], [113.50703, 22.512122], [113.453241, 22.521838], [113.409061, 22.562672], [113.35691, 22.560461], [113.321415, 22.597115], [113.266025, 22.611661], [113.254191, 22.622637], [113.255807, 22.640796], [113.30017, 22.692651], [113.308322, 22.758418], [113.331291, 22.791508], [113.326471, 22.81654], [113.303749, 22.832041], [113.2779, 22.866996]]}}, {"type": "Feature", "properties": {"trip_id": 2, "date": null, "train": "C7675", "from": "\u5e7f\u5dde\u5357", "to": "\u73e0\u6d77", "duration": 76, "distance": 116, "fromcity": "\u5e7f\u5dde", "tocity": "\u73e0\u6d77", "line": "\u5e7f\u73e0\u57ce\u9645\u7ebf", "fromprov": "\u5e7f\u4e1c\u7701", "toprov": "\u5e7f\u4e1c\u7701", "id": "C7675", "lines": ["\u5e7f\u73e0\u57ce\u9645\u7ebf"], "line_source": "osm", "geometry_source": "mixed", "distance_ratio": 1.002, "match_confidence": 0.938, "edge_count": 60}, "geometry": {"type": "LineString", "coordinates": [[113.264768, 22.988682], [113.27376, 22.965881], [113.245335, 22.943481], [113.244217, 22.931664], [113.265306, 22.911087], [113.2779, 22.866996], [113.303749, 22.832041], [113.327293, 22.815329], [113.331339, 22.792403], [113.307829, 22.756842], [113.30017, 22.692651], [113.255807, 22.640796], [113.253753, 22.623715], [113.266025, 22.611661], [113.321415, 22.597115], [113.35691, 22.560461], [113.409061, 22.562672], [113.453241, 22.521838], [113.50703, 22.512122], [113.519153, 22.503221], [113.53638, 22.473887], [113.549646, 22.375455], [113.535111, 22.32617], [113.515583, 22.305857], [113.505228, 22.279301], [113.5202458, 22.23445808], [113.5443808, 22.21514528]]}}, {"type": "Feature", "properties": {"trip_id": 3, "date": null, "train": "G302", "from": "\u5e7f\u5dde\u5357", "to": "\u5317\u4eac\u897f", "duration": 664, "distance": 2298, "fromcity": "\u5e7f\u5dde", "tocity": "\u5317\u4eac", "line": "\u4eac\u5e7f\u9ad8\u901f\u7ebf", "fromprov": "\u5e7f\u4e1c\u7701", "toprov": "\u5317\u4eac\u5e02", "id": "G302", "lines": ["\u4eac\u5e7f\u9ad8\u901f\u4eac\u897f\u8054\u7edc\u7ebf", "\u4eac\u5e7f\u9ad8\u901f\u7ebf", "\u5357\u5e7f\u7ebf", "\u5e7f\u5357\u8054\u7edc\u7ebf", "\u6574\u5907\u6240\u8054\u7edc\u7ebf", "\u6b66\u5e7f\u5ba2\u8fd0\u4e13\u7ebf", "\u8861\u67f3\u7ebf", "\u90d1\u5dde\u4e1c\u5317\u8054\u7edc\u7ebf", "\u90d1\u5dde\u4e1c\u5357\u4e1c\u8054\u7edc\u7ebf", "\u957f\u6c99\u5357\u4e1c\u5357\u8054\u7edc\u7ebf", "\u957f\u6c99\u5357\u897f\u5317\u8054\u7edc\u7ebf"], "line_source": "osm", "geometry_source": "osm", "distance_ratio": 0.916, "match_confidence": 1.0, "edge_count": 2258}, "geometry": {"type": "LineString", "coordinates": [[113.26486, 22.98944], [113.244257, 23.018732], [113.220028, 23.035103], [113.193819, 23.113492], [113.195034, 23.197913], [113.215796, 23.284819], [113.17519, 23.474053], [113.140248, 23.551257], [113.120233, 23.667447], [113.136959, 23.715421], [113.212324, 23.860289], [113.258963, 23.997019], [113.336417, 24.137815], [113.389038, 24.302897], [113.482136, 24.432193], [113.4857, 24.497241], [113.505946, 24.568046], [113.483372, 24.649675], [113.48174, 24.697205], [113.490815, 24.726663], [113.527105, 24.784054], [113.531794, 24.817151], [113.520857, 24.846212], [113.470566, 24.909345], [113.355971, 25.196776], [113.25761, 25.310663], [113.172435, 25.383672], [113.051225, 25.471462], [112.966801, 25.684705], [112.961322, 25.777674], [112.906161, 25.979513], [112.861871, 26.072934], [112.849754, 26.16998], [112.786318, 26.389229], [112.777751, 26.456399], [112.74925, 26.570564], [112.702209, 26.710206], [112.697845, 26.816784], [112.705992, 26.860418], [112.70541, 26.925646], [112.727876, 27.011385], [112.715188, 27.140421], [112.728553, 27.174079], [112.824094, 27.308944], [112.91494, 27.496285], [112.961834, 27.548979], [113.046968, 27.672837], [113.063989, 27.731657], [113.042052, 27.950591], [113.046344, 28.042215], [113.061046, 28.115843], [113.057275, 28.177151], [113.072759, 28.302608], [113.074827, 28.432621], [113.14518, 28.608969], [113.143991, 28.716371], [113.130309, 28.790038], [113.142101, 28.916817], [113.138795, 29.212368], [113.175444, 29.327786], [113.222475, 29.395678], [113.253378, 29.420001], [113.42539, 29.493403], [113.527837, 29.517785], [113.61686, 29.526502], [113.655209, 29.53993], [113.709905, 29.580007], [113.768843, 29.656861], [113.828376, 29.707183], [114.004141, 29.798106], [114.220156, 29.862775], [114.340948, 29.926956], [114.365548, 29.960905], [114.373347, 29.988651], [114.357487, 30.240414], [114.439248, 30.384458], [114.453208, 30.439366], [114.451117, 30.53858], [114.431776, 30.571253], [114.404282, 30.649633], [114.358227, 30.718368], [114.351187, 30.756992], [114.296236, 30.873048], [114.27787, 30.986197], [114.276156, 31.078913], [114.255169, 31.149638], [114.260657, 31.306558], [114.246026, 31.485849], [114.18197, 31.724894], [114.160288, 31.881908], [114.136059, 31.965468], [114.136232, 32.007344], [114.157794, 32.067545], [114.161139, 32.107171], [114.123561, 32.3579], [114.097051, 32.42929], [114.032889, 32.529617], [114.015042, 32.598253], [113.987769, 32.893951], [113.972014, 32.969807], [113.971593, 33.053086], [113.947409, 33.164804], [113.950046, 33.514167], [113.961377, 33.643627], [113.942636, 33.718224], [113.872383, 33.880563], [113.870739, 33.950248], [113.887865, 34.012629], [113.879121, 34.071816], [113.836133, 34.146704], [113.826343, 34.20381], [113.790018, 34.292131], [113.805965, 34.460347], [113.785175, 34.575163], [113.777662, 34.645608], [113.783736, 34.695007], [113.76549, 34.849289], [113.749327, 34.892521], [113.750689, 34.939678], [113.77007, 35.002984], [113.787721, 35.03378], [113.928313, 35.193738], [113.951353, 35.280714], [114.031741, 35.40226], [114.099603, 35.454489], [114.150927, 35.552737], [114.212742, 35.602043], [114.306513, 35.721443], [114.332674, 35.832332], [114.350235, 35.854095], [114.404829, 35.892538], [114.428436, 35.971902], [114.524187, 36.478945], [114.5516, 36.588229], [114.547793, 36.907579], [114.579651, 37.019023], [114.586392, 37.10601], [114.58369, 37.187655], [114.57201, 37.232821], [114.581144, 37.294519], [114.580973, 37.373912], [114.5581, 37.505754], [114.530907, 37.607487], [114.470873, 37.78277], [114.470977, 37.978573], [114.512473, 38.146521], [114.538744, 38.186475], [114.590407, 38.223232], [114.746441, 38.266646], [114.865819, 38.387383], [114.985261, 38.445142], [115.176426, 38.577887], [115.507144, 38.754164], [115.545422, 38.793219], [115.681558, 38.97009], [115.803058, 39.099868], [115.861397, 39.195909], [115.95019, 39.298981], [116.058902, 39.476689], [116.093541, 39.551173], [116.191858, 39.681702], [116.199872, 39.70714], [116.193413, 39.751444], [116.19782, 39.80137], [116.208805, 39.824806], [116.19223, 39.8702], [116.194719, 39.882471], [116.217963, 39.894661], [116.310918, 39.893309]]}}, {"type": "Feature", "properties": {"trip_id": 4, "date": null, "train": "Z201", "from": "\u5317\u4eac\u897f", "to": "\u5e7f\u5dde", "duration": 1301, "distance": 2289, "fromcity": "\u5317\u4eac", "tocity": "\u5e7f\u5dde", "line": "\u4eac\u5e7f\u7ebf", "fromprov": "\u5317\u4eac\u5e02", "toprov": "\u5e7f\u4e1c\u7701", "id": "Z201", "lines": ["1\u9053", "\u4e0b\u884c\u5ba2\u8f66\u8054\u7edc\u7ebf", "\u4e39\u6c34\u6c60\u8054\u7edc\u7ebf", "\u4eac\u5e7f\u6c49\u53e3\u8054\u7edc\u7ebf", "\u4eac\u5e7f\u7ebf", "\u4eac\u5e7f\u8d27\u8f66\u4e0b\u884c1\u7ebf", "\u4eac\u5e7f\u8d27\u8f66\u4e0b\u884c2\u7ebf", "\u5357\u8d27\u573a\u8d70\u884c\u7ebf", "\u5b81\u897f\u7ebf", "\u5e7f\u6df1\u7ebf", "\u5e7f\u6e05\u57ce\u9645\u7ebf", "\u5f6d\u4fe1\u8054\u7edc\u7ebf", "\u682a\u6d32\u5317\u4e1c\u5230\u8fbe\u7ebf", "\u6b66\u4f59\u8054\u7edc\u7ebf", "\u6c49\u4e39\u7ebf", "\u6c49\u53e3\u6c49\u897f\u8054\u7edc\u7ebf", "\u6c49\u897f\u8054\u7edc\u7ebf", "\u6c5f\u8354\u8054\u7edc\u7ebf", "\u6c64\u9634\u4e1c\u8054\u7edc\u7ebf", "\u6caa\u84c9\u7ebf", "\u70e4\u70df\u7ebf", "\u72ee\u5cad\u8054\u7edc\u7ebf", "\u82b1\u5e7f\u8054\u7edc\u7ebf", "\u8861\u5317\u4e0a\u884c\u51fa\u53d1\u7ebf", "\u8861\u5317\u6e58\u6842\u4e0b\u8054\u7ebf", "\u897f\u957f\u7ebf", "\u90a2\u548c\u7ebf", "\u90af\u897f\u4e8c\u8054\u7ebf", "\u957f\u6c99\u5ba2\u8f66\u5916\u7ed5\u7ebf"], "line_source": "osm", "geometry_source": "osm", "distance_ratio": 0.996, "match_confidence": 1.0, "edge_count": 3080}, "geometry": {"type": "LineString", "coordinates": [[116.310886, 39.893272], [116.21794, 39.894831], [116.16982, 39.881344], [116.165816, 39.870145], [116.172979, 39.858197], [116.164251, 39.815376], [116.188038, 39.796957], [116.184321, 39.783549], [116.137593, 39.717326], [116.0231, 39.582945], [115.994127, 39.501461], [115.952191, 39.444538], [115.880238, 39.356996], [115.78345, 39.257122], [115.63096, 39.020151], [115.532651, 38.913311], [115.461312, 38.848797], [115.261533, 38.776379], [115.02895, 38.623109], [114.992776, 38.53903], [114.911874, 38.501014], [114.857003, 38.460835], [114.815398, 38.411456], [114.783885, 38.402105], [114.757425, 38.378304], [114.699067, 38.355055], [114.663613, 38.315293], [114.622563, 38.226141], [114.554939, 38.171423], [114.539837, 38.135393], [114.503652, 38.099466], [114.468164, 37.971272], [114.496591, 37.951818], [114.541098, 37.748338], [114.584857, 37.685993], [114.608172, 37.439832], [114.601705, 37.42535], [114.542537, 37.368349], [114.518844, 37.26346], [114.505133, 37.236788], [114.498498, 37.174966], [114.503272, 37.139915], [114.481651, 37.050628], [114.496696, 36.983415], [114.494637, 36.952047], [114.483282, 36.934999], [114.492073, 36.837222], [114.476324, 36.792992], [114.482997, 36.736221], [114.467567, 36.594029], [114.426979, 36.483853], [114.401593, 36.458417], [114.355485, 36.431243], [114.345962, 36.414682], [114.36642, 36.366265], [114.36376, 36.345308], [114.346465, 36.319569], [114.327182, 36.158131], [114.335792, 36.055287], [114.348697, 36.023484], [114.341898, 35.921974], [114.325805, 35.860897], [114.30365, 35.805904], [114.267545, 35.760183], [114.246762, 35.710147], [114.203209, 35.659479], [114.176656, 35.601442], [114.150629, 35.565842], [114.11451, 35.534687], [114.095198, 35.490522], [114.048752, 35.422669], [113.900832, 35.386962], [113.867626, 35.351949], [113.850387, 35.278681], [113.822663, 35.243593], [113.750748, 35.19125], [113.73011, 35.148497], [113.573087, 35.026909], [113.540966, 35.024538], [113.525745, 35.011626], [113.521387, 34.947626], [113.542098, 34.904189], [113.580988, 34.861371], [113.66627, 34.723242], [113.77233, 34.626459], [113.804854, 34.583877], [113.812748, 34.544559], [113.789747, 34.494907], [113.762623, 34.335441], [113.777681, 34.183462], [113.807603, 34.040359], [113.955319, 33.7159], [114.039249, 33.585676], [114.029332, 33.501495], [114.03806, 33.309089], [114.028957, 33.131279], [114.037273, 33.106975], [114.037249, 32.866008], [114.01932, 32.726142], [114.042703, 32.584479], [114.044206, 32.427438], [114.053664, 32.336523], [114.080841, 32.269071], [114.061904, 32.150127], [114.11312, 32.092425], [114.083151, 32.018649], [114.093824, 31.969287], [114.092182, 31.888234], [114.022532, 31.78548], [114.045281, 31.713018], [114.04656, 31.676679], [114.041489, 31.648105], [114.01664, 31.61232], [114.028356, 31.546494], [113.985774, 31.49102], [113.972614, 31.449429], [113.977173, 31.365121], [113.964788, 31.330491], [113.972917, 31.270133], [113.96928, 31.209989], [113.931439, 31.145846], [113.932156, 31.077374], [113.919251, 31.025795], [113.916269, 30.97129], [113.933564, 30.952506], [114.023257, 30.943215], [114.112643, 30.945339], [114.152241, 30.926144], [114.202685, 30.896643], [114.276298, 30.830897], [114.352126, 30.718268], [114.349402, 30.683729], [114.330865, 30.643785], [114.241252, 30.618833], [114.21998, 30.603631], [114.231678, 30.562455], [114.317826, 30.540359], [114.2974, 30.505117], [114.307285, 30.369247], [114.294981, 30.337592], [114.326954, 30.276761], [114.316707, 30.165919], [114.34777, 30.097539], [114.361841, 30.011478], [114.362364, 29.942962], [114.331686, 29.912163], [114.289966, 29.891878], [114.274091, 29.872906], [114.242097, 29.864074], [114.218793, 29.843389], [114.1777, 29.832447], [114.149076, 29.807607], [114.103344, 29.785181], [114.031346, 29.770944], [113.983844, 29.74356], [113.876953, 29.710522], [113.852437, 29.670463], [113.816232, 29.654426], [113.680776, 29.535801], [113.642353, 29.515404], [113.472804, 29.477234], [113.376639, 29.511854], [113.302852, 29.506641], [113.254602, 29.457048], [113.12439, 29.381285], [113.098845, 29.378518], [113.086474, 29.362378], [113.076947, 29.327884], [113.090888, 29.29842], [113.093302, 29.26699], [113.120918, 29.223945], [113.128457, 29.187353], [113.118477, 29.153449], [113.126363, 29.007842], [113.088705, 28.915611], [113.09183, 28.858924], [113.072125, 28.824755], [113.037916, 28.68116], [113.049783, 28.635096], [113.041959, 28.599846], [113.023542, 28.545305], [112.984356, 28.493201], [112.922156, 28.367342], [112.953553, 28.336604], [112.977492, 28.296015], [112.987787, 28.23307], [113.010473, 28.210903], [113.006135, 28.157227], [112.956367, 28.131823], [112.951684, 28.077626], [112.968491, 28.020829], [113.038318, 27.942422], [113.123174, 27.877485], [113.156808, 27.825652], [113.164973, 27.788518], [113.161379, 27.769808], [113.137953, 27.72864], [113.111214, 27.640308], [113.113253, 27.606474], [113.126379, 27.570433], [113.155767, 27.550252], [113.162243, 27.531589], [113.133675, 27.46724], [113.102181, 27.431993], [113.052398, 27.388185], [113.029539, 27.383364], [113.004334, 27.366426], [112.972208, 27.316621], [112.883211, 27.223796], [112.872902, 27.149433], [112.850178, 27.126583], [112.825224, 27.059484], [112.784784, 27.001864], [112.739006, 26.951448], [112.622788, 26.907379], [112.633092, 26.884393], [112.656993, 26.874161], [112.666016, 26.859333], [112.669382, 26.788287], [112.68724, 26.762976], [112.716924, 26.747366], [112.724415, 26.691219], [112.755533, 26.651557], [112.761438, 26.626755], [112.753208, 26.586944], [112.772754, 26.568036], [112.776685, 26.547337], [112.773116, 26.491726], [112.784404, 26.479567], [112.788164, 26.454963], [112.819175, 26.41674], [112.812416, 26.395096], [112.826893, 26.375588], [112.831301, 26.353583], [112.826258, 26.281054], [112.838618, 26.239691], [112.858289, 26.223492], [112.869041, 26.191518], [112.879491, 26.154931], [112.877613, 26.116254], [112.888176, 26.098147], [112.912442, 26.086059], [112.95523, 26.039488], [112.973681, 26.036794], [113.023714, 25.988981], [113.049113, 25.988843], [113.061236, 25.97786], [113.057103, 25.945549], [113.070275, 25.931598], [113.075926, 25.900724], [113.067432, 25.881376], [113.03466, 25.861681], [113.02077, 25.84073], [113.029452, 25.806023], [113.048115, 25.781991], [113.037635, 25.733663], [113.042176, 25.719116], [113.02769, 25.689113], [113.00712, 25.68297], [112.997247, 25.670482], [112.987337, 25.607307], [113.026412, 25.507734], [113.015936, 25.454225], [113.022443, 25.425088], [113.033904, 25.414086], [113.026121, 25.390888], [113.043346, 25.292441], [113.057227, 25.2823], [113.09568, 25.282518], [113.117078, 25.266766], [113.153001, 25.255213], [113.269947, 25.178737], [113.291168, 25.140977], [113.324554, 25.128054], [113.345986, 25.136277], [113.368873, 25.118713], [113.405538, 25.05964], [113.41314, 25.025172], [113.433589, 25.013005], [113.439742, 24.990827], [113.460288, 24.979991], [113.468887, 24.962145], [113.5044, 24.950224], [113.562192, 24.833391], [113.59828, 24.820456], [113.603726, 24.804128], [113.589533, 24.775657], [113.623552, 24.718194], [113.615243, 24.693286], [113.589635, 24.664344], [113.59831, 24.643649], [113.586695, 24.605396], [113.594315, 24.522322], [113.584261, 24.515552], [113.5775, 24.492625], [113.52377, 24.439202], [113.518767, 24.426404], [113.527642, 24.404085], [113.516709, 24.379814], [113.480161, 24.346701], [113.447932, 24.294621], [113.449263, 24.2746], [113.474795, 24.249586], [113.472485, 24.225989], [113.44031, 24.181079], [113.42915, 24.131402], [113.403662, 24.111965], [113.400568, 24.095137], [113.356525, 24.061704], [113.306565, 24.040992], [113.282016, 23.988667], [113.284004, 23.963356], [113.270564, 23.920258], [113.275462, 23.878573], [113.265556, 23.845581], [113.272532, 23.827611], [113.269157, 23.792526], [113.234979, 23.777855], [113.225065, 23.751791], [113.228974, 23.708564], [113.189364, 23.658075], [113.172349, 23.606678], [113.123588, 23.56615], [113.097712, 23.525331], [113.095719, 23.490238], [113.122269, 23.479825], [113.191026, 23.400594], [113.206726, 23.315408], [113.225239, 23.267409], [113.226648, 23.236301], [113.241228, 23.214924], [113.240232, 23.167654], [113.252061, 23.152413]]}}, {"type": "Feature", "properties": {"trip_id": 5, "date": "2016-08-05T00:00:00", "train": "Z202", "from": "\u5e7f\u5dde", "to": "\u5317\u4eac\u897f", "duration": 1319, "distance": 2289, "fromcity": "\u5e7f\u5dde", "tocity": "\u5317\u4eac", "line": "\u4eac\u5e7f\u7ebf", "fromprov": "\u5e7f\u4e1c\u7701", "toprov": "\u5317\u4eac\u5e02", "id": "Z202", "lines": ["1\u9053", "\u4e0b\u884c\u5ba2\u8f66\u8054\u7edc\u7ebf", "\u4e39\u6c34\u6c60\u8054\u7edc\u7ebf", "\u4eac\u5e7f\u6c49\u53e3\u8054\u7edc\u7ebf", "\u4eac\u5e7f\u7ebf", "\u4eac\u5e7f\u8d27\u8f66\u4e0b\u884c1\u7ebf", "\u4eac\u5e7f\u8d27\u8f66\u4e0b\u884c2\u7ebf", "\u5357\u8d27\u573a\u8d70\u884c\u7ebf", "\u5b81\u897f\u7ebf", "\u5e7f\u6df1\u7ebf", "\u5e7f\u6e05\u57ce\u9645\u7ebf", "\u5f6d\u4fe1\u8054\u7edc\u7ebf", "\u682a\u6d32\u5317\u4e1c\u5230\u8fbe\u7ebf", "\u6b66\u4f59\u8054\u7edc\u7ebf", "\u6c49\u4e39\u7ebf", "\u6c49\u53e3\u6c49\u897f\u8054\u7edc\u7ebf", "\u6c49\u897f\u8054\u7edc\u7ebf", "\u6c5f\u8354\u8054\u7edc\u7ebf", "\u6c64\u9634\u4e1c\u8054\u7edc\u7ebf", "\u6caa\u84c9\u7ebf", "\u70e4\u70df\u7ebf", "\u72ee\u5cad\u8054\u7edc\u7ebf", "\u82b1\u5e7f\u8054\u7edc\u7ebf", "\u8861\u5317\u4e0a\u884c\u51fa\u53d1\u7ebf", "\u8861\u5317\u6e58\u6842\u4e0b\u8054\u7ebf", "\u897f\u957f\u7ebf", "\u90a2\u548c\u7ebf", "\u90af\u897f\u4e8c\u8054\u7ebf", "\u957f\u6c99\u5ba2\u8f66\u5916\u7ed5\u7ebf"], "line_source": "osm", "geometry_source": "osm", "distance_ratio": 0.996, "match_confidence": 1.0, "edge_count": 3080}, "geometry": {"type": "LineString", "coordinates": [[113.252061, 23.152413], [113.240232, 23.167654], [113.241228, 23.214924], [113.226648, 23.236301], [113.225239, 23.267409], [113.206726, 23.315408], [113.191026, 23.400594], [113.122269, 23.479825], [113.095719, 23.490238], [113.097712, 23.525331], [113.123588, 23.56615], [113.172349, 23.606678], [113.189364, 23.658075], [113.228974, 23.708564], [113.225065, 23.751791], [113.234979, 23.777855], [113.269157, 23.792526], [113.272532, 23.827611], [113.265556, 23.845581], [113.275462, 23.878573], [113.270564, 23.920258], [113.284004, 23.963356], [113.282016, 23.988667], [113.306565, 24.040992], [113.356525, 24.061704], [113.400568, 24.095137], [113.403662, 24.111965], [113.42915, 24.131402], [113.44031, 24.181079], [113.472485, 24.225989], [113.474795, 24.249586], [113.449263, 24.2746], [113.447932, 24.294621], [113.480161, 24.346701], [113.516709, 24.379814], [113.527642, 24.404085], [113.518767, 24.426404], [113.52377, 24.439202], [113.5775, 24.492625], [113.584261, 24.515552], [113.594315, 24.522322], [113.586695, 24.605396], [113.59831, 24.643649], [113.589635, 24.664344], [113.615243, 24.693286], [113.623552, 24.718194], [113.589533, 24.775657], [113.603726, 24.804128], [113.59828, 24.820456], [113.562192, 24.833391], [113.5044, 24.950224], [113.468887, 24.962145], [113.460288, 24.979991], [113.439742, 24.990827], [113.433589, 25.013005], [113.41314, 25.025172], [113.405538, 25.05964], [113.368873, 25.118713], [113.345986, 25.136277], [113.324554, 25.128054], [113.291168, 25.140977], [113.269947, 25.178737], [113.153001, 25.255213], [113.117078, 25.266766], [113.09568, 25.282518], [113.057227, 25.2823], [113.043346, 25.292441], [113.026121, 25.390888], [113.033904, 25.414086], [113.022443, 25.425088], [113.015936, 25.454225], [113.026412, 25.507734], [112.987337, 25.607307], [112.997247, 25.670482], [113.00712, 25.68297], [113.02769, 25.689113], [113.042176, 25.719116], [113.037635, 25.733663], [113.048115, 25.781991], [113.029452, 25.806023], [113.02077, 25.84073], [113.03466, 25.861681], [113.067432, 25.881376], [113.075926, 25.900724], [113.070275, 25.931598], [113.057103, 25.945549], [113.061236, 25.97786], [113.049113, 25.988843], [113.023714, 25.988981], [112.973681, 26.036794], [112.95523, 26.039488], [112.912442, 26.086059], [112.888176, 26.098147], [112.877613, 26.116254], [112.879491, 26.154931], [112.869041, 26.191518], [112.858289, 26.223492], [112.838618, 26.239691], [112.826258, 26.281054], [112.831301, 26.353583], [112.826893, 26.375588], [112.812416, 26.395096], [112.819175, 26.41674], [112.788164, 26.454963], [112.784404, 26.479567], [112.773116, 26.491726], [112.776685, 26.547337], [112.772754, 26.568036], [112.753208, 26.586944], [112.761438, 26.626755], [112.755533, 26.651557], [112.724415, 26.691219], [112.716924, 26.747366], [112.68724, 26.762976], [112.669382, 26.788287], [112.666016, 26.859333], [112.656993, 26.874161], [112.633092, 26.884393], [112.622788, 26.907379], [112.739006, 26.951448], [112.784784, 27.001864], [112.825224, 27.059484], [112.850178, 27.126583], [112.872902, 27.149433], [112.883211, 27.223796], [112.972208, 27.316621], [113.004334, 27.366426], [113.029539, 27.383364], [113.052398, 27.388185], [113.102181, 27.431993], [113.133675, 27.46724], [113.162243, 27.531589], [113.155767, 27.550252], [113.126379, 27.570433], [113.113253, 27.606474], [113.111214, 27.640308], [113.137953, 27.72864], [113.161379, 27.769808], [113.164973, 27.788518], [113.156808, 27.825652], [113.123174, 27.877485], [113.038318, 27.942422], [112.968491, 28.020829], [112.951684, 28.077626], [112.956367, 28.131823], [113.006135, 28.157227], [113.010473, 28.210903], [112.987787, 28.23307], [112.977492, 28.296015], [112.953553, 28.336604], [112.922156, 28.367342], [112.984356, 28.493201], [113.023542, 28.545305], [113.041959, 28.599846], [113.049783, 28.635096], [113.037916, 28.68116], [113.072125, 28.824755], [113.09183, 28.858924], [113.088705, 28.915611], [113.126363, 29.007842], [113.118477, 29.153449], [113.128457, 29.187353], [113.120918, 29.223945], [113.093302, 29.26699], [113.090888, 29.29842], [113.076947, 29.327884], [113.086474, 29.362378], [113.098845, 29.378518], [113.12439, 29.381285], [113.254602, 29.457048], [113.302852, 29.506641], [113.376639, 29.511854], [113.472804, 29.477234], [113.642353, 29.515404], [113.680776, 29.535801], [113.816232, 29.654426], [113.852437, 29.670463], [113.876953, 29.710522], [113.983844, 29.74356], [114.031346, 29.770944], [114.103344, 29.785181], [114.149076, 29.807607], [114.1777, 29.832447], [114.218793, 29.843389], [114.242097, 29.864074], [114.274091, 29.872906], [114.289966, 29.891878], [114.331686, 29.912163], [114.362364, 29.942962], [114.361841, 30.011478], [114.34777, 30.097539], [114.316707, 30.165919], [114.326954, 30.276761], [114.294981, 30.337592], [114.307285, 30.369247], [114.2974, 30.505117], [114.317826, 30.540359], [114.231678, 30.562455], [114.21998, 30.603631], [114.241252, 30.618833], [114.330865, 30.643785], [114.349402, 30.683729], [114.352126, 30.718268], [114.276298, 30.830897], [114.202685, 30.896643], [114.152241, 30.926144], [114.112643, 30.945339], [114.023257, 30.943215], [113.933564, 30.952506], [113.916269, 30.97129], [113.919251, 31.025795], [113.932156, 31.077374], [113.931439, 31.145846], [113.96928, 31.209989], [113.972917, 31.270133], [113.964788, 31.330491], [113.977173, 31.365121], [113.972614, 31.449429], [113.985774, 31.49102], [114.028356, 31.546494], [114.01664, 31.61232], [114.041489, 31.648105], [114.04656, 31.676679], [114.045281, 31.713018], [114.022532, 31.78548], [114.092182, 31.888234], [114.093824, 31.969287], [114.083151, 32.018649], [114.11312, 32.092425], [114.061904, 32.150127], [114.080841, 32.269071], [114.053664, 32.336523], [114.044206, 32.427438], [114.042703, 32.584479], [114.01932, 32.726142], [114.037249, 32.866008], [114.037273, 33.106975], [114.028957, 33.131279], [114.03806, 33.309089], [114.029332, 33.501495], [114.039249, 33.585676], [113.955319, 33.7159], [113.807603, 34.040359], [113.777681, 34.183462], [113.762623, 34.335441], [113.789747, 34.494907], [113.812748, 34.544559], [113.804854, 34.583877], [113.77233, 34.626459], [113.66627, 34.723242], [113.580988, 34.861371], [113.542098, 34.904189], [113.521387, 34.947626], [113.525745, 35.011626], [113.540966, 35.024538], [113.573087, 35.026909], [113.73011, 35.148497], [113.750748, 35.19125], [113.822663, 35.243593], [113.850387, 35.278681], [113.867626, 35.351949], [113.900832, 35.386962], [114.048752, 35.422669], [114.095198, 35.490522], [114.11451, 35.534687], [114.150629, 35.565842], [114.176656, 35.601442], [114.203209, 35.659479], [114.246762, 35.710147], [114.267545, 35.760183], [114.30365, 35.805904], [114.325805, 35.860897], [114.341898, 35.921974], [114.348697, 36.023484], [114.335792, 36.055287], [114.327182, 36.158131], [114.346465, 36.319569], [114.36376, 36.345308], [114.36642, 36.366265], [114.345962, 36.414682], [114.355485, 36.431243], [114.401593, 36.458417], [114.426979, 36.483853], [114.467567, 36.594029], [114.482997, 36.736221], [114.476324, 36.792992], [114.492073, 36.837222], [114.483282, 36.934999], [114.494637, 36.952047], [114.496696, 36.983415], [114.481651, 37.050628], [114.503272, 37.139915], [114.498498, 37.174966], [114.505133, 37.236788], [114.518844, 37.26346], [114.542537, 37.368349], [114.601705, 37.42535], [114.608172, 37.439832], [114.584857, 37.685993], [114.541098, 37.748338], [114.496591, 37.951818], [114.468164, 37.971272], [114.503652, 38.099466], [114.539837, 38.135393], [114.554939, 38.171423], [114.622563, 38.226141], [114.663613, 38.315293], [114.699067, 38.355055], [114.757425, 38.378304], [114.783885, 38.402105], [114.815398, 38.411456], [114.857003, 38.460835], [114.911874, 38.501014], [114.992776, 38.53903], [115.02895, 38.623109], [115.261533, 38.776379], [115.461312, 38.848797], [115.532651, 38.913311], [115.63096, 39.020151], [115.78345, 39.257122], [115.880238, 39.356996], [115.952191, 39.444538], [115.994127, 39.501461], [116.0231, 39.582945], [116.137593, 39.717326], [116.184321, 39.783549], [116.188038, 39.796957], [116.164251, 39.815376], [116.172979, 39.858197], [116.165816, 39.870145], [116.16982, 39.881344], [116.21794, 39.894831], [116.310886, 39.893272]]}}, {"type": "Feature", "properties": {"trip_id": 6, "date": null, "train": "Z201", "from": "\u5317\u4eac\u897f", "to": "\u5e7f\u5dde", "duration": 1301, "distance": 2289, "fromcity": "\u5317\u4eac", "tocity": "\u5e7f\u5dde", "line": "\u4eac\u5e7f\u7ebf", "fromprov": "\u5317\u4eac\u5e02", "toprov": "\u5e7f\u4e1c\u7701", "id": "Z201", "lines": ["1\u9053", "\u4e0b\u884c\u5ba2\u8f66\u8054\u7edc\u7ebf", "\u4e39\u6c34\u6c60\u8054\u7edc\u7ebf", "\u4eac\u5e7f\u6c49\u53e3\u8054\u7edc\u7ebf", "\u4eac\u5e7f\u7ebf", "\u4eac\u5e7f\u8d27\u8f66\u4e0b\u884c1\u7ebf", "\u4eac\u5e7f\u8d27\u8f66\u4e0b\u884c2\u7ebf", "\u5357\u8d27\u573a\u8d70\u884c\u7ebf", "\u5b81\u897f\u7ebf", "\u5e7f\u6df1\u7ebf", "\u5e7f\u6e05\u57ce\u9645\u7ebf", "\u5f6d\u4fe1\u8054\u7edc\u7ebf", "\u682a\u6d32\u5317\u4e1c\u5230\u8fbe\u7ebf", "\u6b66\u4f59\u8054\u7edc\u7ebf", "\u6c49\u4e39\u7ebf", "\u6c49\u53e3\u6c49\u897f\u8054\u7edc\u7ebf", "\u6c49\u897f\u8054\u7edc\u7ebf", "\u6c5f\u8354\u8054\u7edc\u7ebf", "\u6c64\u9634\u4e1c\u8054\u7edc\u7ebf", "\u6caa\u84c9\u7ebf", "\u70e4\u70df\u7ebf", "\u72ee\u5cad\u8054\u7edc\u7ebf", "\u82b1\u5e7f\u8054\u7edc\u7ebf", "\u8861\u5317\u4e0a\u884c\u51fa\u53d1\u7ebf", "\u8861\u5317\u6e58\u6842\u4e0b\u8054\u7ebf", "\u897f\u957f\u7ebf", "\u90a2\u548c\u7ebf", "\u90af\u897f\u4e8c\u8054\u7ebf", "\u957f\u6c99\u5ba2\u8f66\u5916\u7ed5\u7ebf"], "line_source": "osm", "geometry_source": "osm", "distance_ratio": 0.996, "match_confidence": 1.0, "edge_count": 3080}, "geometry": {"type": "LineString", "coordinates": [[116.310886, 39.893272], [116.21794, 39.894831], [116.16982, 39.881344], [116.165816, 39.870145], [116.172979, 39.858197], [116.164251, 39.815376], [116.188038, 39.796957], [116.184321, 39.783549], [116.137593, 39.717326], [116.0231, 39.582945], [115.994127, 39.501461], [115.952191, 39.444538], [115.880238, 39.356996], [115.78345, 39.257122], [115.63096, 39.020151], [115.532651, 38.913311], [115.461312, 38.848797], [115.261533, 38.776379], [115.02895, 38.623109], [114.992776, 38.53903], [114.911874, 38.501014], [114.857003, 38.460835], [114.815398, 38.411456], [114.783885, 38.402105], [114.757425, 38.378304], [114.699067, 38.355055], [114.663613, 38.315293], [114.622563, 38.226141], [114.554939, 38.171423], [114.539837, 38.135393], [114.503652, 38.099466], [114.468164, 37.971272], [114.496591, 37.951818], [114.541098, 37.748338], [114.584857, 37.685993], [114.608172, 37.439832], [114.601705, 37.42535], [114.542537, 37.368349], [114.518844, 37.26346], [114.505133, 37.236788], [114.498498, 37.174966], [114.503272, 37.139915], [114.481651, 37.050628], [114.496696, 36.983415], [114.494637, 36.952047], [114.483282, 36.934999], [114.492073, 36.837222], [114.476324, 36.792992], [114.482997, 36.736221], [114.467567, 36.594029], [114.426979, 36.483853], [114.401593, 36.458417], [114.355485, 36.431243], [114.345962, 36.414682], [114.36642, 36.366265], [114.36376, 36.345308], [114.346465, 36.319569], [114.327182, 36.158131], [114.335792, 36.055287], [114.348697, 36.023484], [114.341898, 35.921974], [114.325805, 35.860897], [114.30365, 35.805904], [114.267545, 35.760183], [114.246762, 35.710147], [114.203209, 35.659479], [114.176656, 35.601442], [114.150629, 35.565842], [114.11451, 35.534687], [114.095198, 35.490522], [114.048752, 35.422669], [113.900832, 35.386962], [113.867626, 35.351949], [113.850387, 35.278681], [113.822663, 35.243593], [113.750748, 35.19125], [113.73011, 35.148497], [113.573087, 35.026909], [113.540966, 35.024538], [113.525745, 35.011626], [113.521387, 34.947626], [113.542098, 34.904189], [113.580988, 34.861371], [113.66627, 34.723242], [113.77233, 34.626459], [113.804854, 34.583877], [113.812748, 34.544559], [113.789747, 34.494907], [113.762623, 34.335441], [113.777681, 34.183462], [113.807603, 34.040359], [113.955319, 33.7159], [114.039249, 33.585676], [114.029332, 33.501495], [114.03806, 33.309089], [114.028957, 33.131279], [114.037273, 33.106975], [114.037249, 32.866008], [114.01932, 32.726142], [114.042703, 32.584479], [114.044206, 32.427438], [114.053664, 32.336523], [114.080841, 32.269071], [114.061904, 32.150127], [114.11312, 32.092425], [114.083151, 32.018649], [114.093824, 31.969287], [114.092182, 31.888234], [114.022532, 31.78548], [114.045281, 31.713018], [114.04656, 31.676679], [114.041489, 31.648105], [114.01664, 31.61232], [114.028356, 31.546494], [113.985774, 31.49102], [113.972614, 31.449429], [113.977173, 31.365121], [113.964788, 31.330491], [113.972917, 31.270133], [113.96928, 31.209989], [113.931439, 31.145846], [113.932156, 31.077374], [113.919251, 31.025795], [113.916269, 30.97129], [113.933564, 30.952506], [114.023257, 30.943215], [114.112643, 30.945339], [114.152241, 30.926144], [114.202685, 30.896643], [114.276298, 30.830897], [114.352126, 30.718268], [114.349402, 30.683729], [114.330865, 30.643785], [114.241252, 30.618833], [114.21998, 30.603631], [114.231678, 30.562455], [114.317826, 30.540359], [114.2974, 30.505117], [114.307285, 30.369247], [114.294981, 30.337592], [114.326954, 30.276761], [114.316707, 30.165919], [114.34777, 30.097539], [114.361841, 30.011478], [114.362364, 29.942962], [114.331686, 29.912163], [114.289966, 29.891878], [114.274091, 29.872906], [114.242097, 29.864074], [114.218793, 29.843389], [114.1777, 29.832447], [114.149076, 29.807607], [114.103344, 29.785181], [114.031346, 29.770944], [113.983844, 29.74356], [113.876953, 29.710522], [113.852437, 29.670463], [113.816232, 29.654426], [113.680776, 29.535801], [113.642353, 29.515404], [113.472804, 29.477234], [113.376639, 29.511854], [113.302852, 29.506641], [113.254602, 29.457048], [113.12439, 29.381285], [113.098845, 29.378518], [113.086474, 29.362378], [113.076947, 29.327884], [113.090888, 29.29842], [113.093302, 29.26699], [113.120918, 29.223945], [113.128457, 29.187353], [113.118477, 29.153449], [113.126363, 29.007842], [113.088705, 28.915611], [113.09183, 28.858924], [113.072125, 28.824755], [113.037916, 28.68116], [113.049783, 28.635096], [113.041959, 28.599846], [113.023542, 28.545305], [112.984356, 28.493201], [112.922156, 28.367342], [112.953553, 28.336604], [112.977492, 28.296015], [112.987787, 28.23307], [113.010473, 28.210903], [113.006135, 28.157227], [112.956367, 28.131823], [112.951684, 28.077626], [112.968491, 28.020829], [113.038318, 27.942422], [113.123174, 27.877485], [113.156808, 27.825652], [113.164973, 27.788518], [113.161379, 27.769808], [113.137953, 27.72864], [113.111214, 27.640308], [113.113253, 27.606474], [113.126379, 27.570433], [113.155767, 27.550252], [113.162243, 27.531589], [113.133675, 27.46724], [113.102181, 27.431993], [113.052398, 27.388185], [113.029539, 27.383364], [113.004334, 27.366426], [112.972208, 27.316621], [112.883211, 27.223796], [112.872902, 27.149433], [112.850178, 27.126583], [112.825224, 27.059484], [112.784784, 27.001864], [112.739006, 26.951448], [112.622788, 26.907379], [112.633092, 26.884393], [112.656993, 26.874161], [112.666016, 26.859333], [112.669382, 26.788287], [112.68724, 26.762976], [112.716924, 26.747366], [112.724415, 26.691219], [112.755533, 26.651557], [112.761438, 26.626755], [112.753208, 26.586944], [112.772754, 26.568036], [112.776685, 26.547337], [112.773116, 26.491726], [112.784404, 26.479567], [112.788164, 26.454963], [112.819175, 26.41674], [112.812416, 26.395096], [112.826893, 26.375588], [112.831301, 26.353583], [112.826258, 26.281054], [112.838618, 26.239691], [112.858289, 26.223492], [112.869041, 26.191518], [112.879491, 26.154931], [112.877613, 26.116254], [112.888176, 26.098147], [112.912442, 26.086059], [112.95523, 26.039488], [112.973681, 26.036794], [113.023714, 25.988981], [113.049113, 25.988843], [113.061236, 25.97786], [113.057103, 25.945549], [113.070275, 25.931598], [113.075926, 25.900724], [113.067432, 25.881376], [113.03466, 25.861681], [113.02077, 25.84073], [113.029452, 25.806023], [113.048115, 25.781991], [113.037635, 25.733663], [113.042176, 25.719116], [113.02769, 25.689113], [113.00712, 25.68297], [112.997247, 25.670482], [112.987337, 25.607307], [113.026412, 25.507734], [113.015936, 25.454225], [113.022443, 25.425088], [113.033904, 25.414086], [113.026121, 25.390888], [113.043346, 25.292441], [113.057227, 25.2823], [113.09568, 25.282518], [113.117078, 25.266766], [113.153001, 25.255213], [113.269947, 25.178737], [113.291168, 25.140977], [113.324554, 25.128054], [113.345986, 25.136277], [113.368873, 25.118713], [113.405538, 25.05964], [113.41314, 25.025172], [113.433589, 25.013005], [113.439742, 24.990827], [113.460288, 24.979991], [113.468887, 24.962145], [113.5044, 24.950224], [113.562192, 24.833391], [113.59828, 24.820456], [113.603726, 24.804128], [113.589533, 24.775657], [113.623552, 24.718194], [113.615243, 24.693286], [113.589635, 24.664344], [113.59831, 24.643649], [113.586695, 24.605396], [113.594315, 24.522322], [113.584261, 24.515552], [113.5775, 24.492625], [113.52377, 24.439202], [113.518767, 24.426404], [113.527642, 24.404085], [113.516709, 24.379814], [113.480161, 24.346701], [113.447932, 24.294621], [113.449263, 24.2746], [113.474795, 24.249586], [113.472485, 24.225989], [113.44031, 24.181079], [113.42915, 24.131402], [113.403662, 24.111965], [113.400568, 24.095137], [113.356525, 24.061704], [113.306565, 24.040992], [113.282016, 23.988667], [113.284004, 23.963356], [113.270564, 23.920258], [113.275462, 23.878573], [113.265556, 23.845581], [113.272532, 23.827611], [113.269157, 23.792526], [113.234979, 23.777855], [113.225065, 23.751791], [113.228974, 23.708564], [113.189364, 23.658075], [113.172349, 23.606678], [113.123588, 23.56615], [113.097712, 23.525331], [113.095719, 23.490238], [113.122269, 23.479825], [113.191026, 23.400594], [113.206726, 23.315408], [113.225239, 23.267409], [113.226648, 23.236301], [113.241228, 23.214924], [113.240232, 23.167654], [113.252061, 23.152413]]}}, {"type": "Feature", "properties": {"trip_id": 7, "date": null, "train": "Z386", "from": "\u4f5b\u5c71", "to": "\u4eb3\u5dde", "duration": 1155, "distance": 1781, "fromcity": "\u4f5b\u5c71", "tocity": "\u4eb3\u5dde", "line": "\u5e7f\u6e5b\u7ebf", "fromprov": "\u5e7f\u4e1c\u7701", "toprov": "\u5b89\u5fbd\u7701", "id": "Z386", "lines": ["4\u9053", "5\u9053", "\u4e0b\u884c\u5ba2\u8f66\u8054\u7edc\u7ebf", "\u4eac\u4e5d\u7ebf", "\u4eac\u5e7f\u7ebf", "\u4eac\u6e2f\u9ad8\u901f\u7ebf", "\u4f55\u5bb6\u8054\u7edc\u7ebf", "\u5409\u5b89\u5357\u758f\u89e3", "\u5409\u8861\u7ebf", "\u5411\u5858\u216a\u9053\u7ebf", "\u5e7f\u6df1\u7ebf", "\u5e7f\u6e05\u57ce\u9645\u7ebf", "\u5e7f\u6e5b\u9ad8\u901f\u7ebf", "\u6000\u8861\u7ebf", "\u660c\u4e5d\u57ce\u9645\u7ebf", "\u6b66\u4e5d\u5ba2\u4e13\u7ebf", "\u6c5f\u8354\u8054\u7edc\u7ebf", "\u72ee\u5cad\u8054\u7edc\u7ebf", "\u82b1\u5e7f\u8054\u7edc\u7ebf", "\u8861\u5317\u4e0a\u884c\u51fa\u53d1\u7ebf", "\u8861\u5317\u6e58\u6842\u4e0b\u8054\u7ebf", "\u94dc\u4e5d\u7ebf", "\u957f\u5858\u8054\u7edc\u7ebf", "\u961c\u6dee\u7ebf", "\u961c\u9633\u4e0b\u884c\u8054\u7edc\u7ebf"], "line_source": "osm", "geometry_source": "osm", "distance_ratio": 0.997, "match_confidence": 1.0, "edge_count": 1975}, "geometry": {"type": "LineString", "coordinates": [[113.102195, 23.048704], [113.1184, 23.085591], [113.196111, 23.102758], [113.211921, 23.126165], [113.238507, 23.140613], [113.241098, 23.154747], [113.252061, 23.152413], [113.240232, 23.167654], [113.241228, 23.214924], [113.226648, 23.236301], [113.225239, 23.267409], [113.206726, 23.315408], [113.191026, 23.400594], [113.122269, 23.479825], [113.095719, 23.490238], [113.097865, 23.525906], [113.123588, 23.56615], [113.172349, 23.606678], [113.189364, 23.658075], [113.228974, 23.708564], [113.225065, 23.751791], [113.234979, 23.777855], [113.269157, 23.792526], [113.272532, 23.827611], [113.265556, 23.845581], [113.275462, 23.878573], [113.270564, 23.920258], [113.284004, 23.963356], [113.282016, 23.988667], [113.306565, 24.040992], [113.356525, 24.061704], [113.400568, 24.095137], [113.403662, 24.111965], [113.42915, 24.131402], [113.44031, 24.181079], [113.472485, 24.225989], [113.474795, 24.249586], [113.449263, 24.2746], [113.447932, 24.294621], [113.480161, 24.346701], [113.516709, 24.379814], [113.527642, 24.404085], [113.518767, 24.426404], [113.52377, 24.439202], [113.5775, 24.492625], [113.584261, 24.515552], [113.594315, 24.522322], [113.586695, 24.605396], [113.59831, 24.643649], [113.589635, 24.664344], [113.615243, 24.693286], [113.623596, 24.71785], [113.589533, 24.775657], [113.603726, 24.804128], [113.59828, 24.820456], [113.562192, 24.833391], [113.5044, 24.950224], [113.468887, 24.962145], [113.460288, 24.979991], [113.439742, 24.990827], [113.433589, 25.013005], [113.41314, 25.025172], [113.405538, 25.05964], [113.368873, 25.118713], [113.345986, 25.136277], [113.324554, 25.128054], [113.291168, 25.140977], [113.269947, 25.178737], [113.153001, 25.255213], [113.117078, 25.266766], [113.09568, 25.282518], [113.057227, 25.2823], [113.043346, 25.292441], [113.026121, 25.390888], [113.033904, 25.414086], [113.022443, 25.425088], [113.015936, 25.454225], [113.026412, 25.507734], [112.987337, 25.607307], [112.997247, 25.670482], [113.00712, 25.68297], [113.02769, 25.689113], [113.042176, 25.719116], [113.037635, 25.733663], [113.048115, 25.781991], [113.029452, 25.806023], [113.02077, 25.84073], [113.03466, 25.861681], [113.067432, 25.881376], [113.075926, 25.900724], [113.070275, 25.931598], [113.057103, 25.945549], [113.061236, 25.97786], [113.049113, 25.988843], [113.023714, 25.988981], [112.973681, 26.036794], [112.95523, 26.039488], [112.912442, 26.086059], [112.888176, 26.098147], [112.877182, 26.117172], [112.879491, 26.154931], [112.869041, 26.191518], [112.858289, 26.223492], [112.838618, 26.239691], [112.826258, 26.281054], [112.831301, 26.353583], [112.826893, 26.375588], [112.812416, 26.395096], [112.819175, 26.41674], [112.788164, 26.454963], [112.784404, 26.479567], [112.773116, 26.491726], [112.776685, 26.547337], [112.772754, 26.568036], [112.753208, 26.586944], [112.761438, 26.626755], [112.755533, 26.651557], [112.724415, 26.691219], [112.716924, 26.747366], [112.68724, 26.762976], [112.669382, 26.788287], [112.666016, 26.859333], [112.656993, 26.874161], [112.633092, 26.884393], [112.623654, 26.910031], [112.723176, 26.945318], [112.753426, 26.942504], [112.788475, 26.914733], [112.868745, 26.875794], [113.006058, 26.790182], [113.051156, 26.751416], [113.077383, 26.740465], [113.146051, 26.755264], [113.187528, 26.750294], [113.234434, 26.761187], [113.312498, 26.838708], [113.353077, 26.849526], [113.389188, 26.841709], [113.419094, 26.817457], [113.467741, 26.799098], [113.510843, 26.758157], [113.525181, 26.730234], [113.540643, 26.657177], [113.562171, 26.627018], [113.567514, 26.579729], [113.57872, 26.559396], [113.614601, 26.542578], [113.650788, 26.50506], [113.735771, 26.494501], [113.795829, 26.512242], [113.836384, 26.564578], [113.883837, 26.591598], [113.920093, 26.63786], [113.939233, 26.707781], [114.004478, 26.75138], [114.023709, 26.753397], [114.084171, 26.737184], [114.131408, 26.717222], [114.26234, 26.707309], [114.281701, 26.726341], [114.345338, 26.746152], [114.380926, 26.793572], [114.406855, 26.812107], [114.430354, 26.849787], [114.470657, 26.871319], [114.552099, 26.884402], [114.602144, 26.879651], [114.700403, 26.949522], [114.796899, 26.969345], [114.869807, 27.008491], [114.964698, 27.001426], [114.963912, 27.03403], [115.011932, 27.068938], [115.018708, 27.121774], [115.083968, 27.159455], [115.12147, 27.16638], [115.136023, 27.195559], [115.142346, 27.273058], [115.18459, 27.367905], [115.221394, 27.393169], [115.234385, 27.415648], [115.312967, 27.49741], [115.329113, 27.538615], [115.328747, 27.595693], [115.3472, 27.630119], [115.353351, 27.660572], [115.393753, 27.699437], [115.393416, 27.746241], [115.416514, 27.734564], [115.48652, 27.870785], [115.528285, 27.915775], [115.578476, 27.957015], [115.641479, 27.991941], [115.68727, 28.040578], [115.755595, 28.092377], [115.871832, 28.248552], [115.932327, 28.290225], [115.973176, 28.355514], [115.984865, 28.389843], [115.984126, 28.431375], [115.951182, 28.465079], [115.948182, 28.4797], [115.955962, 28.449619], [115.941141, 28.560191], [115.908951, 28.635626], [115.915921, 28.706084], [115.899007, 28.72552], [115.863215, 28.728826], [115.848477, 28.779954], [115.872761, 28.833471], [115.815342, 28.974659], [115.805888, 29.118388], [115.777996, 29.227409], [115.753526, 29.289211], [115.78454, 29.344391], [115.793622, 29.389841], [115.831017, 29.48997], [115.874642, 29.564619], [115.880525, 29.626574], [115.920354, 29.668036], [115.977013, 29.686799], [116.024428, 29.725749], [116.004759, 29.767143], [115.998034, 29.853523], [115.971439, 29.87602], [115.936151, 29.881011], [115.909264, 29.897775], [115.829618, 29.884345], [115.721955, 29.906753], [115.644628, 29.954204], [115.621145, 29.988218], [115.59057, 30.005341], [115.566087, 30.033777], [115.515447, 30.060329], [115.494794, 30.086121], [115.491002, 30.10462], [115.44928, 30.175537], [115.455601, 30.226255], [115.42263, 30.258984], [115.411419, 30.282102], [115.332639, 30.32365], [115.305276, 30.352261], [115.284908, 30.360912], [115.26041, 30.387915], [115.227289, 30.458048], [115.181974, 30.496233], [115.074762, 30.562763], [115.015727, 30.578651], [114.952412, 30.619698], [114.919802, 30.681555], [114.886128, 30.787433], [114.911278, 30.912257], [114.954014, 31.033848], [114.966465, 31.127771], [114.93236, 31.220121], [114.901258, 31.238445], [114.882115, 31.277216], [114.873194, 31.345043], [114.851172, 31.36099], [114.8833, 31.47687], [114.873618, 31.515249], [114.883578, 31.549954], [114.875574, 31.587084], [114.886839, 31.657432], [114.88285, 31.76322], [114.889435, 31.8139], [114.922108, 31.931472], [114.9525, 31.966949], [114.97401, 32.008798], [115.05638, 32.071017], [115.108828, 32.124934], [115.178534, 32.229573], [115.2801, 32.294713], [115.314242, 32.327477], [115.321923, 32.352498], [115.311067, 32.402698], [115.314256, 32.422236], [115.341566, 32.470554], [115.417659, 32.511195], [115.481347, 32.598837], [115.562574, 32.649868], [115.666049, 32.741079], [115.850111, 32.877841], [115.861088, 32.899738], [115.866891, 32.979207], [115.83475, 33.14009], [115.806671, 33.448607], [115.79201, 33.842601]]}}, {"type": "Feature", "properties": {"trip_id": 8, "date": null, "train": "Z385", "from": "\u4eb3\u5dde", "to": "\u4f5b\u5c71", "duration": 1207, "distance": 1781, "fromcity": "\u4eb3\u5dde", "tocity": "\u4f5b\u5c71", "line": "\u5e7f\u6e5b\u7ebf", "fromprov": "\u5b89\u5fbd\u7701", "toprov": "\u5e7f\u4e1c\u7701", "id": "Z385", "lines": ["4\u9053", "5\u9053", "\u4e0b\u884c\u5ba2\u8f66\u8054\u7edc\u7ebf", "\u4eac\u4e5d\u7ebf", "\u4eac\u5e7f\u7ebf", "\u4eac\u6e2f\u9ad8\u901f\u7ebf", "\u4f55\u5bb6\u8054\u7edc\u7ebf", "\u5409\u5b89\u5357\u758f\u89e3", "\u5409\u8861\u7ebf", "\u5411\u5858\u216a\u9053\u7ebf", "\u5e7f\u6df1\u7ebf", "\u5e7f\u6e05\u57ce\u9645\u7ebf", "\u5e7f\u6e5b\u9ad8\u901f\u7ebf", "\u6000\u8861\u7ebf", "\u660c\u4e5d\u57ce\u9645\u7ebf", "\u6b66\u4e5d\u5ba2\u4e13\u7ebf", "\u6c5f\u8354\u8054\u7edc\u7ebf", "\u72ee\u5cad\u8054\u7edc\u7ebf", "\u82b1\u5e7f\u8054\u7edc\u7ebf", "\u8861\u5317\u4e0a\u884c\u51fa\u53d1\u7ebf", "\u8861\u5317\u6e58\u6842\u4e0b\u8054\u7ebf", "\u94dc\u4e5d\u7ebf", "\u957f\u5858\u8054\u7edc\u7ebf", "\u961c\u6dee\u7ebf", "\u961c\u9633\u4e0b\u884c\u8054\u7edc\u7ebf"], "line_source": "osm", "geometry_source": "osm", "distance_ratio": 0.997, "match_confidence": 1.0, "edge_count": 1975}, "geometry": {"type": "LineString", "coordinates": [[115.79201, 33.842601], [115.806671, 33.448607], [115.83475, 33.14009], [115.866891, 32.979207], [115.861088, 32.899738], [115.850111, 32.877841], [115.666049, 32.741079], [115.562574, 32.649868], [115.481347, 32.598837], [115.417659, 32.511195], [115.341566, 32.470554], [115.314256, 32.422236], [115.311067, 32.402698], [115.321923, 32.352498], [115.314242, 32.327477], [115.2801, 32.294713], [115.178534, 32.229573], [115.108828, 32.124934], [115.05638, 32.071017], [114.97401, 32.008798], [114.9525, 31.966949], [114.922108, 31.931472], [114.889435, 31.8139], [114.88285, 31.76322], [114.886839, 31.657432], [114.875574, 31.587084], [114.883578, 31.549954], [114.873618, 31.515249], [114.8833, 31.47687], [114.851172, 31.36099], [114.873194, 31.345043], [114.882115, 31.277216], [114.901258, 31.238445], [114.93236, 31.220121], [114.966465, 31.127771], [114.954014, 31.033848], [114.911278, 30.912257], [114.886128, 30.787433], [114.919802, 30.681555], [114.952412, 30.619698], [115.015727, 30.578651], [115.074762, 30.562763], [115.181974, 30.496233], [115.227289, 30.458048], [115.26041, 30.387915], [115.284908, 30.360912], [115.305276, 30.352261], [115.332639, 30.32365], [115.411419, 30.282102], [115.42263, 30.258984], [115.455601, 30.226255], [115.44928, 30.175537], [115.491002, 30.10462], [115.494794, 30.086121], [115.515447, 30.060329], [115.566087, 30.033777], [115.59057, 30.005341], [115.621145, 29.988218], [115.644628, 29.954204], [115.721955, 29.906753], [115.829618, 29.884345], [115.909264, 29.897775], [115.936151, 29.881011], [115.971439, 29.87602], [115.998034, 29.853523], [116.004759, 29.767143], [116.024428, 29.725749], [115.977013, 29.686799], [115.920354, 29.668036], [115.880525, 29.626574], [115.874642, 29.564619], [115.831017, 29.48997], [115.793622, 29.389841], [115.78454, 29.344391], [115.753526, 29.289211], [115.777996, 29.227409], [115.805888, 29.118388], [115.815342, 28.974659], [115.872761, 28.833471], [115.848477, 28.779954], [115.863215, 28.728826], [115.899007, 28.72552], [115.915921, 28.706084], [115.908951, 28.635626], [115.941141, 28.560191], [115.955962, 28.449619], [115.948182, 28.4797], [115.951182, 28.465079], [115.984126, 28.431375], [115.984865, 28.389843], [115.973176, 28.355514], [115.932327, 28.290225], [115.871832, 28.248552], [115.755595, 28.092377], [115.68727, 28.040578], [115.641479, 27.991941], [115.578476, 27.957015], [115.528285, 27.915775], [115.48652, 27.870785], [115.416514, 27.734564], [115.393416, 27.746241], [115.393753, 27.699437], [115.353351, 27.660572], [115.3472, 27.630119], [115.328747, 27.595693], [115.329113, 27.538615], [115.312967, 27.49741], [115.234385, 27.415648], [115.221394, 27.393169], [115.18459, 27.367905], [115.142346, 27.273058], [115.136023, 27.195559], [115.12147, 27.16638], [115.083968, 27.159455], [115.018708, 27.121774], [115.011932, 27.068938], [114.963912, 27.03403], [114.964698, 27.001426], [114.869807, 27.008491], [114.796899, 26.969345], [114.700403, 26.949522], [114.602144, 26.879651], [114.552099, 26.884402], [114.470657, 26.871319], [114.430354, 26.849787], [114.406855, 26.812107], [114.380926, 26.793572], [114.345338, 26.746152], [114.281701, 26.726341], [114.26234, 26.707309], [114.131408, 26.717222], [114.084171, 26.737184], [114.023709, 26.753397], [114.004478, 26.75138], [113.939233, 26.707781], [113.920093, 26.63786], [113.883837, 26.591598], [113.836384, 26.564578], [113.795829, 26.512242], [113.735771, 26.494501], [113.650788, 26.50506], [113.614601, 26.542578], [113.57872, 26.559396], [113.567514, 26.579729], [113.562171, 26.627018], [113.540643, 26.657177], [113.525181, 26.730234], [113.510843, 26.758157], [113.467741, 26.799098], [113.419094, 26.817457], [113.389188, 26.841709], [113.353077, 26.849526], [113.312498, 26.838708], [113.234434, 26.761187], [113.187528, 26.750294], [113.146051, 26.755264], [113.077383, 26.740465], [113.051156, 26.751416], [113.006058, 26.790182], [112.868745, 26.875794], [112.788475, 26.914733], [112.753426, 26.942504], [112.723176, 26.945318], [112.623654, 26.910031], [112.633092, 26.884393], [112.656993, 26.874161], [112.666016, 26.859333], [112.669382, 26.788287], [112.68724, 26.762976], [112.716924, 26.747366], [112.724415, 26.691219], [112.755533, 26.651557], [112.761438, 26.626755], [112.753208, 26.586944], [112.772754, 26.568036], [112.776685, 26.547337], [112.773116, 26.491726], [112.784404, 26.479567], [112.788164, 26.454963], [112.819175, 26.41674], [112.812416, 26.395096], [112.826893, 26.375588], [112.831301, 26.353583], [112.826258, 26.281054], [112.838618, 26.239691], [112.858289, 26.223492], [112.869041, 26.191518], [112.879491, 26.154931], [112.877182, 26.117172], [112.888176, 26.098147], [112.912442, 26.086059], [112.95523, 26.039488], [112.973681, 26.036794], [113.023714, 25.988981], [113.049113, 25.988843], [113.061236, 25.97786], [113.057103, 25.945549], [113.070275, 25.931598], [113.075926, 25.900724], [113.067432, 25.881376], [113.03466, 25.861681], [113.02077, 25.84073], [113.029452, 25.806023], [113.048115, 25.781991], [113.037635, 25.733663], [113.042176, 25.719116], [113.02769, 25.689113], [113.00712, 25.68297], [112.997247, 25.670482], [112.987337, 25.607307], [113.026412, 25.507734], [113.015936, 25.454225], [113.022443, 25.425088], [113.033904, 25.414086], [113.026121, 25.390888], [113.043346, 25.292441], [113.057227, 25.2823], [113.09568, 25.282518], [113.117078, 25.266766], [113.153001, 25.255213], [113.269947, 25.178737], [113.291168, 25.140977], [113.324554, 25.128054], [113.345986, 25.136277], [113.368873, 25.118713], [113.405538, 25.05964], [113.41314, 25.025172], [113.433589, 25.013005], [113.439742, 24.990827], [113.460288, 24.979991], [113.468887, 24.962145], [113.5044, 24.950224], [113.562192, 24.833391], [113.59828, 24.820456], [113.603726, 24.804128], [113.589533, 24.775657], [113.623596, 24.71785], [113.615243, 24.693286], [113.589635, 24.664344], [113.59831, 24.643649], [113.586695, 24.605396], [113.594315, 24.522322], [113.584261, 24.515552], [113.5775, 24.492625], [113.52377, 24.439202], [113.518767, 24.426404], [113.527642, 24.404085], [113.516709, 24.379814], [113.480161, 24.346701], [113.447932, 24.294621], [113.449263, 24.2746], [113.474795, 24.249586], [113.472485, 24.225989], [113.44031, 24.181079], [113.42915, 24.131402], [113.403662, 24.111965], [113.400568, 24.095137], [113.356525, 24.061704], [113.306565, 24.040992], [113.282016, 23.988667], [113.284004, 23.963356], [113.270564, 23.920258], [113.275462, 23.878573], [113.265556, 23.845581], [113.272532, 23.827611], [113.269157, 23.792526], [113.234979, 23.777855], [113.225065, 23.751791], [113.228974, 23.708564], [113.189364, 23.658075], [113.172349, 23.606678], [113.123588, 23.56615], [113.097865, 23.525906], [113.095719, 23.490238], [113.122269, 23.479825], [113.191026, 23.400594], [113.206726, 23.315408], [113.225239, 23.267409], [113.226648, 23.236301], [113.241228, 23.214924], [113.240232, 23.167654], [113.252061, 23.152413], [113.241098, 23.154747], [113.238507, 23.140613], [113.211921, 23.126165], [113.196111, 23.102758], [113.1184, 23.085591], [113.102195, 23.048704]]}}, {"type": "Feature", "properties": {"trip_id": 9, "date": null, "train": "K4072", "from": "\u5e7f\u5dde\u4e1c", "to": "\u5408\u80a5", "duration": 1041, "distance": 1294, "fromcity": "\u5e7f\u5dde", "tocity": "\u5408\u80a5", "line": "\u4eac\u5e7f\u7ebf", "fromprov": "\u5e7f\u4e1c\u7701", "toprov": "\u5b89\u5fbd\u7701", "id": "K4072", "lines": ["\u4e0b\u884c\u5ba2\u8f66\u8054\u7edc\u7ebf", "\u4eac\u4e5d\u7ebf", "\u4eac\u5e7f\u7ebf", "\u4eac\u6e2f\u9ad8\u901f\u7ebf", "\u4f55\u5bb6\u8054\u7edc\u7ebf", "\u5408\u4e5d\u7ebf", "\u5408\u65b0\u9ad8\u901f\u7ebf", "\u5408\u6b66\u7ed5\u884c\u7ebf", "\u5411\u5858\u216a\u9053\u7ebf", "\u5e7f\u6df1\u7ebf", "\u5e7f\u6e05\u57ce\u9645\u7ebf", "\u660c\u4e5d\u57ce\u9645\u7ebf", "\u6b66\u4e5d\u5ba2\u4e13\u7ebf", "\u6c5f\u8354\u8054\u7edc\u7ebf", "\u6dee\u5357\u7ed5\u884c\u7ebf", "\u72ee\u5cad\u8054\u7edc\u7ebf", "\u82b1\u5e7f\u8054\u7edc\u7ebf", "\u8d63\u97f6\u7ebf", "\u94dc\u4e5d\u7ebf"], "line_source": "osm", "geometry_source": "osm", "distance_ratio": 0.999, "match_confidence": 1.0, "edge_count": 1421}, "geometry": {"type": "LineString", "coordinates": [[113.252061, 23.152413], [113.240232, 23.167654], [113.241228, 23.214924], [113.226648, 23.236301], [113.225239, 23.267409], [113.206726, 23.315408], [113.191026, 23.400594], [113.122269, 23.479825], [113.095719, 23.490238], [113.097712, 23.525331], [113.123588, 23.56615], [113.172349, 23.606678], [113.189364, 23.658075], [113.228974, 23.708564], [113.225065, 23.751791], [113.234979, 23.777855], [113.269157, 23.792526], [113.272532, 23.827611], [113.265556, 23.845581], [113.275462, 23.878573], [113.270564, 23.920258], [113.284004, 23.963356], [113.282016, 23.988667], [113.306565, 24.040992], [113.374214, 24.073856], [113.400568, 24.095137], [113.403921, 24.112285], [113.428915, 24.131006], [113.44031, 24.181079], [113.473306, 24.229166], [113.474795, 24.249586], [113.449263, 24.2746], [113.44823, 24.295358], [113.497278, 24.367894], [113.516709, 24.379814], [113.527642, 24.404085], [113.518767, 24.426404], [113.52377, 24.439202], [113.5775, 24.492625], [113.584261, 24.515552], [113.594509, 24.522829], [113.586695, 24.605396], [113.59831, 24.643649], [113.589635, 24.664344], [113.615243, 24.693286], [113.623612, 24.717491], [113.589381, 24.776324], [113.603801, 24.803886], [113.598356, 24.838497], [113.616298, 24.853064], [113.7189, 24.864286], [113.756465, 24.89482], [113.789873, 24.946577], [113.836123, 24.991959], [113.95893, 24.996978], [114.024943, 24.966393], [114.084068, 24.97101], [114.227848, 25.049996], [114.262443, 25.11133], [114.295713, 25.133423], [114.315576, 25.165026], [114.339807, 25.183975], [114.383261, 25.252708], [114.383178, 25.274996], [114.360583, 25.307576], [114.355745, 25.338363], [114.381427, 25.4021], [114.406773, 25.433399], [114.504202, 25.490161], [114.745005, 25.597034], [114.775288, 25.641962], [114.790362, 25.691841], [114.812724, 25.715536], [114.862635, 25.736259], [114.889526, 25.765698], [114.958427, 25.806688], [114.959139, 25.834429], [114.981795, 25.863197], [115.018754, 25.881395], [115.072026, 25.932419], [115.127421, 25.965552], [115.162525, 26.027961], [115.195053, 26.043107], [115.253034, 26.090172], [115.291164, 26.154997], [115.308388, 26.218391], [115.305755, 26.287314], [115.316922, 26.321623], [115.308765, 26.366036], [115.279355, 26.424388], [115.269547, 26.465963], [115.275118, 26.502324], [115.259127, 26.536383], [115.229089, 26.554088], [115.203565, 26.556236], [115.180975, 26.58113], [115.119162, 26.580976], [115.082449, 26.642839], [115.051608, 26.662113], [115.012701, 26.654182], [114.943556, 26.714252], [114.940736, 26.892629], [114.980205, 26.98355], [114.961035, 27.012173], [114.963912, 27.03403], [115.010801, 27.066444], [115.019228, 27.122293], [115.083968, 27.159455], [115.123007, 27.16876], [115.136023, 27.195559], [115.142346, 27.273058], [115.18459, 27.367905], [115.221394, 27.393169], [115.313875, 27.499079], [115.329113, 27.538615], [115.328747, 27.595693], [115.3472, 27.630119], [115.353351, 27.660572], [115.393753, 27.699437], [115.393416, 27.746241], [115.416514, 27.734564], [115.48652, 27.870785], [115.528285, 27.915775], [115.578476, 27.957015], [115.641479, 27.991941], [115.68727, 28.040578], [115.755595, 28.092377], [115.871832, 28.248552], [115.932327, 28.290225], [115.973176, 28.355514], [115.984865, 28.389843], [115.984126, 28.431375], [115.951182, 28.465079], [115.948182, 28.4797], [115.955962, 28.449619], [115.941141, 28.560191], [115.908951, 28.635626], [115.915921, 28.706084], [115.899007, 28.72552], [115.863215, 28.728826], [115.848477, 28.779954], [115.872761, 28.833471], [115.815342, 28.974659], [115.805888, 29.118388], [115.777996, 29.227409], [115.75362, 29.286894], [115.765079, 29.318878], [115.78454, 29.344391], [115.793622, 29.389841], [115.831017, 29.48997], [115.874642, 29.564619], [115.880525, 29.626574], [115.920354, 29.668036], [115.977013, 29.686799], [116.024869, 29.727132], [116.004784, 29.767147], [115.996608, 29.856371], [115.96976, 29.876791], [115.932529, 29.88262], [115.890221, 29.920344], [115.897042, 30.038659], [115.927962, 30.091134], [115.993373, 30.131553], [116.027225, 30.184351], [116.088509, 30.214714], [116.154295, 30.31156], [116.213038, 30.36245], [116.265329, 30.448213], [116.401867, 30.50819], [116.423897, 30.539558], [116.514795, 30.605824], [116.566653, 30.673288], [116.674519, 30.697297], [116.793359, 30.745391], [116.821837, 30.771075], [116.831711, 30.787189], [116.854719, 30.8931], [116.861492, 30.968003], [116.928393, 31.028581], [116.955696, 31.030852], [117.003094, 31.102182], [117.115289, 31.214316], [117.168031, 31.296281], [117.174656, 31.329432], [117.153019, 31.453608], [117.156768, 31.57782], [117.137223, 31.628318], [117.092234, 31.632154], [117.073934, 31.646133], [117.073403, 31.661245], [117.083273, 31.676585], [117.129943, 31.707286], [117.15398, 31.751957], [117.208379, 31.823529], [117.212373, 31.853464], [117.235432, 31.882224], [117.265229, 31.908527], [117.283598, 31.91306], [117.307071, 31.890395]]}}, {"type": "Feature", "properties": {"trip_id": 10, "date": "2018-02-22T00:00:00", "train": "T3089", "from": "\u5408\u80a5", "to": "\u5e7f\u5dde\u4e1c", "duration": 1279, "distance": 1294, "fromcity": "\u5408\u80a5", "tocity": "\u5e7f\u5dde", "line": "\u4eac\u5e7f\u7ebf", "fromprov": "\u5b89\u5fbd\u7701", "toprov": "\u5e7f\u4e1c\u7701", "id": "T3089", "lines": ["\u4e0b\u884c\u5ba2\u8f66\u8054\u7edc\u7ebf", "\u4eac\u4e5d\u7ebf", "\u4eac\u5e7f\u7ebf", "\u4eac\u6e2f\u9ad8\u901f\u7ebf", "\u4f55\u5bb6\u8054\u7edc\u7ebf", "\u5408\u4e5d\u7ebf", "\u5408\u65b0\u9ad8\u901f\u7ebf", "\u5408\u6b66\u7ed5\u884c\u7ebf", "\u5411\u5858\u216a\u9053\u7ebf", "\u5e7f\u6df1\u7ebf", "\u5e7f\u6e05\u57ce\u9645\u7ebf", "\u660c\u4e5d\u57ce\u9645\u7ebf", "\u6b66\u4e5d\u5ba2\u4e13\u7ebf", "\u6c5f\u8354\u8054\u7edc\u7ebf", "\u6dee\u5357\u7ed5\u884c\u7ebf", "\u72ee\u5cad\u8054\u7edc\u7ebf", "\u82b1\u5e7f\u8054\u7edc\u7ebf", "\u8d63\u97f6\u7ebf", "\u94dc\u4e5d\u7ebf"], "line_source": "osm", "geometry_source": "osm", "distance_ratio": 0.999, "match_confidence": 1.0, "edge_count": 1421}, "geometry": {"type": "LineString", "coordinates": [[117.307071, 31.890395], [117.283598, 31.91306], [117.265229, 31.908527], [117.235432, 31.882224], [117.212373, 31.853464], [117.208379, 31.823529], [117.15398, 31.751957], [117.129943, 31.707286], [117.083273, 31.676585], [117.073403, 31.661245], [117.073934, 31.646133], [117.092234, 31.632154], [117.137223, 31.628318], [117.156768, 31.57782], [117.153019, 31.453608], [117.174656, 31.329432], [117.168031, 31.296281], [117.115289, 31.214316], [117.003094, 31.102182], [116.955696, 31.030852], [116.928393, 31.028581], [116.861492, 30.968003], [116.854719, 30.8931], [116.831711, 30.787189], [116.821837, 30.771075], [116.793359, 30.745391], [116.674519, 30.697297], [116.566653, 30.673288], [116.514795, 30.605824], [116.423897, 30.539558], [116.401867, 30.50819], [116.265329, 30.448213], [116.213038, 30.36245], [116.154295, 30.31156], [116.088509, 30.214714], [116.027225, 30.184351], [115.993373, 30.131553], [115.927962, 30.091134], [115.897042, 30.038659], [115.890221, 29.920344], [115.932529, 29.88262], [115.96976, 29.876791], [115.996608, 29.856371], [116.004784, 29.767147], [116.024869, 29.727132], [115.977013, 29.686799], [115.920354, 29.668036], [115.880525, 29.626574], [115.874642, 29.564619], [115.831017, 29.48997], [115.793622, 29.389841], [115.78454, 29.344391], [115.765079, 29.318878], [115.75362, 29.286894], [115.777996, 29.227409], [115.805888, 29.118388], [115.815342, 28.974659], [115.872761, 28.833471], [115.848477, 28.779954], [115.863215, 28.728826], [115.899007, 28.72552], [115.915921, 28.706084], [115.908951, 28.635626], [115.941141, 28.560191], [115.955962, 28.449619], [115.948182, 28.4797], [115.951182, 28.465079], [115.984126, 28.431375], [115.984865, 28.389843], [115.973176, 28.355514], [115.932327, 28.290225], [115.871832, 28.248552], [115.755595, 28.092377], [115.68727, 28.040578], [115.641479, 27.991941], [115.578476, 27.957015], [115.528285, 27.915775], [115.48652, 27.870785], [115.416514, 27.734564], [115.393416, 27.746241], [115.393753, 27.699437], [115.353351, 27.660572], [115.3472, 27.630119], [115.328747, 27.595693], [115.329113, 27.538615], [115.313875, 27.499079], [115.221394, 27.393169], [115.18459, 27.367905], [115.142346, 27.273058], [115.136023, 27.195559], [115.123007, 27.16876], [115.083968, 27.159455], [115.019228, 27.122293], [115.010801, 27.066444], [114.963912, 27.03403], [114.961035, 27.012173], [114.980205, 26.98355], [114.940736, 26.892629], [114.943556, 26.714252], [115.012701, 26.654182], [115.051608, 26.662113], [115.082449, 26.642839], [115.119162, 26.580976], [115.180975, 26.58113], [115.203565, 26.556236], [115.229089, 26.554088], [115.259127, 26.536383], [115.275118, 26.502324], [115.269547, 26.465963], [115.279355, 26.424388], [115.308765, 26.366036], [115.316922, 26.321623], [115.305755, 26.287314], [115.308388, 26.218391], [115.291164, 26.154997], [115.253034, 26.090172], [115.195053, 26.043107], [115.162525, 26.027961], [115.127421, 25.965552], [115.072026, 25.932419], [115.018754, 25.881395], [114.981795, 25.863197], [114.959139, 25.834429], [114.958427, 25.806688], [114.889526, 25.765698], [114.862635, 25.736259], [114.812724, 25.715536], [114.790362, 25.691841], [114.775288, 25.641962], [114.745005, 25.597034], [114.504202, 25.490161], [114.406773, 25.433399], [114.381427, 25.4021], [114.355745, 25.338363], [114.360583, 25.307576], [114.383178, 25.274996], [114.383261, 25.252708], [114.339807, 25.183975], [114.315576, 25.165026], [114.295713, 25.133423], [114.262443, 25.11133], [114.227848, 25.049996], [114.084068, 24.97101], [114.024943, 24.966393], [113.95893, 24.996978], [113.836123, 24.991959], [113.789873, 24.946577], [113.756465, 24.89482], [113.7189, 24.864286], [113.616298, 24.853064], [113.598356, 24.838497], [113.603801, 24.803886], [113.589381, 24.776324], [113.623612, 24.717491], [113.615243, 24.693286], [113.589635, 24.664344], [113.59831, 24.643649], [113.586695, 24.605396], [113.594509, 24.522829], [113.584261, 24.515552], [113.5775, 24.492625], [113.52377, 24.439202], [113.518767, 24.426404], [113.527642, 24.404085], [113.516709, 24.379814], [113.497278, 24.367894], [113.44823, 24.295358], [113.449263, 24.2746], [113.474795, 24.249586], [113.473306, 24.229166], [113.44031, 24.181079], [113.428915, 24.131006], [113.403921, 24.112285], [113.400568, 24.095137], [113.374214, 24.073856], [113.306565, 24.040992], [113.282016, 23.988667], [113.284004, 23.963356], [113.270564, 23.920258], [113.275462, 23.878573], [113.265556, 23.845581], [113.272532, 23.827611], [113.269157, 23.792526], [113.234979, 23.777855], [113.225065, 23.751791], [113.228974, 23.708564], [113.189364, 23.658075], [113.172349, 23.606678], [113.123588, 23.56615], [113.097712, 23.525331], [113.095719, 23.490238], [113.122269, 23.479825], [113.191026, 23.400594], [113.206726, 23.315408], [113.225239, 23.267409], [113.226648, 23.236301], [113.241228, 23.214924], [113.240232, 23.167654], [113.252061, 23.152413]]}}, {"type": "Feature", "properties": {"trip_id": 11, "date": null, "train": "D1804", "from": "\u5e7f\u5dde\u5357", "to": "\u8d35\u9633\u5317", "duration": 313, "distance": 856, "fromcity": "\u5e7f\u5dde", "tocity": "\u8d35\u9633", "line": "\u8d35\u5e7f\u5ba2\u8fd0\u4e13\u7ebf", "fromprov": "\u5e7f\u4e1c\u7701", "toprov": "\u8d35\u5dde\u7701", "id": "D1804", "lines": ["\u4eac\u5e7f\u7ebf", "\u4f5b\u5c71\u897f\u57ce\u5357\u8054\u7edc\u7ebf", "\u5357\u5e7f\u7ebf", "\u5e7f\u4f5b\u897f\u73af\u57ce\u9645\u7ebf", "\u5e7f\u5357\u8054\u7edc\u7ebf", "\u5e7f\u8087\u57ce\u9645\u7ebf", "\u6a2a\u6c5f\u8054\u7edc\u7ebf", "\u6caa\u6606\u9ad8\u901f\u7ebf", "\u8d35\u5e7f\u5ba2\u4e13\u7ebf"], "line_source": "osm", "geometry_source": "osm", "distance_ratio": 1.012, "match_confidence": 1.0, "edge_count": 1063}, "geometry": {"type": "LineString", "coordinates": [[113.26486, 22.98944], [113.244686, 23.018069], [113.219416, 23.034264], [113.191758, 23.102005], [113.120335, 23.087792], [113.076174, 23.099492], [113.051429, 23.085875], [113.007752, 23.077479], [112.974947, 23.088491], [112.947287, 23.084182], [112.823641, 23.134981], [112.776049, 23.186119], [112.682351, 23.205262], [112.627882, 23.234353], [112.557886, 23.360129], [112.517348, 23.391979], [112.454262, 23.468954], [112.415392, 23.613916], [112.376031, 23.653104], [112.313117, 23.779505], [112.041083, 23.97696], [111.947548, 24.062128], [111.847342, 24.125169], [111.808256, 24.191002], [111.761521, 24.243644], [111.692199, 24.349736], [111.627547, 24.41602], [111.606443, 24.427126], [111.566005, 24.432541], [111.511706, 24.47673], [111.416676, 24.512324], [111.268424, 24.584994], [111.196717, 24.599938], [111.17937, 24.621287], [111.160804, 24.691587], [111.138407, 24.712669], [111.018412, 24.749478], [110.799158, 24.866366], [110.710617, 24.893998], [110.628283, 24.908524], [110.585151, 24.937034], [110.551985, 24.983061], [110.543783, 25.040337], [110.502202, 25.093287], [110.500545, 25.247838], [110.471908, 25.299651], [110.407765, 25.36462], [110.375312, 25.374362], [110.306784, 25.370384], [110.187631, 25.343161], [110.131136, 25.356457], [110.060112, 25.388408], [109.952213, 25.407287], [109.858474, 25.472908], [109.810671, 25.497108], [109.798027, 25.517116], [109.792219, 25.55758], [109.766019, 25.594302], [109.709547, 25.641467], [109.58865, 25.718627], [109.520242, 25.752593], [109.336079, 25.797208], [109.229576, 25.850295], [109.135686, 25.909463], [108.758167, 25.958511], [108.704278, 25.9756], [108.569738, 25.993154], [108.440946, 25.980786], [108.324521, 26.00715], [108.232144, 26.012211], [107.92634, 26.071009], [107.787099, 26.08591], [107.611748, 26.148871], [107.559379, 26.184584], [107.505388, 26.201767], [107.444658, 26.268518], [107.386, 26.305483], [107.348809, 26.314351], [107.270837, 26.315361], [107.210141, 26.332932], [107.127071, 26.423813], [107.035167, 26.469579], [106.950365, 26.471528], [106.879377, 26.463581], [106.814511, 26.479357], [106.788715, 26.51079], [106.796795, 26.564872], [106.789929, 26.598292], [106.806475, 26.63363], [106.793037, 26.655652], [106.708547, 26.671401], [106.694198, 26.66142], [106.674618, 26.626877]]}}, {"type": "Feature", "properties": {"trip_id": 12, "date": "2018-06-30T00:00:00", "train": "D1829", "from": "\u8d35\u9633\u4e1c", "to": "\u5e7f\u5dde\u5357", "duration": 302, "distance": 857, "fromcity": "\u8d35\u9633", "tocity": "\u5e7f\u5dde", "line": "\u8d35\u5e7f\u5ba2\u8fd0\u4e13\u7ebf", "fromprov": "\u8d35\u5dde\u7701", "toprov": "\u5e7f\u4e1c\u7701", "id": "D1829", "lines": ["\u4eac\u5e7f\u7ebf", "\u4f5b\u5c71\u897f\u57ce\u5357\u8054\u7edc\u7ebf", "\u5357\u5e7f\u7ebf", "\u5e7f\u4f5b\u897f\u73af\u57ce\u9645\u7ebf", "\u5e7f\u5357\u8054\u7edc\u7ebf", "\u5e7f\u8087\u57ce\u9645\u7ebf", "\u6a2a\u6c5f\u8054\u7edc\u7ebf", "\u8d35\u5e7f\u5ba2\u4e13\u7ebf"], "line_source": "osm", "geometry_source": "osm", "distance_ratio": 0.999, "match_confidence": 1.0, "edge_count": 1043}, "geometry": {"type": "LineString", "coordinates": [[106.74547, 26.666349], [106.792077, 26.656098], [106.805256, 26.640519], [106.805342, 26.625688], [106.789929, 26.598292], [106.796795, 26.564872], [106.788534, 26.512757], [106.794995, 26.496167], [106.814511, 26.479357], [106.879377, 26.463581], [106.950365, 26.471528], [107.035167, 26.469579], [107.127071, 26.423813], [107.210141, 26.332932], [107.270837, 26.315361], [107.348809, 26.314351], [107.386, 26.305483], [107.444658, 26.268518], [107.505388, 26.201767], [107.559379, 26.184584], [107.611748, 26.148871], [107.785696, 26.086386], [107.92634, 26.071009], [108.232144, 26.012211], [108.324521, 26.00715], [108.440946, 25.980786], [108.569738, 25.993154], [108.704278, 25.9756], [108.758167, 25.958511], [109.135686, 25.909463], [109.229576, 25.850295], [109.336079, 25.797208], [109.520242, 25.752593], [109.58865, 25.718627], [109.709547, 25.641467], [109.766019, 25.594302], [109.792219, 25.55758], [109.798027, 25.517116], [109.810671, 25.497108], [109.858474, 25.472908], [109.952213, 25.407287], [110.060112, 25.388408], [110.131136, 25.356457], [110.187631, 25.343161], [110.306784, 25.370384], [110.375312, 25.374362], [110.407765, 25.36462], [110.471908, 25.299651], [110.500545, 25.247838], [110.502202, 25.093287], [110.543783, 25.040337], [110.551985, 24.983061], [110.585151, 24.937034], [110.628283, 24.908524], [110.710617, 24.893998], [110.799158, 24.866366], [111.018412, 24.749478], [111.138407, 24.712669], [111.160804, 24.691587], [111.17937, 24.621287], [111.196717, 24.599938], [111.268424, 24.584994], [111.416676, 24.512324], [111.511706, 24.47673], [111.566005, 24.432541], [111.606443, 24.427126], [111.627547, 24.41602], [111.692199, 24.349736], [111.761521, 24.243644], [111.808256, 24.191002], [111.847342, 24.125169], [111.947548, 24.062128], [112.041083, 23.97696], [112.313117, 23.779505], [112.376031, 23.653104], [112.415392, 23.613916], [112.454262, 23.468954], [112.517348, 23.391979], [112.557886, 23.360129], [112.627882, 23.234353], [112.682351, 23.205262], [112.776049, 23.186119], [112.823641, 23.134981], [112.947287, 23.084182], [112.974947, 23.088491], [113.007752, 23.077479], [113.051429, 23.085875], [113.076174, 23.099492], [113.120335, 23.087792], [113.191758, 23.102005], [113.219416, 23.034264], [113.244686, 23.018069], [113.26486, 22.98944]]}}, {"type": "Feature", "properties": {"trip_id": 13, "date": "2019-07-13T00:00:00", "train": "T180", "from": "\u5e7f\u5dde", "to": "\u961c\u9633", "duration": 959, "distance": 1425, "fromcity": "\u5e7f\u5dde", "tocity": "\u961c\u9633", "line": "\u4eac\u5e7f\u7ebf", "fromprov": "\u5e7f\u4e1c\u7701", "toprov": "\u5b89\u5fbd\u7701", "id": "T180", "lines": ["1\u9053", "4\u9053", "5\u9053", "\u4e0b\u884c\u5ba2\u8f66\u8054\u7edc\u7ebf", "\u4eac\u4e5d\u7ebf", "\u4eac\u5e7f\u6c49\u53e3\u8054\u7edc\u7ebf", "\u4eac\u5e7f\u7ebf", "\u4eac\u5e7f\u8d27\u8f66\u4e0b\u884c1\u7ebf", "\u4eac\u5e7f\u8d27\u8f66\u4e0b\u884c2\u7ebf", "\u5e7f\u6df1\u7ebf", "\u5e7f\u6e05\u57ce\u9645\u7ebf", "\u682a\u6d32\u5317\u4e1c\u5230\u8fbe\u7ebf", "\u6b66\u4f59\u8054\u7edc\u7ebf", "\u6c49\u4e39\u7ebf", "\u6c49\u53e3\u6c49\u897f\u8054\u7edc\u7ebf", "\u6c49\u897f\u8054\u7edc\u7ebf", "\u6c5f\u8354\u8054\u7edc\u7ebf", "\u6caa\u84c9\u4e0a\u884c\u8f6c\u4eac\u5e7f\u4e0a\u884c\u8054\u7edc\u7ebf", "\u6caa\u84c9\u7ebf", "\u72ee\u5cad\u8054\u7edc\u7ebf", "\u82b1\u5e7f\u8054\u7edc\u7ebf", "\u8861\u5317\u4e0a\u884c\u51fa\u53d1\u7ebf", "\u8861\u5317\u6e58\u6842\u4e0b\u8054\u7ebf", "\u957f\u6c99\u5ba2\u8f66\u5916\u7ed5\u7ebf", "\u961c\u6dee\u7ebf", "\u9ebb\u6b66\u7ebf"], "line_source": "osm", "geometry_source": "osm", "distance_ratio": 1.0, "match_confidence": 1.0, "edge_count": 1732}, "geometry": {"type": "LineString", "coordinates": [[113.252061, 23.152413], [113.240232, 23.167654], [113.241228, 23.214924], [113.226648, 23.236301], [113.225239, 23.267409], [113.206726, 23.315408], [113.191026, 23.400594], [113.122269, 23.479825], [113.095719, 23.490238], [113.097712, 23.525331], [113.123588, 23.56615], [113.172349, 23.606678], [113.189364, 23.658075], [113.228974, 23.708564], [113.225065, 23.751791], [113.234979, 23.777855], [113.269157, 23.792526], [113.272532, 23.827611], [113.265556, 23.845581], [113.275462, 23.878573], [113.270564, 23.920258], [113.284004, 23.963356], [113.282016, 23.988667], [113.306565, 24.040992], [113.356525, 24.061704], [113.400568, 24.095137], [113.403662, 24.111965], [113.42915, 24.131402], [113.44031, 24.181079], [113.472485, 24.225989], [113.474795, 24.249586], [113.449263, 24.2746], [113.447932, 24.294621], [113.480161, 24.346701], [113.516709, 24.379814], [113.527642, 24.404085], [113.518767, 24.426404], [113.52377, 24.439202], [113.5775, 24.492625], [113.584261, 24.515552], [113.594315, 24.522322], [113.586695, 24.605396], [113.59831, 24.643649], [113.589635, 24.664344], [113.615243, 24.693286], [113.623552, 24.718194], [113.589533, 24.775657], [113.603726, 24.804128], [113.59828, 24.820456], [113.562192, 24.833391], [113.5044, 24.950224], [113.468887, 24.962145], [113.460288, 24.979991], [113.439742, 24.990827], [113.433589, 25.013005], [113.41314, 25.025172], [113.405538, 25.05964], [113.368873, 25.118713], [113.345986, 25.136277], [113.324554, 25.128054], [113.291168, 25.140977], [113.269947, 25.178737], [113.153001, 25.255213], [113.117078, 25.266766], [113.09568, 25.282518], [113.057227, 25.2823], [113.043346, 25.292441], [113.026121, 25.390888], [113.033904, 25.414086], [113.022443, 25.425088], [113.015936, 25.454225], [113.026412, 25.507734], [112.987337, 25.607307], [112.997247, 25.670482], [113.00712, 25.68297], [113.02769, 25.689113], [113.042176, 25.719116], [113.037635, 25.733663], [113.048115, 25.781991], [113.029452, 25.806023], [113.02077, 25.84073], [113.03466, 25.861681], [113.067432, 25.881376], [113.075926, 25.900724], [113.070275, 25.931598], [113.057103, 25.945549], [113.061236, 25.97786], [113.049113, 25.988843], [113.023714, 25.988981], [112.973681, 26.036794], [112.95523, 26.039488], [112.912442, 26.086059], [112.888176, 26.098147], [112.877613, 26.116254], [112.879491, 26.154931], [112.869041, 26.191518], [112.858289, 26.223492], [112.838618, 26.239691], [112.826258, 26.281054], [112.831301, 26.353583], [112.826893, 26.375588], [112.812416, 26.395096], [112.819175, 26.41674], [112.788164, 26.454963], [112.784404, 26.479567], [112.773116, 26.491726], [112.776685, 26.547337], [112.772754, 26.568036], [112.753208, 26.586944], [112.761438, 26.626755], [112.755533, 26.651557], [112.724415, 26.691219], [112.716924, 26.747366], [112.68724, 26.762976], [112.669382, 26.788287], [112.66563, 26.860061], [112.622852, 26.90026], [112.628511, 26.914324], [112.651499, 26.916455], [112.739006, 26.951448], [112.785278, 27.002442], [112.825224, 27.059484], [112.850178, 27.126583], [112.872902, 27.149433], [112.883211, 27.223796], [112.972208, 27.316621], [113.004334, 27.366426], [113.029539, 27.383364], [113.052398, 27.388185], [113.102181, 27.431993], [113.133675, 27.46724], [113.162243, 27.531589], [113.155767, 27.550252], [113.126379, 27.570433], [113.113253, 27.606474], [113.111214, 27.640308], [113.137953, 27.72864], [113.161379, 27.769808], [113.164973, 27.788518], [113.156808, 27.825652], [113.123174, 27.877485], [113.038318, 27.942422], [112.968491, 28.020829], [112.951684, 28.077626], [112.956367, 28.131823], [113.006135, 28.157227], [113.010473, 28.210903], [112.987787, 28.23307], [112.977492, 28.296015], [112.953553, 28.336604], [112.922156, 28.367342], [112.984356, 28.493201], [113.023542, 28.545305], [113.041959, 28.599846], [113.049783, 28.635096], [113.037916, 28.68116], [113.072125, 28.824755], [113.09183, 28.858924], [113.088705, 28.915611], [113.126363, 29.007842], [113.118472, 29.15284], [113.128231, 29.179345], [113.12641, 29.202933], [113.093302, 29.26699], [113.090888, 29.29842], [113.077045, 29.331633], [113.097356, 29.377535], [113.12439, 29.381285], [113.252794, 29.455911], [113.302852, 29.506641], [113.376639, 29.511854], [113.472804, 29.477234], [113.642353, 29.515404], [113.680776, 29.535801], [113.816232, 29.654426], [113.852437, 29.670463], [113.876953, 29.710522], [113.983844, 29.74356], [114.031346, 29.770944], [114.103344, 29.785181], [114.149076, 29.807607], [114.1777, 29.832447], [114.218793, 29.843389], [114.242097, 29.864074], [114.274091, 29.872906], [114.289966, 29.891878], [114.331686, 29.912163], [114.361036, 29.938992], [114.361841, 30.011478], [114.347853, 30.097118], [114.316707, 30.165919], [114.326954, 30.276761], [114.294981, 30.337592], [114.307285, 30.369247], [114.2974, 30.505117], [114.317826, 30.540359], [114.231678, 30.562455], [114.21998, 30.603631], [114.241252, 30.618833], [114.325894, 30.641551], [114.344292, 30.670617], [114.33756, 30.714612], [114.350908, 30.754893], [114.304316, 30.84951], [114.30991, 30.882362], [114.338978, 30.90766], [114.420758, 30.919489], [114.507884, 30.950739], [114.636343, 31.012171], [114.663501, 31.017468], [114.69689, 31.040015], [114.725552, 31.044813], [114.804978, 31.09803], [114.873374, 31.12825], [114.892783, 31.133852], [114.964685, 31.127475], [114.93236, 31.220121], [114.901258, 31.238445], [114.882115, 31.277216], [114.873194, 31.345043], [114.851172, 31.36099], [114.8833, 31.47687], [114.873618, 31.515249], [114.883578, 31.549954], [114.875574, 31.587084], [114.886839, 31.657432], [114.88285, 31.76322], [114.889435, 31.8139], [114.922108, 31.931472], [114.9525, 31.966949], [114.97401, 32.008798], [115.05638, 32.071017], [115.108828, 32.124934], [115.178534, 32.229573], [115.2801, 32.294713], [115.314242, 32.327477], [115.321923, 32.352498], [115.311067, 32.402698], [115.314256, 32.422236], [115.341566, 32.470554], [115.417659, 32.511195], [115.482859, 32.600123], [115.562574, 32.649868], [115.666049, 32.741079], [115.850111, 32.877841], [115.863598, 32.913575]]}}, {"type": "Feature", "properties": {"trip_id": 14, "date": "2019-07-14T00:00:00", "train": "K744", "from": "\u961c\u9633", "to": "\u4eb3\u5dde", "duration": 69, "distance": 105, "fromcity": "\u961c\u9633", "tocity": "\u4eb3\u5dde", "line": "\u4eac\u4e5d\u7ebf", "fromprov": "\u5b89\u5fbd\u7701", "toprov": "\u5b89\u5fbd\u7701", "id": "K744", "lines": ["\u4eac\u4e5d\u7ebf", "\u961c\u9633\u4e0b\u884c\u8054\u7edc\u7ebf"], "line_source": "osm", "geometry_source": "osm", "distance_ratio": 0.983, "match_confidence": 1.0, "edge_count": 109}, "geometry": {"type": "LineString", "coordinates": [[115.86489, 32.919048], [115.861455, 33.027909], [115.834821, 33.139562], [115.816366, 33.324152], [115.79201, 33.842601]]}}, {"type": "Feature", "properties": {"trip_id": 15, "date": null, "train": "G7669", "from": "\u53e4\u57ce\u4e1c", "to": "\u5408\u80a5", "duration": 115, "distance": 294, "fromcity": "\u4eb3\u5dde", "tocity": "\u5408\u80a5", "line": "\u4eac\u6e2f\u9ad8\u901f\u7ebf", "fromprov": "\u5b89\u5fbd\u7701", "toprov": "\u5b89\u5fbd\u7701", "id": "G7669", "lines": ["\u4eac\u6e2f\u9ad8\u901f\u7ebf", "\u5408\u798f\u9ad8\u901f\u7ebf", "\u5408\u868c\u5ba2\u4e13\u7ebf"], "line_source": "osm", "geometry_source": "mixed", "distance_ratio": 1.041, "match_confidence": 0.778, "edge_count": 79}, "geometry": {"type": "LineString", "coordinates": [[115.806247, 33.520492], [115.811653, 33.41804], [115.767553, 33.352436], [115.727678, 33.241286], [115.721272, 33.113782], [115.736783, 33.028524], [115.763808, 32.961425], [115.745847, 32.882945], [116.2050374, 32.6809992], [116.703492, 32.625904], [116.74764, 32.602231], [116.816949, 32.591378], [116.898616, 32.561976], [116.996852, 32.54477], [117.080864, 32.543729], [117.13284, 32.523803], [117.152825, 32.50301], [117.182697, 32.448037], [117.182728, 32.388028], [117.2036, 32.288491], [117.206557, 32.21481], [117.242486, 32.088267], [117.261841, 31.977657], [117.279849, 31.953723], [117.285249, 31.920826], [117.213797, 31.855358], [117.209503, 31.825282], [117.197811, 31.807189], [117.227952, 31.792633], [117.280607, 31.799325]]}}, {"type": "Feature", "properties": {"trip_id": 16, "date": "2019-07-22T00:00:00", "train": "D2190", "from": "\u516d\u5b89", "to": "\u676d\u5dde", "duration": 197, "distance": 492, "fromcity": "\u516d\u5b89", "tocity": "\u676d\u5dde", "line": "\u5b81\u84c9\u7ebf", "fromprov": "\u5b89\u5fbd\u7701", "toprov": "\u6d59\u6c5f\u7701", "id": "D2190", "lines": ["\u5408\u676d\u9ad8\u901f\u7ebf", "\u5546\u5408\u676d\u9ad8\u901f\u7ebf", "\u5b81\u5b89\u5ba2\u4e13\u7ebf", "\u5b81\u5ba3\u57ce\u9645\u94c1\u8def", "\u5b81\u676d\u826e\u5c71\u95e8\u8054\u7edc\u7ebf", "\u5b81\u676d\u9ad8\u901f\u7ebf", "\u5de2\u6e56\u4e1c\u5357\u8054\u7edc\u7ebf", "\u6caa\u84c9\u7ebf", "\u7b15\u676d\u7ebf"], "line_source": "osm", "geometry_source": "mixed", "distance_ratio": 0.954, "match_confidence": 0.846, "edge_count": 375}, "geometry": {"type": "LineString", "coordinates": [[116.498202, 31.717876], [116.556992, 31.744973], [116.780777, 31.748092], [117.028068, 31.772347], [117.081885, 31.787606], [117.284679, 31.800148], [117.4768015, 31.69941376], [117.9190129, 31.6192904], [118.011575, 31.529516], [118.073818, 31.493469], [118.171909, 31.374824], [118.212403, 31.361113], [118.304459, 31.352662], [118.377305, 31.358028], [118.386812, 31.345481], [118.383475, 31.311854], [118.391474, 31.270389], [118.355345, 31.224007], [118.361552, 31.200691], [118.385839, 31.166645], [118.476602, 31.125296], [118.710305, 31.052221], [118.733959, 31.025375], [118.751877, 30.964726], [118.805913, 30.922544], [118.904844, 30.923596], [119.056089, 30.942692], [119.132288, 30.943041], [119.297897, 30.905027], [119.382173, 30.860209], [119.496232, 30.858336], [119.55838, 30.825203], [119.58842, 30.819091], [119.706082, 30.82144], [119.803055, 30.849313], [119.898391, 30.890011], [119.992331, 30.898608], [120.01207, 30.893159], [120.019434, 30.883524], [120.012988, 30.739328], [120.034783, 30.627447], [120.063685, 30.520721], [120.092571, 30.453165], [120.118244, 30.402871], [120.144268, 30.375872], [120.153059, 30.349017], [120.182561, 30.329776], [120.179265, 30.285729], [120.185321, 30.271697], [120.178386, 30.24597]]}}, {"type": "Feature", "properties": {"trip_id": 17, "date": null, "train": "G1748", "from": "\u5e7f\u5dde\u5357", "to": "\u516d\u5b89", "duration": 381, "distance": 1337, "fromcity": "\u5e7f\u5dde", "tocity": "\u516d\u5b89", "line": "\u4eac\u5e7f\u9ad8\u901f\u7ebf", "fromprov": "\u5e7f\u4e1c\u7701", "toprov": "\u5b89\u5fbd\u7701", "id": "G1748", "lines": ["\u4eac\u5e7f\u7ebf", "\u5357\u5e7f\u7ebf", "\u5e7f\u5357\u8054\u7edc\u7ebf", "\u6574\u5907\u6240\u8054\u7edc\u7ebf", "\u6caa\u84c9\u7ebf", "\u8861\u67f3\u7ebf", "\u957f\u6c99\u5357\u4e1c\u5357\u8054\u7edc\u7ebf", "\u957f\u6c99\u5357\u897f\u5317\u8054\u7edc\u7ebf"], "line_source": "osm", "geometry_source": "osm", "distance_ratio": 0.923, "match_confidence": 1.0, "edge_count": 1963}, "geometry": {"type": "LineString", "coordinates": [[113.26486, 22.98944], [113.244257, 23.018732], [113.220028, 23.035103], [113.193819, 23.113492], [113.195034, 23.197913], [113.215796, 23.284819], [113.17519, 23.474053], [113.140248, 23.551257], [113.120233, 23.667447], [113.136959, 23.715421], [113.212324, 23.860289], [113.258963, 23.997019], [113.336417, 24.137815], [113.389038, 24.302897], [113.482136, 24.432193], [113.4857, 24.497241], [113.505946, 24.568046], [113.483372, 24.649675], [113.48174, 24.697205], [113.490815, 24.726663], [113.527105, 24.784054], [113.531794, 24.817151], [113.520857, 24.846212], [113.471839, 24.906601], [113.435689, 25.010119], [113.353787, 25.199837], [113.25761, 25.310663], [113.16708, 25.387835], [113.063139, 25.459664], [113.039891, 25.490607], [112.965572, 25.68918], [112.962722, 25.770894], [112.916826, 25.947216], [112.861404, 26.074665], [112.849754, 26.16998], [112.786318, 26.389229], [112.777751, 26.456399], [112.74925, 26.570564], [112.702998, 26.706541], [112.697849, 26.813758], [112.705717, 26.928606], [112.727694, 27.006756], [112.713789, 27.119853], [112.72005, 27.157507], [112.824094, 27.308944], [112.91562, 27.497358], [112.961834, 27.548979], [113.046524, 27.672086], [113.064243, 27.732991], [113.042204, 27.947936], [113.046344, 28.042215], [113.061046, 28.115843], [113.057275, 28.177151], [113.072759, 28.302608], [113.074827, 28.432621], [113.14518, 28.608969], [113.143991, 28.716371], [113.130309, 28.790038], [113.142101, 28.916817], [113.138795, 29.212368], [113.170502, 29.316721], [113.220558, 29.393385], [113.253378, 29.420001], [113.42539, 29.493403], [113.527837, 29.517785], [113.621694, 29.527497], [113.658357, 29.541407], [113.709905, 29.580007], [113.768843, 29.656861], [113.828376, 29.707183], [114.004141, 29.798106], [114.224282, 29.864418], [114.329584, 29.918429], [114.35334, 29.940472], [114.373552, 29.993393], [114.357487, 30.240414], [114.441519, 30.390984], [114.452607, 30.432953], [114.454536, 30.51984], [114.405046, 30.648075], [114.358753, 30.717248], [114.351187, 30.756992], [114.304677, 30.84842], [114.305424, 30.872993], [114.32534, 30.900229], [114.349726, 30.910798], [114.420758, 30.919489], [114.606973, 30.993439], [114.932494, 31.174307], [115.024303, 31.203607], [115.124991, 31.256454], [115.237508, 31.278331], [115.460394, 31.304217], [115.563609, 31.378335], [115.70254, 31.4449], [115.781601, 31.493046], [115.857471, 31.565424], [115.953946, 31.622638], [116.087986, 31.664032], [116.156899, 31.6565], [116.263666, 31.677979], [116.437385, 31.693311], [116.490097, 31.714091]]}}, {"type": "Feature", "properties": {"trip_id": 18, "date": null, "train": "G649", "from": "\u516d\u5b89", "to": "\u5e7f\u5dde\u5357", "duration": 363, "distance": 1337, "fromcity": "\u516d\u5b89", "tocity": "\u5e7f\u5dde", "line": "\u4eac\u5e7f\u9ad8\u901f\u7ebf", "fromprov": "\u5b89\u5fbd\u7701", "toprov": "\u5e7f\u4e1c\u7701", "id": "G649", "lines": ["\u4eac\u5e7f\u7ebf", "\u5357\u5e7f\u7ebf", "\u5e7f\u5357\u8054\u7edc\u7ebf", "\u6574\u5907\u6240\u8054\u7edc\u7ebf", "\u6caa\u84c9\u7ebf", "\u8861\u67f3\u7ebf", "\u957f\u6c99\u5357\u4e1c\u5357\u8054\u7edc\u7ebf", "\u957f\u6c99\u5357\u897f\u5317\u8054\u7edc\u7ebf"], "line_source": "osm", "geometry_source": "osm", "distance_ratio": 0.923, "match_confidence": 1.0, "edge_count": 1963}, "geometry": {"type": "LineString", "coordinates": [[116.490097, 31.714091], [116.437385, 31.693311], [116.263666, 31.677979], [116.156899, 31.6565], [116.087986, 31.664032], [115.953946, 31.622638], [115.857471, 31.565424], [115.781601, 31.493046], [115.70254, 31.4449], [115.563609, 31.378335], [115.460394, 31.304217], [115.237508, 31.278331], [115.124991, 31.256454], [115.024303, 31.203607], [114.932494, 31.174307], [114.606973, 30.993439], [114.420758, 30.919489], [114.349726, 30.910798], [114.32534, 30.900229], [114.305424, 30.872993], [114.304677, 30.84842], [114.351187, 30.756992], [114.358753, 30.717248], [114.405046, 30.648075], [114.454536, 30.51984], [114.452607, 30.432953], [114.441519, 30.390984], [114.357487, 30.240414], [114.373552, 29.993393], [114.35334, 29.940472], [114.329584, 29.918429], [114.224282, 29.864418], [114.004141, 29.798106], [113.828376, 29.707183], [113.768843, 29.656861], [113.709905, 29.580007], [113.658357, 29.541407], [113.621694, 29.527497], [113.527837, 29.517785], [113.42539, 29.493403], [113.253378, 29.420001], [113.220558, 29.393385], [113.170502, 29.316721], [113.138795, 29.212368], [113.142101, 28.916817], [113.130309, 28.790038], [113.143991, 28.716371], [113.14518, 28.608969], [113.074827, 28.432621], [113.072759, 28.302608], [113.057275, 28.177151], [113.061046, 28.115843], [113.046344, 28.042215], [113.042204, 27.947936], [113.064243, 27.732991], [113.046524, 27.672086], [112.961834, 27.548979], [112.91562, 27.497358], [112.824094, 27.308944], [112.72005, 27.157507], [112.713789, 27.119853], [112.727694, 27.006756], [112.705717, 26.928606], [112.697849, 26.813758], [112.702998, 26.706541], [112.74925, 26.570564], [112.777751, 26.456399], [112.786318, 26.389229], [112.849754, 26.16998], [112.861404, 26.074665], [112.916826, 25.947216], [112.962722, 25.770894], [112.965572, 25.68918], [113.039891, 25.490607], [113.063139, 25.459664], [113.16708, 25.387835], [113.25761, 25.310663], [113.353787, 25.199837], [113.435689, 25.010119], [113.471839, 24.906601], [113.520857, 24.846212], [113.531794, 24.817151], [113.527105, 24.784054], [113.490815, 24.726663], [113.48174, 24.697205], [113.483372, 24.649675], [113.505946, 24.568046], [113.4857, 24.497241], [113.482136, 24.432193], [113.389038, 24.302897], [113.336417, 24.137815], [113.258963, 23.997019], [113.212324, 23.860289], [113.136959, 23.715421], [113.120233, 23.667447], [113.140248, 23.551257], [113.17519, 23.474053], [113.215796, 23.284819], [113.195034, 23.197913], [113.193819, 23.113492], [113.220028, 23.035103], [113.244257, 23.018732], [113.26486, 22.98944]]}}, {"type": "Feature", "properties": {"trip_id": 19, "date": "2022-01-14T00:00:00", "train": "G85", "from": "\u4e0a\u6d77\u8679\u6865", "to": "\u5e7f\u5dde\u5357", "duration": 411, "distance": 1790, "fromcity": "\u4e0a\u6d77", "tocity": "\u5e7f\u5dde", "line": "\u6caa\u6606\u9ad8\u901f\u7ebf", "fromprov": "\u4e0a\u6d77\u5e02", "toprov": "\u5e7f\u4e1c\u7701", "id": "G85", "lines": ["\u4e0a\u6d77\u8679\u6865\u7ad920\u9053", "\u4e0a\u9976\u897f\u5357\u8054\u7edc\u7ebf", "\u4eac\u5e7f\u7ebf", "\u5357\u5e7f\u7ebf", "\u5e7f\u5357\u8054\u7edc\u7ebf", "\u5f0b\u6a1f\u7ebf", "\u6574\u5907\u6240\u8054\u7edc\u7ebf", "\u676d\u5dde\u4e1c\u7ad915\u9053", "\u676d\u5dde\u5357\u7ad911\u9053", "\u676d\u660c\u9ad8\u901f\u7ebf", "\u676d\u6df1\u7ebf", "\u6caa\u6606\u9ad8\u901f\u7ebf", "\u6caa\u676d\u7ebf", "\u8861\u67f3\u7ebf", "\u8862\u5168\u8054\u7edc\u7ebf", "\u91d1\u5c71\u7ebf", "\u957f\u6c99\u5357\u4e1c\u5357\u8054\u7edc\u7ebf", "\u957f\u6c99\u5357\u897f\u5317\u8054\u7edc\u7ebf"], "line_source": "osm", "geometry_source": "osm", "distance_ratio": 0.955, "match_confidence": 1.0, "edge_count": 2377}, "geometry": {"type": "LineString", "coordinates": [[121.315826, 31.193718], [121.319513, 31.168564], [121.356799, 31.112885], [121.360355, 31.089492], [121.295845, 31.046104], [121.244186, 30.995554], [121.199615, 30.984447], [121.22252, 30.98274], [121.170235, 30.937985], [121.002134, 30.854749], [120.828949, 30.708914], [120.669248, 30.623151], [120.600773, 30.552955], [120.527775, 30.528332], [120.442827, 30.482665], [120.337833, 30.403155], [120.265278, 30.370549], [120.19943, 30.327419], [120.196408, 30.309062], [120.209014, 30.291419], [120.2561, 30.256157], [120.286457, 30.195474], [120.2937, 30.155082], [120.309632, 30.125208], [120.298407, 30.009837], [120.270716, 29.948898], [120.261769, 29.868839], [120.19374, 29.775571], [120.163609, 29.644581], [120.136997, 29.591178], [120.136495, 29.564], [120.084815, 29.491926], [120.048335, 29.393816], [119.960766, 29.304543], [119.935396, 29.251001], [119.897757, 29.198976], [119.691869, 29.123687], [119.552599, 29.098561], [119.388969, 29.092601], [119.22155, 29.011567], [119.069609, 28.998263], [119.014915, 28.975555], [118.980272, 28.978439], [118.948941, 28.970583], [118.900698, 28.935986], [118.769325, 28.887635], [118.677543, 28.797778], [118.591177, 28.752897], [118.543159, 28.715885], [118.406226, 28.674654], [118.323878, 28.665163], [118.270853, 28.641517], [118.195682, 28.598478], [118.12154, 28.520498], [118.086183, 28.49806], [117.946119, 28.489179], [117.912276, 28.469709], [117.877894, 28.461598], [117.830571, 28.46302], [117.72672, 28.421109], [117.689661, 28.415614], [117.653795, 28.424243], [117.617366, 28.414395], [117.565691, 28.424316], [117.50075, 28.400713], [117.458066, 28.416638], [117.364265, 28.405367], [117.221829, 28.376801], [117.167411, 28.347795], [116.932573, 28.27764], [116.741552, 28.279064], [116.645696, 28.263916], [116.526669, 28.261245], [116.279968, 28.33128], [116.129998, 28.357046], [116.036722, 28.439824], [115.933465, 28.476907], [115.855226, 28.521535], [115.843983, 28.54254], [115.852826, 28.583659], [115.839819, 28.602494], [115.726349, 28.654229], [115.685433, 28.656739], [115.395084, 28.48503], [115.284426, 28.405382], [115.193962, 28.286654], [115.144808, 28.244915], [115.09124, 28.156281], [115.024974, 28.075453], [114.980001, 27.985602], [114.925228, 27.936247], [114.856161, 27.894934], [114.790511, 27.869976], [114.62874, 27.846403], [114.549778, 27.789867], [114.45411, 27.793752], [114.37723, 27.786761], [114.289741, 27.765043], [114.173283, 27.707222], [114.079559, 27.680104], [114.035518, 27.684133], [113.93805, 27.676155], [113.867691, 27.68989], [113.730673, 27.682146], [113.669495, 27.669755], [113.630932, 27.677659], [113.592156, 27.708133], [113.528883, 27.742049], [113.398568, 27.847309], [113.30484, 27.969451], [113.251191, 28.055147], [113.176388, 28.135433], [113.118296, 28.170769], [113.088948, 28.1756], [113.06011, 28.168767], [113.061046, 28.115843], [113.046549, 28.045116], [113.042022, 27.952856], [113.065703, 27.751798], [113.055665, 27.693545], [112.967656, 27.556799], [112.91494, 27.496285], [112.824094, 27.308944], [112.718874, 27.15447], [112.713789, 27.119853], [112.727694, 27.006756], [112.70541, 26.925646], [112.705992, 26.860418], [112.697845, 26.816784], [112.700857, 26.722573], [112.74925, 26.570564], [112.777751, 26.456399], [112.786318, 26.389229], [112.850388, 26.167434], [112.861871, 26.072934], [112.906161, 25.979513], [112.961322, 25.777674], [112.966801, 25.684705], [113.039891, 25.490607], [113.063139, 25.459664], [113.16708, 25.387835], [113.25761, 25.310663], [113.353787, 25.199837], [113.435689, 25.010119], [113.471839, 24.906601], [113.520857, 24.846212], [113.531794, 24.817151], [113.527105, 24.784054], [113.490815, 24.726663], [113.48174, 24.697205], [113.483372, 24.649675], [113.505946, 24.568046], [113.4857, 24.497241], [113.482136, 24.432193], [113.389038, 24.302897], [113.336417, 24.137815], [113.258963, 23.997019], [113.212324, 23.860289], [113.136959, 23.715421], [113.120233, 23.667447], [113.140248, 23.551257], [113.17519, 23.474053], [113.215796, 23.284819], [113.195034, 23.197913], [113.193819, 23.113492], [113.220028, 23.035103], [113.244257, 23.018732], [113.26486, 22.98944]]}}, {"type": "Feature", "properties": {"trip_id": 20, "date": "2022-06-16T00:00:00", "train": "G85", "from": "\u4e0a\u6d77\u8679\u6865", "to": "\u5e7f\u5dde\u5357", "duration": 411, "distance": 1790, "fromcity": "\u4e0a\u6d77", "tocity": "\u5e7f\u5dde", "line": "\u6caa\u6606\u9ad8\u901f\u7ebf", "fromprov": "\u4e0a\u6d77\u5e02", "toprov": "\u5e7f\u4e1c\u7701", "id": "G85", "lines": ["\u4e0a\u6d77\u8679\u6865\u7ad920\u9053", "\u4e0a\u9976\u897f\u5357\u8054\u7edc\u7ebf", "\u4eac\u5e7f\u7ebf", "\u5357\u5e7f\u7ebf", "\u5e7f\u5357\u8054\u7edc\u7ebf", "\u5f0b\u6a1f\u7ebf", "\u6574\u5907\u6240\u8054\u7edc\u7ebf", "\u676d\u5dde\u4e1c\u7ad915\u9053", "\u676d\u5dde\u5357\u7ad911\u9053", "\u676d\u660c\u9ad8\u901f\u7ebf", "\u676d\u6df1\u7ebf", "\u6caa\u6606\u9ad8\u901f\u7ebf", "\u6caa\u676d\u7ebf", "\u8861\u67f3\u7ebf", "\u8862\u5168\u8054\u7edc\u7ebf", "\u91d1\u5c71\u7ebf", "\u957f\u6c99\u5357\u4e1c\u5357\u8054\u7edc\u7ebf", "\u957f\u6c99\u5357\u897f\u5317\u8054\u7edc\u7ebf"], "line_source": "osm", "geometry_source": "osm", "distance_ratio": 0.955, "match_confidence": 1.0, "edge_count": 2377}, "geometry": {"type": "LineString", "coordinates": [[121.315826, 31.193718], [121.319513, 31.168564], [121.356799, 31.112885], [121.360355, 31.089492], [121.295845, 31.046104], [121.244186, 30.995554], [121.199615, 30.984447], [121.22252, 30.98274], [121.170235, 30.937985], [121.002134, 30.854749], [120.828949, 30.708914], [120.669248, 30.623151], [120.600773, 30.552955], [120.527775, 30.528332], [120.442827, 30.482665], [120.337833, 30.403155], [120.265278, 30.370549], [120.19943, 30.327419], [120.196408, 30.309062], [120.209014, 30.291419], [120.2561, 30.256157], [120.286457, 30.195474], [120.2937, 30.155082], [120.309632, 30.125208], [120.298407, 30.009837], [120.270716, 29.948898], [120.261769, 29.868839], [120.19374, 29.775571], [120.163609, 29.644581], [120.136997, 29.591178], [120.136495, 29.564], [120.084815, 29.491926], [120.048335, 29.393816], [119.960766, 29.304543], [119.935396, 29.251001], [119.897757, 29.198976], [119.691869, 29.123687], [119.552599, 29.098561], [119.388969, 29.092601], [119.22155, 29.011567], [119.069609, 28.998263], [119.014915, 28.975555], [118.980272, 28.978439], [118.948941, 28.970583], [118.900698, 28.935986], [118.769325, 28.887635], [118.677543, 28.797778], [118.591177, 28.752897], [118.543159, 28.715885], [118.406226, 28.674654], [118.323878, 28.665163], [118.270853, 28.641517], [118.195682, 28.598478], [118.12154, 28.520498], [118.086183, 28.49806], [117.946119, 28.489179], [117.912276, 28.469709], [117.877894, 28.461598], [117.830571, 28.46302], [117.72672, 28.421109], [117.689661, 28.415614], [117.653795, 28.424243], [117.617366, 28.414395], [117.565691, 28.424316], [117.50075, 28.400713], [117.458066, 28.416638], [117.364265, 28.405367], [117.221829, 28.376801], [117.167411, 28.347795], [116.932573, 28.27764], [116.741552, 28.279064], [116.645696, 28.263916], [116.526669, 28.261245], [116.279968, 28.33128], [116.129998, 28.357046], [116.036722, 28.439824], [115.933465, 28.476907], [115.855226, 28.521535], [115.843983, 28.54254], [115.852826, 28.583659], [115.839819, 28.602494], [115.726349, 28.654229], [115.685433, 28.656739], [115.395084, 28.48503], [115.284426, 28.405382], [115.193962, 28.286654], [115.144808, 28.244915], [115.09124, 28.156281], [115.024974, 28.075453], [114.980001, 27.985602], [114.925228, 27.936247], [114.856161, 27.894934], [114.790511, 27.869976], [114.62874, 27.846403], [114.549778, 27.789867], [114.45411, 27.793752], [114.37723, 27.786761], [114.289741, 27.765043], [114.173283, 27.707222], [114.079559, 27.680104], [114.035518, 27.684133], [113.93805, 27.676155], [113.867691, 27.68989], [113.730673, 27.682146], [113.669495, 27.669755], [113.630932, 27.677659], [113.592156, 27.708133], [113.528883, 27.742049], [113.398568, 27.847309], [113.30484, 27.969451], [113.251191, 28.055147], [113.176388, 28.135433], [113.118296, 28.170769], [113.088948, 28.1756], [113.06011, 28.168767], [113.061046, 28.115843], [113.046549, 28.045116], [113.042022, 27.952856], [113.065703, 27.751798], [113.055665, 27.693545], [112.967656, 27.556799], [112.91494, 27.496285], [112.824094, 27.308944], [112.718874, 27.15447], [112.713789, 27.119853], [112.727694, 27.006756], [112.70541, 26.925646], [112.705992, 26.860418], [112.697845, 26.816784], [112.700857, 26.722573], [112.74925, 26.570564], [112.777751, 26.456399], [112.786318, 26.389229], [112.850388, 26.167434], [112.861871, 26.072934], [112.906161, 25.979513], [112.961322, 25.777674], [112.966801, 25.684705], [113.039891, 25.490607], [113.063139, 25.459664], [113.16708, 25.387835], [113.25761, 25.310663], [113.353787, 25.199837], [113.435689, 25.010119], [113.471839, 24.906601], [113.520857, 24.846212], [113.531794, 24.817151], [113.527105, 24.784054], [113.490815, 24.726663], [113.48174, 24.697205], [113.483372, 24.649675], [113.505946, 24.568046], [113.4857, 24.497241], [113.482136, 24.432193], [113.389038, 24.302897], [113.336417, 24.137815], [113.258963, 23.997019], [113.212324, 23.860289], [113.136959, 23.715421], [113.120233, 23.667447], [113.140248, 23.551257], [113.17519, 23.474053], [113.215796, 23.284819], [113.195034, 23.197913], [113.193819, 23.113492], [113.220028, 23.035103], [113.244257, 23.018732], [113.26486, 22.98944]]}}, {"type": "Feature", "properties": {"trip_id": 21, "date": "2022-06-16T00:00:00", "train": "D3618", "from": "\u5e7f\u5dde\u5357", "to": "\u4f5b\u5c71\u897f", "duration": 19, "distance": 33, "fromcity": "\u5e7f\u5dde", "tocity": "\u4f5b\u5c71", "line": "\u8d35\u5e7f\u5ba2\u8fd0\u4e13\u7ebf", "fromprov": "\u5e7f\u4e1c\u7701", "toprov": "\u5e7f\u4e1c\u7701", "id": "D3618", "lines": ["\u4eac\u5e7f\u7ebf", "\u4f5b\u5c71\u897f\u57ce\u5357\u8054\u7edc\u7ebf", "\u5357\u5e7f\u7ebf", "\u5e7f\u4f5b\u897f\u73af\u57ce\u9645\u7ebf", "\u5e7f\u5357\u8054\u7edc\u7ebf", "\u5e7f\u8087\u57ce\u9645\u7ebf"], "line_source": "osm", "geometry_source": "osm", "distance_ratio": 1.0, "match_confidence": 1.0, "edge_count": 49}, "geometry": {"type": "LineString", "coordinates": [[113.26486, 22.98944], [113.244686, 23.018069], [113.219416, 23.034264], [113.191758, 23.102005], [113.120335, 23.087792], [113.076174, 23.099492], [113.028172, 23.0827]]}}, {"type": "Feature", "properties": {"trip_id": 22, "date": null, "train": "D1009", "from": "\u4f5b\u5c71\u897f", "to": "\u5e7f\u5dde\u5357", "duration": 21, "distance": 33, "fromcity": "\u4f5b\u5c71", "tocity": "\u5e7f\u5dde", "line": "\u8d35\u5e7f\u5ba2\u8fd0\u4e13\u7ebf", "fromprov": "\u5e7f\u4e1c\u7701", "toprov": "\u5e7f\u4e1c\u7701", "id": "D1009", "lines": ["\u4eac\u5e7f\u7ebf", "\u4f5b\u5c71\u897f\u57ce\u5357\u8054\u7edc\u7ebf", "\u5357\u5e7f\u7ebf", "\u5e7f\u4f5b\u897f\u73af\u57ce\u9645\u7ebf", "\u5e7f\u5357\u8054\u7edc\u7ebf", "\u5e7f\u8087\u57ce\u9645\u7ebf"], "line_source": "osm", "geometry_source": "osm", "distance_ratio": 1.0, "match_confidence": 1.0, "edge_count": 49}, "geometry": {"type": "LineString", "coordinates": [[113.028172, 23.0827], [113.076174, 23.099492], [113.120335, 23.087792], [113.191758, 23.102005], [113.219416, 23.034264], [113.244686, 23.018069], [113.26486, 22.98944]]}}, {"type": "Feature", "properties": {"trip_id": 23, "date": null, "train": "C1010", "from": "\u5e7f\u5dde\u5357", "to": "\u9633\u6c5f", "duration": 104, "distance": 223, "fromcity": "\u5e7f\u5dde", "tocity": "\u9633\u6c5f", "line": "\u5e7f\u73e0\u57ce\u9645\u7ebf", "fromprov": "\u5e7f\u4e1c\u7701", "toprov": "\u5e7f\u4e1c\u7701", "id": "C1010", "lines": ["\u5e7f\u73e0\u57ce\u9645\u7ebf", "\u6c5f\u95e8\u7ebf", "\u6df1\u6e5b\u7ebf"], "line_source": "osm", "geometry_source": "mixed", "distance_ratio": 0.995, "match_confidence": 0.944, "edge_count": 138}, "geometry": {"type": "LineString", "coordinates": [[113.264768, 22.988682], [113.27376, 22.965881], [113.245335, 22.943481], [113.244217, 22.931664], [113.265306, 22.911087], [113.2779, 22.866996], [113.303749, 22.832041], [113.327293, 22.815329], [113.331291, 22.791508], [113.308322, 22.758418], [113.299597, 22.6916], [113.229361, 22.613027], [113.076752, 22.552839], [113.065726, 22.532026], [113.063672, 22.475985], [113.009325, 22.473367], [112.967053, 22.445377], [112.849908, 22.307519], [112.741764, 22.301461], [112.694004, 22.321321], [112.648466, 22.319867], [112.618071, 22.303738], [112.572892, 22.260235], [112.507982, 22.235569], [112.472009, 22.20684], [112.41021, 22.198472], [112.366437, 22.172751], [112.284565, 22.145754], [112.202629, 22.024755], [112.163587, 21.991939], [112.115784, 21.87694], [112.048727, 21.830667], [111.992497, 21.815017]]}}, {"type": "Feature", "properties": {"trip_id": 24, "date": null, "train": "D1011", "from": "\u9633\u6c5f", "to": "\u5e7f\u5dde\u5357", "duration": 105, "distance": 223, "fromcity": "\u9633\u6c5f", "tocity": "\u5e7f\u5dde", "line": "\u5e7f\u73e0\u57ce\u9645\u7ebf", "fromprov": "\u5e7f\u4e1c\u7701", "toprov": "\u5e7f\u4e1c\u7701", "id": "D1011", "lines": ["\u5e7f\u73e0\u57ce\u9645\u7ebf", "\u6c5f\u95e8\u7ebf", "\u6df1\u6e5b\u7ebf"], "line_source": "osm", "geometry_source": "mixed", "distance_ratio": 0.995, "match_confidence": 0.944, "edge_count": 138}, "geometry": {"type": "LineString", "coordinates": [[111.992497, 21.815017], [112.048727, 21.830667], [112.115784, 21.87694], [112.163587, 21.991939], [112.202629, 22.024755], [112.284565, 22.145754], [112.366437, 22.172751], [112.41021, 22.198472], [112.472009, 22.20684], [112.507982, 22.235569], [112.572892, 22.260235], [112.618071, 22.303738], [112.648466, 22.319867], [112.694004, 22.321321], [112.741764, 22.301461], [112.849908, 22.307519], [112.967053, 22.445377], [113.009325, 22.473367], [113.063672, 22.475985], [113.065726, 22.532026], [113.076752, 22.552839], [113.229361, 22.613027], [113.299597, 22.6916], [113.308322, 22.758418], [113.331291, 22.791508], [113.327293, 22.815329], [113.303749, 22.832041], [113.2779, 22.866996], [113.265306, 22.911087], [113.244217, 22.931664], [113.245335, 22.943481], [113.27376, 22.965881], [113.264768, 22.988682]]}}, {"type": "Feature", "properties": {"trip_id": 25, "date": "2022-12-26T00:00:00", "train": "D3058", "from": "\u516d\u5b89", "to": "\u4e0a\u6d77", "duration": 239, "distance": 555, "fromcity": "\u516d\u5b89", "tocity": "\u4e0a\u6d77", "line": "\u5b81\u84c9\u7ebf", "fromprov": "\u5b89\u5fbd\u7701", "toprov": "\u4e0a\u6d77\u5e02", "id": "D3058", "lines": ["\u4eac\u6caa\u7ebf", "\u4eac\u6caa\u7ebf (\u6caa\u5b81\u7ebf)", "\u4ed9\u5b81\u7ebf", "\u6caa\u5b81\u57ce\u9645\u7ebf", "\u6caa\u82cf\u901a\u7ebf", "\u6caa\u84c9\u7ebf"], "line_source": "osm", "geometry_source": "mixed", "distance_ratio": 0.977, "match_confidence": 0.944, "edge_count": 696}, "geometry": {"type": "LineString", "coordinates": [[116.498202, 31.717876], [116.556992, 31.744973], [116.780777, 31.748092], [117.028068, 31.772347], [117.083776, 31.787785], [117.215246, 31.790985], [117.351527, 31.809728], [117.406633, 31.805072], [117.425601, 31.814945], [117.457823, 31.854338], [117.737623, 31.964265], [117.818253, 31.975211], [117.95348, 32.007357], [118.029308, 32.00938], [118.103534, 32.03173], [118.309118, 32.067862], [118.415505, 32.070369], [118.597178, 31.985331], [118.669969, 31.929876], [118.708867, 31.923109], [118.839912, 31.992608], [118.893869, 32.044746], [118.900596, 32.073736], [118.884317, 32.109136], [118.925785, 32.134999], [119.128237, 32.163713], [119.294697, 32.163177], [119.43773, 32.200708], [119.468152, 32.181005], [119.503569, 32.131323], [119.574264, 32.062096], [119.596676, 31.984047], [119.724993, 31.918299], [119.843517, 31.845336], [119.955688, 31.800265], [119.978054, 31.776899], [120.156918, 31.669559], [120.250969, 31.630625], [120.313094, 31.581222], [120.344749, 31.538653], [120.568133, 31.329951], [120.690935, 31.339258], [120.839998, 31.380104], [120.873244, 31.382325], [120.9461266, 31.35396224], [121.448159, 31.252073]]}}, {"type": "Feature", "properties": {"trip_id": 26, "date": "2023-01-16T00:00:00", "train": "G7576", "from": "\u4e0a\u6d77\u8679\u6865", "to": "\u516d\u5b89", "duration": 206, "distance": 539, "fromcity": "\u4e0a\u6d77", "tocity": "\u516d\u5b89", "line": "\u5b81\u84c9\u7ebf", "fromprov": "\u4e0a\u6d77\u5e02", "toprov": "\u5b89\u5fbd\u7701", "id": "G7576", "lines": ["\u4eac\u6caa\u7ebf", "\u4eac\u6caa\u7ebf (\u6caa\u5b81\u7ebf)", "\u4ed9\u5b81\u7ebf", "\u6caa\u5b81\u57ce\u9645\u7ebf", "\u6caa\u5b81\u57ce\u9645\u8679\u6865\u8054\u7edc\u7ebf", "\u6caa\u6606\u9ad8\u901f\u7ebf", "\u6caa\u82cf\u901a\u7ebf", "\u6caa\u84c9\u7ebf", "\u8679\u5c01\u7ebf", "\u8679\u6865\u52a8\u8f66\u7ebf", "\u8679\u7efc\u52a8\u8f66A\u7ebf", "\u8679\u9ad8\u52a8\u8f66C\u7ebf", "\u9ec4\u5c01\u8054\u7edc\u7ebf"], "line_source": "osm", "geometry_source": "mixed", "distance_ratio": 0.995, "match_confidence": 0.941, "edge_count": 716}, "geometry": {"type": "LineString", "coordinates": [[121.315261, 31.196045], [121.313814, 31.220902], [121.267964, 31.288797], [120.9461266, 31.35396224], [120.878505, 31.381635], [120.839998, 31.380104], [120.690935, 31.339258], [120.567353, 31.330342], [120.344749, 31.538653], [120.313094, 31.581222], [120.250969, 31.630625], [120.156918, 31.669559], [119.978054, 31.776899], [119.955688, 31.800265], [119.843517, 31.845336], [119.724993, 31.918299], [119.596676, 31.984047], [119.574264, 32.062096], [119.503569, 32.131323], [119.468152, 32.181005], [119.43773, 32.200708], [119.294697, 32.163177], [119.128237, 32.163713], [118.925785, 32.134999], [118.884317, 32.109136], [118.900596, 32.073736], [118.893869, 32.044746], [118.839912, 31.992608], [118.708867, 31.923109], [118.669969, 31.929876], [118.597178, 31.985331], [118.415505, 32.070369], [118.309118, 32.067862], [118.103534, 32.03173], [118.029308, 32.00938], [117.95348, 32.007357], [117.818253, 31.975211], [117.737623, 31.964265], [117.457823, 31.854338], [117.425601, 31.814945], [117.406633, 31.805072], [117.351527, 31.809728], [117.215246, 31.790985], [117.083776, 31.787785], [117.028068, 31.772347], [116.780777, 31.748092], [116.556992, 31.744973], [116.498202, 31.717876]]}}, {"type": "Feature", "properties": {"trip_id": 27, "date": "2023-04-30T00:00:00", "train": "Z247", "from": "\u4e0a\u6d77\u5357", "to": "\u957f\u6c99", "duration": 611, "distance": 1179, "fromcity": "\u4e0a\u6d77", "tocity": "\u957f\u6c99", "line": "\u6caa\u6606\u7ebf", "fromprov": "\u4e0a\u6d77\u5e02", "toprov": "\u6e56\u5357\u7701", "id": "Z247", "lines": ["3\u9053", "\u4e0a\u6d77\u5357\u8054\u7edc\u7ebf", "\u4e30\u6d1b\u7ebf", "\u4eac\u4e5d\u7ebf", "\u4eac\u5e7f\u7ebf", "\u4eac\u5e7f\u8d27\u8f66\u4e0b\u884c1\u7ebf", "\u4eac\u5e7f\u8d27\u8f66\u4e0b\u884c2\u7ebf", "\u5357\u661f\u6865\u8d27\u573a\u652f\u7ebf\uff08I\uff09", "\u5411\u4e1cD2\u7ebf", "\u5411\u4e1cD\u7ebf", "\u5411\u4e1cE2\u7ebf", "\u5411\u4e1cE\u7ebf", "\u5411\u4e1cL4\u7ebf", "\u5411\u897fA2\u7ebf", "\u5411\u897fA3\u7ebf", "\u5411\u897fB3\u7ebf", "\u5f0b\u6a1f\u7ebf", "\u673a14\u7ebf", "\u676d\u5dde\u5357\u7ad911\u9053", "\u676d\u5dde\u7ad97\u9053", "\u676d\u660c\u9ad8\u901f\u7ebf", "\u682a\u6d32\u5317\u4e1c\u5230\u8fbe\u7ebf", "\u6caa\u6606\u7ed5\u884c\u7ebf", "\u6caa\u6606\u9ad8\u901f\u7ebf", "\u6caa\u6625\u7ebf", "\u6caa\u676d\u7ebf", "\u7b15\u676d\u7ebf", "\u8427\u8427\u8054\u7edc\u7ebf", "\u8862\u5168\u8054\u7edc\u7ebf", "\u91d1\u5c71\u7ebf", "\u957f\u6c99\u5ba2\u8f66\u5916\u7ed5\u7ebf"], "line_source": "osm", "geometry_source": "osm", "distance_ratio": 0.966, "match_confidence": 1.0, "edge_count": 1496}, "geometry": {"type": "LineString", "coordinates": [[121.421156, 31.151934], [121.355936, 31.084907], [121.295845, 31.046104], [121.243547, 30.995157], [121.205235, 30.983419], [121.108314, 30.980674], [121.081779, 30.962139], [121.017231, 30.886718], [120.900446, 30.848233], [120.755453, 30.762955], [120.742847, 30.732964], [120.747578, 30.69725], [120.689082, 30.541595], [120.552918, 30.483548], [120.317854, 30.434126], [120.283051, 30.406702], [120.206367, 30.320152], [120.185417, 30.314996], [120.17926, 30.286087], [120.18365, 30.25515], [120.172498, 30.227676], [120.159408, 30.213495], [120.131351, 30.201723], [120.145896, 30.180603], [120.240881, 30.176898], [120.26385, 30.168919], [120.287112, 30.186885], [120.309734, 30.123447], [120.297296, 30.004493], [120.271056, 29.950168], [120.258298, 29.859633], [120.189942, 29.7664], [120.163609, 29.644581], [120.136997, 29.591178], [120.135931, 29.562651], [120.084815, 29.491926], [120.075811, 29.453453], [120.047185, 29.391896], [119.960766, 29.304543], [119.935396, 29.251001], [119.899976, 29.20083], [119.856969, 29.179258], [119.691869, 29.123687], [119.552599, 29.098561], [119.388969, 29.092601], [119.22155, 29.011567], [119.069609, 28.998263], [119.014915, 28.975555], [118.980272, 28.978439], [118.948941, 28.970583], [118.902371, 28.936759], [118.764397, 28.884407], [118.677543, 28.797778], [118.625001, 28.766955], [118.593221, 28.710074], [118.544177, 28.689145], [118.491958, 28.642513], [118.464155, 28.635767], [118.416725, 28.644734], [118.384402, 28.639093], [118.34993, 28.649829], [118.315759, 28.647247], [118.250972, 28.669887], [118.207285, 28.64932], [118.15073, 28.602963], [118.097484, 28.586633], [118.059449, 28.510393], [118.047152, 28.500477], [117.946119, 28.489179], [117.915398, 28.47088], [117.880715, 28.461954], [117.830571, 28.46302], [117.72672, 28.421109], [117.689661, 28.415614], [117.653795, 28.424243], [117.617366, 28.414395], [117.565691, 28.424316], [117.50075, 28.400713], [117.458066, 28.416638], [117.372341, 28.415453], [117.32949, 28.406889], [117.313715, 28.396863], [117.262898, 28.328737], [117.226062, 28.299008], [117.146967, 28.281142], [117.105954, 28.252906], [117.092735, 28.255442], [117.037079, 28.235106], [117.005752, 28.239383], [116.91329, 28.215785], [116.856465, 28.214748], [116.828388, 28.222489], [116.791253, 28.214548], [116.690841, 28.244542], [116.603319, 28.228553], [116.538978, 28.262446], [116.506752, 28.265839], [116.486855, 28.281773], [116.45318, 28.28568], [116.341512, 28.331371], [116.255974, 28.350111], [116.222032, 28.366381], [116.150586, 28.357837], [116.083893, 28.360179], [116.04401, 28.39136], [115.983197, 28.406341], [115.958535, 28.442629], [115.964304, 28.421306], [115.940045, 28.393814], [115.930869, 28.361958], [115.895406, 28.318561], [115.868981, 28.251283], [115.775043, 28.175738], [115.675622, 28.158864], [115.553623, 28.068296], [115.531889, 28.085828], [115.468676, 28.077499], [115.406983, 28.035481], [115.381719, 27.981534], [115.35021, 27.950498], [115.273797, 27.912621], [115.129759, 27.87405], [115.074799, 27.840454], [114.947213, 27.813143], [114.884379, 27.815186], [114.798433, 27.769225], [114.684652, 27.805896], [114.648185, 27.809186], [114.566447, 27.781078], [114.494097, 27.794152], [114.470866, 27.786246], [114.444141, 27.792252], [114.365188, 27.783948], [114.317403, 27.787516], [114.253725, 27.758643], [114.188518, 27.749998], [114.136493, 27.724823], [114.120047, 27.689404], [114.062385, 27.656868], [113.993131, 27.652574], [113.965741, 27.663746], [113.92221, 27.66318], [113.885914, 27.637992], [113.846623, 27.653419], [113.811624, 27.643421], [113.766126, 27.645112], [113.635535, 27.616205], [113.545547, 27.63888], [113.4915, 27.690665], [113.440969, 27.709287], [113.409284, 27.733731], [113.353097, 27.740639], [113.319855, 27.779417], [113.284356, 27.797814], [113.231942, 27.81577], [113.200003, 27.811477], [113.183168, 27.826753], [113.155583, 27.830478], [113.123174, 27.877485], [113.038318, 27.942422], [112.978168, 28.004572], [112.958541, 28.043907], [112.951601, 28.07871], [112.956681, 28.132906], [113.005501, 28.156374], [113.008387, 28.193355]]}}, {"type": "Feature", "properties": {"trip_id": 28, "date": "2023-05-03T00:00:00", "train": "Z245", "from": "\u957f\u6c99", "to": "\u4e0a\u6d77\u5357", "duration": 609, "distance": 1177, "fromcity": "\u957f\u6c99", "tocity": "\u4e0a\u6d77", "line": "\u6caa\u6606\u7ebf", "fromprov": "\u6e56\u5357\u7701", "toprov": "\u4e0a\u6d77\u5e02", "id": "Z245", "lines": ["3\u9053", "\u4e0a\u6d77\u5357\u8054\u7edc\u7ebf", "\u4e30\u6d1b\u7ebf", "\u4eac\u4e5d\u7ebf", "\u4eac\u5e7f\u7ebf", "\u4eac\u5e7f\u8d27\u8f66\u4e0b\u884c1\u7ebf", "\u4eac\u5e7f\u8d27\u8f66\u4e0b\u884c2\u7ebf", "\u5411\u4e1cD2\u7ebf", "\u5411\u4e1cD\u7ebf", "\u5411\u4e1cE2\u7ebf", "\u5411\u4e1cE\u7ebf", "\u5411\u4e1cL4\u7ebf", "\u5411\u897fA2\u7ebf", "\u5411\u897fA3\u7ebf", "\u5411\u897fB3\u7ebf", "\u5b81\u676d\u826e\u5c71\u95e8\u8054\u7edc\u7ebf", "\u5f0b\u6a1f\u7ebf", "\u673a14\u7ebf", "\u676d\u5dde\u4e1c\u7ad915\u9053", "\u676d\u5dde\u52a8\u8f66B\u7ebf", "\u676d\u5dde\u52a8\u8f66C\u7ebf", "\u676d\u5dde\u5357\u7ad911\u9053", "\u676d\u660c\u9ad8\u901f\u7ebf", "\u676d\u6df1\u7ebf", "\u682a\u6d32\u5317\u4e1c\u5230\u8fbe\u7ebf", "\u6caa\u6606\u9ad8\u901f\u7ebf", "\u6caa\u6625\u7ebf", "\u6caa\u676d\u7ebf", "\u7b15\u676d\u7ebf", "\u8862\u5168\u8054\u7edc\u7ebf", "\u91d1\u5c71\u7ebf", "\u957f\u6c99\u5ba2\u8f66\u5916\u7ed5\u7ebf"], "line_source": "osm", "geometry_source": "osm", "distance_ratio": 0.958, "match_confidence": 1.0, "edge_count": 1405}, "geometry": {"type": "LineString", "coordinates": [[113.008387, 28.193355], [113.005501, 28.156374], [112.956681, 28.132906], [112.951601, 28.07871], [112.958541, 28.043907], [112.978168, 28.004572], [113.038318, 27.942422], [113.123174, 27.877485], [113.155583, 27.830478], [113.183168, 27.826753], [113.200003, 27.811477], [113.231942, 27.81577], [113.284356, 27.797814], [113.319855, 27.779417], [113.353097, 27.740639], [113.409284, 27.733731], [113.440969, 27.709287], [113.4915, 27.690665], [113.545547, 27.63888], [113.635535, 27.616205], [113.766126, 27.645112], [113.811624, 27.643421], [113.846623, 27.653419], [113.885914, 27.637992], [113.92221, 27.66318], [113.965741, 27.663746], [113.993131, 27.652574], [114.062385, 27.656868], [114.120047, 27.689404], [114.136493, 27.724823], [114.188518, 27.749998], [114.253725, 27.758643], [114.317403, 27.787516], [114.365188, 27.783948], [114.444141, 27.792252], [114.470866, 27.786246], [114.494097, 27.794152], [114.566447, 27.781078], [114.648185, 27.809186], [114.684652, 27.805896], [114.798433, 27.769225], [114.884379, 27.815186], [114.947213, 27.813143], [115.074799, 27.840454], [115.129759, 27.87405], [115.273797, 27.912621], [115.35021, 27.950498], [115.381719, 27.981534], [115.406983, 28.035481], [115.468676, 28.077499], [115.531889, 28.085828], [115.553623, 28.068296], [115.675622, 28.158864], [115.775043, 28.175738], [115.868981, 28.251283], [115.895406, 28.318561], [115.930869, 28.361958], [115.940045, 28.393814], [115.964304, 28.421306], [115.958535, 28.442629], [115.983197, 28.406341], [116.04401, 28.39136], [116.083893, 28.360179], [116.150586, 28.357837], [116.222032, 28.366381], [116.255974, 28.350111], [116.341512, 28.331371], [116.45318, 28.28568], [116.486855, 28.281773], [116.506752, 28.265839], [116.538978, 28.262446], [116.603319, 28.228553], [116.690841, 28.244542], [116.791253, 28.214548], [116.828388, 28.222489], [116.856465, 28.214748], [116.91329, 28.215785], [117.005752, 28.239383], [117.037079, 28.235106], [117.092735, 28.255442], [117.105954, 28.252906], [117.146967, 28.281142], [117.226062, 28.299008], [117.262898, 28.328737], [117.313715, 28.396863], [117.32949, 28.406889], [117.372341, 28.415453], [117.458066, 28.416638], [117.50075, 28.400713], [117.565691, 28.424316], [117.617366, 28.414395], [117.653795, 28.424243], [117.689661, 28.415614], [117.72672, 28.421109], [117.830571, 28.46302], [117.880715, 28.461954], [117.915398, 28.47088], [117.946119, 28.489179], [118.047152, 28.500477], [118.059449, 28.510393], [118.097484, 28.586633], [118.15073, 28.602963], [118.207285, 28.64932], [118.250972, 28.669887], [118.315759, 28.647247], [118.34993, 28.649829], [118.384402, 28.639093], [118.416725, 28.644734], [118.464155, 28.635767], [118.491958, 28.642513], [118.544177, 28.689145], [118.593221, 28.710074], [118.625001, 28.766955], [118.677543, 28.797778], [118.764397, 28.884407], [118.902371, 28.936759], [118.948941, 28.970583], [118.980272, 28.978439], [119.014915, 28.975555], [119.069609, 28.998263], [119.22155, 29.011567], [119.388969, 29.092601], [119.552599, 29.098561], [119.691869, 29.123687], [119.856969, 29.179258], [119.899976, 29.20083], [119.935396, 29.251001], [119.960766, 29.304543], [120.047185, 29.391896], [120.075811, 29.453453], [120.084815, 29.491926], [120.135931, 29.562651], [120.136997, 29.591178], [120.163609, 29.644581], [120.189942, 29.7664], [120.258298, 29.859633], [120.271056, 29.950168], [120.297296, 30.004493], [120.309734, 30.123447], [120.2937, 30.155082], [120.286457, 30.195474], [120.253669, 30.259697], [120.215881, 30.283381], [120.194616, 30.316618], [120.183882, 30.314355], [120.182087, 30.300189], [120.185786, 30.315415], [120.206367, 30.320152], [120.283051, 30.406702], [120.317854, 30.434126], [120.552918, 30.483548], [120.689082, 30.541595], [120.747578, 30.69725], [120.742847, 30.732964], [120.755453, 30.762955], [120.900446, 30.848233], [121.017231, 30.886718], [121.081779, 30.962139], [121.108314, 30.980674], [121.205235, 30.983419], [121.243547, 30.995157], [121.295845, 31.046104], [121.355936, 31.084907], [121.421156, 31.151934]]}}, {"type": "Feature", "properties": {"trip_id": 29, "date": "2023-07-04T00:00:00", "train": "Z27", "from": "\u4e0a\u6d77\u5357", "to": "\u6b66\u660c", "duration": 579, "distance": 1034, "fromcity": "\u4e0a\u6d77", "tocity": "\u6b66\u6c49", "line": "\u6caa\u6606\u7ebf", "fromprov": "\u4e0a\u6d77\u5e02", "toprov": "\u6e56\u5317\u7701", "id": "Z27", "lines": ["\u4e0a\u6d77\u5357\u8054\u7edc\u7ebf", "\u4eac\u5e7f\u7ebf", "\u4f59\u82b1\u8054\u7edc\u7ebf", "\u5357\u661f\u6865\u8d27\u573a\u652f\u7ebf\uff08I\uff09", "\u53d1\u897f\u7ebf", "\u660c\u4e5d\u57ce\u9645\u7ebf", "\u676d\u5dde\u5357\u7ad911\u9053", "\u676d\u5dde\u7ad97\u9053", "\u676d\u660c\u9ad8\u901f\u7ebf", "\u6b66\u4e5d\u5ba2\u4e13\u7ebf", "\u6b66\u4e5d\u7ebf", "\u6b66\u4e5d\u897f\u5357\u8054\u7edc\u7ebf", "\u6b66\u4f59\u8054\u7edc\u7ebf", "\u6b66\u660c\u5357\u73af\u7ebf", "\u6caa\u6606\u7ed5\u884c\u7ebf", "\u6caa\u6606\u9ad8\u901f\u7ebf", "\u6caa\u6625\u7ebf", "\u6caa\u676d\u7ebf", "\u6e56\u53e3\u758f\u89e3\u7ebf", "\u7b15\u676d\u7ebf", "\u8427\u8427\u8054\u7edc\u7ebf", "\u8862\u4e5d\u7ebf", "\u8862\u5168\u8054\u7edc\u7ebf", "\u897f\u5230\u7ebf", "\u91d1\u5c71\u7ebf", "\u94dc\u4e5d\u7ebf"], "line_source": "osm", "geometry_source": "osm", "distance_ratio": 0.974, "match_confidence": 1.0, "edge_count": 1618}, "geometry": {"type": "LineString", "coordinates": [[121.421156, 31.151934], [121.355936, 31.084907], [121.295845, 31.046104], [121.243547, 30.995157], [121.205235, 30.983419], [121.108314, 30.980674], [121.081779, 30.962139], [121.017231, 30.886718], [120.900446, 30.848233], [120.755453, 30.762955], [120.742847, 30.732964], [120.747578, 30.69725], [120.689082, 30.541595], [120.552918, 30.483548], [120.317854, 30.434126], [120.283051, 30.406702], [120.206367, 30.320152], [120.185417, 30.314996], [120.17926, 30.286087], [120.18365, 30.25515], [120.172498, 30.227676], [120.159408, 30.213495], [120.131351, 30.201723], [120.145896, 30.180603], [120.240881, 30.176898], [120.26385, 30.168919], [120.287112, 30.186885], [120.309734, 30.123447], [120.297296, 30.004493], [120.271056, 29.950168], [120.258298, 29.859633], [120.189942, 29.7664], [120.163609, 29.644581], [120.136997, 29.591178], [120.135931, 29.562651], [120.084815, 29.491926], [120.075811, 29.453453], [120.047185, 29.391896], [119.960766, 29.304543], [119.935396, 29.251001], [119.899976, 29.20083], [119.856969, 29.179258], [119.687281, 29.122696], [119.552599, 29.098561], [119.383664, 29.091334], [119.223295, 29.01208], [119.069609, 28.998263], [119.014915, 28.975555], [118.954559, 28.97224], [118.903318, 28.937249], [118.83812, 28.911041], [118.798179, 28.912683], [118.765628, 28.928094], [118.709406, 28.933976], [118.529451, 28.928984], [118.427037, 28.970847], [118.383436, 28.977439], [118.320926, 29.017522], [118.24592, 29.033264], [118.086412, 29.094656], [117.926496, 29.125691], [117.911111, 29.137349], [117.871548, 29.201836], [117.877882, 29.280895], [117.847339, 29.301122], [117.757134, 29.313292], [117.616791, 29.316725], [117.516038, 29.337371], [117.434861, 29.314467], [117.274869, 29.35048], [117.192903, 29.336583], [117.16719, 29.31568], [117.124431, 29.31159], [117.018338, 29.332315], [116.739929, 29.340078], [116.658967, 29.360287], [116.555244, 29.400807], [116.501888, 29.406953], [116.437076, 29.443246], [116.372493, 29.543047], [116.325462, 29.727598], [116.310874, 29.739936], [116.216244, 29.703701], [116.137142, 29.725724], [116.109111, 29.742232], [116.037243, 29.727601], [115.955779, 29.675585], [115.919395, 29.667337], [115.881733, 29.628415], [115.876328, 29.602581], [115.868747, 29.620145], [115.843625, 29.630971], [115.690131, 29.629727], [115.669313, 29.642673], [115.660023, 29.659071], [115.667141, 29.709425], [115.655536, 29.72628], [115.61352, 29.733821], [115.554271, 29.762599], [115.482112, 29.771558], [115.383029, 29.767815], [115.314993, 29.74783], [115.249826, 29.754468], [115.234086, 29.789129], [115.186452, 29.854076], [115.160523, 29.869332], [115.115781, 29.878639], [115.099018, 29.892608], [115.071326, 29.956944], [115.00691, 30.054235], [115.005612, 30.099912], [114.998041, 30.115119], [114.949033, 30.136705], [114.910019, 30.190847], [114.853423, 30.217141], [114.848651, 30.260224], [114.860278, 30.29223], [114.860793, 30.35968], [114.810351, 30.378895], [114.748876, 30.475154], [114.712696, 30.491016], [114.624243, 30.494752], [114.557639, 30.522877], [114.475833, 30.530973], [114.456036, 30.510686], [114.428033, 30.497175], [114.419802, 30.47296], [114.33768, 30.462526], [114.299962, 30.473486], [114.297746, 30.507136], [114.310868, 30.528913]]}}, {"type": "Feature", "properties": {"trip_id": 30, "date": "2023-07-08T00:00:00", "train": "D5777", "from": "\u6c49\u53e3", "to": "\u6b66\u660c", "duration": 20, "distance": 20, "fromcity": "\u6b66\u6c49", "tocity": "\u6b66\u6c49", "line": "\u4eac\u5e7f\u7ebf", "fromprov": "\u6e56\u5317\u7701", "toprov": "\u6e56\u5317\u7701", "id": "D5777", "lines": ["\u4eac\u5e7f\u7ebf", "\u6c49\u4e39\u7ebf", "\u6c49\u53e3\u6c49\u897f\u8054\u7edc\u7ebf", "\u6c49\u897f\u8054\u7edc\u7ebf", "\u6caa\u84c9\u7ebf"], "line_source": "osm", "geometry_source": "osm", "distance_ratio": 0.915, "match_confidence": 1.0, "edge_count": 55}, "geometry": {"type": "LineString", "coordinates": [[114.24661, 30.62034], [114.220205, 30.605394], [114.22778, 30.566632], [114.254968, 30.554015], [114.274208, 30.556472], [114.314952, 30.543596], [114.312369, 30.531007]]}}, {"type": "Feature", "properties": {"trip_id": 31, "date": "2023-07-08T00:00:00", "train": "Z235", "from": "\u6b66\u660c", "to": "\u5e7f\u5dde\u4e1c", "duration": 680, "distance": 1064, "fromcity": "\u6b66\u6c49", "tocity": "\u5e7f\u5dde", "line": "\u4eac\u5e7f\u7ebf", "fromprov": "\u6e56\u5317\u7701", "toprov": "\u5e7f\u4e1c\u7701", "id": "Z235", "lines": ["1\u9053", "\u4e0b\u884c\u5ba2\u8f66\u8054\u7edc\u7ebf", "\u4eac\u5e7f\u7ebf", "\u4eac\u5e7f\u8d27\u8f66\u4e0b\u884c1\u7ebf", "\u4eac\u5e7f\u8d27\u8f66\u4e0b\u884c2\u7ebf", "\u5e7f\u6df1\u7ebf", "\u5e7f\u6e05\u57ce\u9645\u7ebf", "\u682a\u6d32\u5317\u4e1c\u5230\u8fbe\u7ebf", "\u6b66\u4f59\u8054\u7edc\u7ebf", "\u6c5f\u8354\u8054\u7edc\u7ebf", "\u72ee\u5cad\u8054\u7edc\u7ebf", "\u82b1\u5e7f\u8054\u7edc\u7ebf", "\u8861\u5317\u4e0a\u884c\u51fa\u53d1\u7ebf", "\u8861\u5317\u6e58\u6842\u4e0b\u8054\u7ebf", "\u957f\u6c99\u5ba2\u8f66\u5916\u7ed5\u7ebf"], "line_source": "osm", "geometry_source": "osm", "distance_ratio": 1.001, "match_confidence": 1.0, "edge_count": 1354}, "geometry": {"type": "LineString", "coordinates": [[114.310868, 30.528913], [114.2974, 30.505117], [114.307285, 30.369247], [114.294981, 30.337592], [114.326954, 30.276761], [114.316707, 30.165919], [114.347889, 30.096933], [114.363217, 29.993692], [114.359311, 29.937025], [114.331686, 29.912163], [114.289966, 29.891878], [114.274091, 29.872906], [114.242097, 29.864074], [114.218793, 29.843389], [114.1777, 29.832447], [114.149076, 29.807607], [114.103344, 29.785181], [114.031346, 29.770944], [113.983844, 29.74356], [113.876953, 29.710522], [113.852437, 29.670463], [113.816232, 29.654426], [113.680776, 29.535801], [113.642353, 29.515404], [113.472804, 29.477234], [113.376639, 29.511854], [113.302852, 29.506641], [113.254602, 29.457048], [113.12439, 29.381285], [113.098575, 29.378364], [113.085432, 29.360389], [113.076947, 29.327884], [113.090888, 29.29842], [113.093302, 29.26699], [113.120918, 29.223945], [113.128457, 29.187353], [113.118477, 29.153449], [113.126363, 29.007842], [113.088705, 28.915611], [113.09183, 28.858924], [113.072125, 28.824755], [113.037916, 28.68116], [113.049783, 28.635096], [113.041959, 28.599846], [113.023542, 28.545305], [112.984356, 28.493201], [112.922156, 28.367342], [112.953553, 28.336604], [112.977492, 28.296015], [112.987787, 28.23307], [113.010473, 28.210903], [113.006135, 28.157227], [112.956367, 28.131823], [112.951684, 28.077626], [112.968491, 28.020829], [113.038318, 27.942422], [113.123174, 27.877485], [113.156808, 27.825652], [113.164973, 27.788518], [113.161379, 27.769808], [113.137953, 27.72864], [113.111214, 27.640308], [113.113253, 27.606474], [113.126379, 27.570433], [113.155767, 27.550252], [113.162243, 27.531589], [113.133675, 27.46724], [113.102181, 27.431993], [113.052398, 27.388185], [113.029539, 27.383364], [113.004334, 27.366426], [112.972208, 27.316621], [112.883211, 27.223796], [112.872902, 27.149433], [112.850178, 27.126583], [112.825224, 27.059484], [112.784784, 27.001864], [112.739006, 26.951448], [112.622788, 26.907379], [112.633092, 26.884393], [112.656993, 26.874161], [112.666016, 26.859333], [112.669382, 26.788287], [112.68724, 26.762976], [112.716924, 26.747366], [112.724415, 26.691219], [112.755533, 26.651557], [112.761438, 26.626755], [112.753208, 26.586944], [112.772754, 26.568036], [112.776685, 26.547337], [112.773116, 26.491726], [112.784404, 26.479567], [112.788164, 26.454963], [112.819175, 26.41674], [112.812416, 26.395096], [112.826893, 26.375588], [112.831301, 26.353583], [112.826258, 26.281054], [112.838618, 26.239691], [112.858289, 26.223492], [112.869041, 26.191518], [112.879491, 26.154931], [112.877613, 26.116254], [112.888176, 26.098147], [112.912442, 26.086059], [112.95523, 26.039488], [112.973681, 26.036794], [113.023714, 25.988981], [113.049113, 25.988843], [113.061236, 25.97786], [113.057103, 25.945549], [113.070275, 25.931598], [113.075926, 25.900724], [113.067432, 25.881376], [113.03466, 25.861681], [113.02077, 25.84073], [113.029452, 25.806023], [113.048115, 25.781991], [113.037635, 25.733663], [113.042176, 25.719116], [113.02769, 25.689113], [113.00712, 25.68297], [112.997247, 25.670482], [112.987337, 25.607307], [113.026412, 25.507734], [113.015936, 25.454225], [113.022443, 25.425088], [113.033904, 25.414086], [113.026121, 25.390888], [113.043346, 25.292441], [113.057227, 25.2823], [113.09568, 25.282518], [113.117078, 25.266766], [113.153001, 25.255213], [113.269947, 25.178737], [113.291168, 25.140977], [113.324554, 25.128054], [113.345986, 25.136277], [113.368873, 25.118713], [113.405538, 25.05964], [113.41314, 25.025172], [113.433589, 25.013005], [113.439742, 24.990827], [113.460288, 24.979991], [113.468887, 24.962145], [113.5044, 24.950224], [113.562192, 24.833391], [113.59828, 24.820456], [113.603726, 24.804128], [113.589533, 24.775657], [113.623477, 24.718621], [113.615243, 24.693286], [113.589635, 24.664344], [113.59831, 24.643649], [113.586695, 24.605396], [113.594315, 24.522322], [113.584261, 24.515552], [113.5775, 24.492625], [113.52377, 24.439202], [113.518767, 24.426404], [113.527642, 24.404085], [113.516709, 24.379814], [113.480161, 24.346701], [113.447932, 24.294621], [113.449263, 24.2746], [113.474795, 24.249586], [113.472485, 24.225989], [113.44031, 24.181079], [113.42915, 24.131402], [113.403662, 24.111965], [113.400568, 24.095137], [113.356525, 24.061704], [113.306565, 24.040992], [113.282016, 23.988667], [113.284004, 23.963356], [113.270564, 23.920258], [113.275462, 23.878573], [113.265556, 23.845581], [113.272532, 23.827611], [113.269157, 23.792526], [113.234979, 23.777855], [113.225065, 23.751791], [113.228974, 23.708564], [113.189364, 23.658075], [113.172349, 23.606678], [113.123588, 23.56615], [113.097712, 23.525331], [113.095719, 23.490238], [113.122269, 23.479825], [113.191026, 23.400594], [113.206726, 23.315408], [113.225239, 23.267409], [113.226648, 23.236301], [113.241228, 23.214924], [113.245012, 23.156542], [113.269722, 23.142704], [113.299919, 23.155702], [113.318965, 23.153978]]}}, {"type": "Feature", "properties": {"trip_id": 32, "date": "2023-08-12T00:00:00", "train": "C7025", "from": "\u5e7f\u5dde", "to": "\u6a1f\u6728\u5934", "duration": 64, "distance": 103, "fromcity": "\u5e7f\u5dde", "tocity": "\u4e1c\u839e", "line": "\u5e7f\u6df1\u57ce\u9645\u7ebf", "fromprov": "\u5e7f\u4e1c\u7701", "toprov": "\u5e7f\u4e1c\u7701", "id": "C7025", "lines": ["\u5e7f\u6df1\u7ebf"], "line_source": "osm", "geometry_source": "osm", "distance_ratio": 0.976, "match_confidence": 1.0, "edge_count": 142}, "geometry": {"type": "LineString", "coordinates": [[113.254437, 23.151214], [113.270697, 23.142732], [113.30902, 23.155978], [113.488828, 23.115299], [113.577757, 23.126167], [113.724436, 23.181065], [113.781204, 23.172334], [113.831167, 23.15093], [113.846632, 23.096835], [113.981081, 23.012394], [114.059962, 22.906059]]}}, {"type": "Feature", "properties": {"trip_id": 33, "date": "2023-08-12T00:00:00", "train": "C7107", "from": "\u6a1f\u6728\u5934", "to": "\u6df1\u5733", "duration": 29, "distance": 44, "fromcity": "\u4e1c\u839e", "tocity": "\u6df1\u5733", "line": "\u5e7f\u6df1\u57ce\u9645\u7ebf", "fromprov": "\u5e7f\u4e1c\u7701", "toprov": "\u5e7f\u4e1c\u7701", "id": "C7107", "lines": ["\u5e7f\u6df1\u7ebf"], "line_source": "osm", "geometry_source": "osm", "distance_ratio": 1.007, "match_confidence": 1.0, "edge_count": 85}, "geometry": {"type": "LineString", "coordinates": [[114.066109, 22.902076], [114.074929, 22.8926], [114.094894, 22.814796], [114.10719, 22.747471], [114.105017, 22.716307], [114.127035, 22.683538], [114.135437, 22.640503], [114.113448, 22.622739], [114.112397, 22.531942]]}}, {"type": "Feature", "properties": {"trip_id": 34, "date": "2023-08-13T00:00:00", "train": "D2308", "from": "\u6df1\u5733\u5317", "to": "\u60e0\u9633", "duration": 24, "distance": 56, "fromcity": "\u6df1\u5733", "tocity": "\u60e0\u5dde", "line": "\u676d\u6df1\u7ebf", "fromprov": "\u5e7f\u4e1c\u7701", "toprov": "\u5e7f\u4e1c\u7701", "id": "D2308", "lines": ["\u5e7f\u6df1\u6e2f\u9ad8\u901f\u7ebf", "\u676d\u6df1\u6df1\u5317\u8054\u7edc\u7ebf", "\u676d\u6df1\u7ebf"], "line_source": "osm", "geometry_source": "osm", "distance_ratio": 0.969, "match_confidence": 1.0, "edge_count": 73}, "geometry": {"type": "LineString", "coordinates": [[114.026968, 22.608423], [114.056168, 22.590658], [114.096144, 22.632907], [114.146567, 22.637691], [114.190989, 22.665684], [114.2331, 22.673001], [114.277576, 22.701405], [114.341076, 22.714853], [114.398656, 22.749666], [114.453749, 22.764056], [114.482844, 22.783045]]}}, {"type": "Feature", "properties": {"trip_id": 35, "date": "2023-08-13T00:00:00", "train": "D3333", "from": "\u60e0\u9633", "to": "\u6df1\u5733\u5317", "duration": 25, "distance": 56, "fromcity": "\u60e0\u5dde", "tocity": "\u6df1\u5733", "line": "\u676d\u6df1\u7ebf", "fromprov": "\u5e7f\u4e1c\u7701", "toprov": "\u5e7f\u4e1c\u7701", "id": "D3333", "lines": ["\u5e7f\u6df1\u6e2f\u9ad8\u901f\u7ebf", "\u676d\u6df1\u6df1\u5317\u8054\u7edc\u7ebf", "\u676d\u6df1\u7ebf"], "line_source": "osm", "geometry_source": "osm", "distance_ratio": 0.969, "match_confidence": 1.0, "edge_count": 73}, "geometry": {"type": "LineString", "coordinates": [[114.482844, 22.783045], [114.453749, 22.764056], [114.398656, 22.749666], [114.341076, 22.714853], [114.277576, 22.701405], [114.2331, 22.673001], [114.190989, 22.665684], [114.146567, 22.637691], [114.096144, 22.632907], [114.056168, 22.590658], [114.026968, 22.608423]]}}, {"type": "Feature", "properties": {"trip_id": 36, "date": "2023-08-13T00:00:00", "train": "C7020", "from": "\u6df1\u5733", "to": "\u5e7f\u5dde\u4e1c", "duration": 85, "distance": 139, "fromcity": "\u6df1\u5733", "tocity": "\u5e7f\u5dde", "line": "\u5e7f\u6df1\u57ce\u9645\u7ebf", "fromprov": "\u5e7f\u4e1c\u7701", "toprov": "\u5e7f\u4e1c\u7701", "id": "C7020", "lines": ["\u5e7f\u6df1\u7ebf"], "line_source": "osm", "geometry_source": "osm", "distance_ratio": 0.99, "match_confidence": 1.0, "edge_count": 203}, "geometry": {"type": "LineString", "coordinates": [[114.112397, 22.531942], [114.113448, 22.622739], [114.135437, 22.640503], [114.127035, 22.683538], [114.104957, 22.716536], [114.107063, 22.748454], [114.074523, 22.893672], [114.05203, 22.911814], [114.01028, 22.978022], [113.964793, 23.027611], [113.84466, 23.098616], [113.828092, 23.153828], [113.78052, 23.172535], [113.727596, 23.181575], [113.577757, 23.126167], [113.488484, 23.11529], [113.323073, 23.152156]]}}, {"type": "Feature", "properties": {"trip_id": 37, "date": "2023-08-26T00:00:00", "train": "D2395", "from": "\u5e7f\u5dde\u4e1c", "to": "\u53a6\u95e8", "duration": 304, "distance": 602, "fromcity": "\u5e7f\u5dde", "tocity": "\u53a6\u95e8", "line": "\u5e7f\u6df1\u6e2f\u9ad8\u901f\u7ebf", "fromprov": "\u5e7f\u4e1c\u7701", "toprov": "\u798f\u5efa\u7701", "id": "D2395", "lines": ["\u4e1c\u6e21\u6e2f\u7ebf", "\u4eac\u6e2f\u9ad8\u901f\u7ebf", "\u53a6\u95e8\u5317\u8054\u7edc\u7ebf", "\u5e7f\u6df1\u6e2f\u9ad8\u901f\u7ebf", "\u5e7f\u6df1\u7ebf", "\u676d\u6df1\u6df1\u5317\u8054\u7edc\u7ebf", "\u676d\u6df1\u7ebf", "\u6885\u6c55\u7ebf", "\u839e\u5858\u5e7f\u8054\u7edc\u7ebf", "\u9e70\u53a6\u7ebf", "\u9f99\u6f33\u7ebf"], "line_source": "osm", "geometry_source": "osm", "distance_ratio": 1.131, "match_confidence": 1.0, "edge_count": 809}, "geometry": {"type": "LineString", "coordinates": [[113.323073, 23.152156], [113.488484, 23.11529], [113.577757, 23.126167], [113.727596, 23.181575], [113.78052, 23.172535], [113.828092, 23.153828], [113.84466, 23.098616], [113.964793, 23.027611], [114.01028, 22.978022], [114.05203, 22.911814], [114.074781, 22.893031], [114.077257, 22.85478], [113.980689, 22.812679], [113.960634, 22.791013], [113.9513, 22.761843], [113.949152, 22.710946], [113.957902, 22.68516], [113.990606, 22.643734], [114.049445, 22.590035], [114.096996, 22.633271], [114.145958, 22.637456], [114.190989, 22.665684], [114.234324, 22.673518], [114.275411, 22.700647], [114.342184, 22.715301], [114.398656, 22.749666], [114.454264, 22.764271], [114.509234, 22.800848], [114.591786, 22.837081], [114.673761, 22.853499], [114.811423, 22.846779], [115.049095, 22.806211], [115.102902, 22.809721], [115.165674, 22.833232], [115.243967, 22.843082], [115.327186, 22.809758], [115.454405, 22.815008], [115.553252, 22.857753], [115.850543, 23.009111], [115.969692, 23.050269], [116.030429, 23.099021], [116.091352, 23.128284], [116.10825, 23.143701], [116.162273, 23.233606], [116.219003, 23.292254], [116.268755, 23.322075], [116.3445, 23.345559], [116.502674, 23.417517], [116.525009, 23.455298], [116.542664, 23.516675], [116.560355, 23.533547], [116.714996, 23.584551], [116.793371, 23.619825], [116.885632, 23.693924], [116.974254, 23.737694], [117.067627, 23.762418], [117.118044, 23.786803], [117.20958, 23.809659], [117.266507, 23.811809], [117.296334, 23.825292], [117.389348, 23.936929], [117.434597, 23.973488], [117.49964, 24.049799], [117.544796, 24.083183], [117.571343, 24.116457], [117.587813, 24.222621], [117.647182, 24.339205], [117.650785, 24.407121], [117.686044, 24.447184], [117.772412, 24.480635], [117.832806, 24.516836], [117.915125, 24.539878], [117.964666, 24.568652], [117.914411, 24.538912], [117.888054, 24.53211], [117.914411, 24.538912], [118.002764, 24.587654], [118.105633, 24.548716], [118.13215, 24.509592], [118.130828, 24.491263], [118.108969, 24.468806]]}}, {"type": "Feature", "properties": {"trip_id": 38, "date": "2023-08-29T00:00:00", "train": "K1210", "from": "\u53a6\u95e8\u5317", "to": "\u4e0a\u6d77\u5357", "duration": 1232, "distance": 1348, "fromcity": "\u53a6\u95e8", "tocity": "\u4e0a\u6d77", "line": "", "fromprov": "\u798f\u5efa\u7701", "toprov": "\u4e0a\u6d77\u5e02", "id": "K1210", "lines": ["\u4e0a\u6d77\u5357\u8054\u7edc\u7ebf", "\u4e0a\u9976\u8054\u7edc\u7ebf", "\u5357\u9f99\u7ebf", "\u53a6\u79be\u8054\u7edc\u7ebf", "\u53a6\u95e8\u5317\u8054\u7edc\u7ebf", "\u5916\u5357\u7ebf", "\u5b81\u676d\u826e\u5c71\u95e8\u8054\u7edc\u7ebf", "\u5cf0\u798f\u7ebf", "\u676d\u5dde\u4e1c\u7ad915\u9053", "\u676d\u5dde\u52a8\u8f66B\u7ebf", "\u676d\u5dde\u52a8\u8f66C\u7ebf", "\u676d\u5dde\u5357\u7ad911\u9053", "\u676d\u660c\u9ad8\u901f\u7ebf", "\u676d\u6df1\u7ebf", "\u6a2a\u5357\u8054\u7edc\u7ebf", "\u6caa\u6606\u9ad8\u901f\u7ebf", "\u6caa\u6625\u7ebf", "\u6caa\u676d\u7ebf", "\u6f33\u9f99\u7ebf", "\u7b15\u676d\u7ebf", "\u8862\u5168\u8054\u7edc\u7ebf", "\u91d1\u5c71\u7ebf", "\u9e70\u53a6\u7ebf", "\u9f99\u6f33\u7ebf"], "line_source": "osm", "geometry_source": "osm", "distance_ratio": 0.897, "match_confidence": 1.0, "edge_count": 1589}, "geometry": {"type": "LineString", "coordinates": [[118.063832, 24.636296], [118.027553, 24.615924], [118.002764, 24.587654], [117.915056, 24.539249], [117.888054, 24.53211], [117.914411, 24.538912], [117.964666, 24.568652], [117.911677, 24.538408], [117.829618, 24.515444], [117.769351, 24.47925], [117.675818, 24.445204], [117.62566, 24.45868], [117.558514, 24.489607], [117.524991, 24.518764], [117.463098, 24.548709], [117.420394, 24.626559], [117.367402, 24.67855], [117.324563, 24.751513], [117.289661, 24.831187], [117.259179, 24.853077], [117.234867, 24.887992], [117.202615, 24.914376], [117.074768, 24.978149], [117.049357, 25.03548], [117.050359, 25.098252], [117.027468, 25.112169], [117.012244, 25.099069], [117.000495, 25.099539], [117.012414, 25.099058], [117.048524, 25.120575], [117.064568, 25.162149], [117.085903, 25.170738], [117.092038, 25.181334], [117.090665, 25.195025], [117.099273, 25.202769], [117.095733, 25.223606], [117.112819, 25.238919], [117.136831, 25.252981], [117.157817, 25.251832], [117.215624, 25.274669], [117.266581, 25.301784], [117.345688, 25.319732], [117.379768, 25.347075], [117.384189, 25.381331], [117.36443, 25.508551], [117.374239, 25.576463], [117.366414, 25.64307], [117.395868, 25.725761], [117.404988, 25.78956], [117.393189, 25.840332], [117.395469, 25.890335], [117.383849, 25.931511], [117.39228, 25.965337], [117.447233, 26.022055], [117.487569, 26.123526], [117.521687, 26.158463], [117.539686, 26.191838], [117.59455, 26.242467], [117.617475, 26.285624], [117.653749, 26.329712], [117.728255, 26.354298], [117.774724, 26.382229], [117.825432, 26.374204], [117.866236, 26.381024], [118.086932, 26.564539], [118.115231, 26.572269], [118.177667, 26.631601], [118.202031, 26.636788], [118.198745, 26.668903], [118.226262, 26.693188], [118.249645, 26.728763], [118.275222, 26.811561], [118.3024, 26.86745], [118.302026, 26.925793], [118.319621, 26.949904], [118.310872, 26.964877], [118.31275, 26.993382], [118.301129, 27.009842], [118.281435, 27.017069], [118.296739, 27.034833], [118.281953, 27.044832], [118.271685, 27.066012], [118.269925, 27.099027], [118.233142, 27.132355], [118.218238, 27.176017], [118.218807, 27.210945], [118.182433, 27.230914], [118.17148, 27.25651], [118.153662, 27.264663], [118.131754, 27.290829], [118.143592, 27.310998], [118.125358, 27.346418], [118.098567, 27.368223], [118.110068, 27.406033], [118.0832, 27.419748], [118.080983, 27.436265], [118.071845, 27.443718], [118.074317, 27.465477], [118.060289, 27.479818], [118.062432, 27.503673], [118.042627, 27.52552], [118.010997, 27.526695], [117.986322, 27.549935], [117.98724, 27.640597], [118.009965, 27.664793], [118.022153, 27.7002], [118.018704, 27.718114], [118.038982, 27.761362], [118.031769, 27.772014], [118.002877, 27.773238], [117.968867, 27.808594], [117.922203, 27.827665], [117.904479, 27.852509], [117.908491, 27.870312], [117.873055, 27.904726], [117.844334, 27.921014], [117.802062, 27.96828], [117.792374, 28.043098], [117.762006, 28.062949], [117.772508, 28.081338], [117.771747, 28.105042], [117.791883, 28.128852], [117.789198, 28.14561], [117.7736, 28.169835], [117.752007, 28.177515], [117.734453, 28.195063], [117.747119, 28.255913], [117.739503, 28.274877], [117.769875, 28.285567], [117.82742, 28.282961], [117.859472, 28.291763], [117.890006, 28.33425], [117.87682, 28.368085], [117.883682, 28.39686], [117.933566, 28.441977], [117.916464, 28.461098], [117.921632, 28.474428], [117.946129, 28.489144], [118.053146, 28.503463], [118.101004, 28.589203], [118.15073, 28.602963], [118.207285, 28.64932], [118.250972, 28.669887], [118.315759, 28.647247], [118.34993, 28.649829], [118.384402, 28.639093], [118.416725, 28.644734], [118.464852, 28.635793], [118.494189, 28.643387], [118.544177, 28.689145], [118.593221, 28.710074], [118.625001, 28.766955], [118.677543, 28.797778], [118.764397, 28.884407], [118.902371, 28.936759], [118.948131, 28.970258], [118.980272, 28.978439], [119.014915, 28.975555], [119.069609, 28.998263], [119.22155, 29.011567], [119.388969, 29.092601], [119.552599, 29.098561], [119.691869, 29.123687], [119.897757, 29.198976], [119.935396, 29.251001], [119.960766, 29.304543], [120.047185, 29.391896], [120.075811, 29.453453], [120.084815, 29.491926], [120.135931, 29.562651], [120.136997, 29.591178], [120.163609, 29.644581], [120.189942, 29.7664], [120.258298, 29.859633], [120.271056, 29.950168], [120.297296, 30.004493], [120.309734, 30.123447], [120.2937, 30.155082], [120.286457, 30.195474], [120.253669, 30.259697], [120.215881, 30.283381], [120.194616, 30.316618], [120.183882, 30.314355], [120.182087, 30.300189], [120.185786, 30.315415], [120.206367, 30.320152], [120.283051, 30.406702], [120.317854, 30.434126], [120.552918, 30.483548], [120.689082, 30.541595], [120.747578, 30.69725], [120.742847, 30.732964], [120.755453, 30.762955], [120.900446, 30.848233], [121.017231, 30.886718], [121.081779, 30.962139], [121.108314, 30.980674], [121.205235, 30.983419], [121.243547, 30.995157], [121.295845, 31.046104], [121.355936, 31.084907], [121.421156, 31.151934]]}}, {"type": "Feature", "properties": {"trip_id": 39, "date": "2023-09-30T00:00:00", "train": "G7519", "from": "\u4e0a\u6d77\u8679\u6865", "to": "\u5b81\u6ce2", "duration": 128, "distance": 314, "fromcity": "\u4e0a\u6d77", "tocity": "\u5b81\u6ce2", "line": "", "fromprov": "\u4e0a\u6d77\u5e02", "toprov": "\u6d59\u6c5f\u7701", "id": "G7519", "lines": ["\u4e0a\u6d77\u8679\u6865\u7ad920\u9053", "\u676d\u5dde\u4e1c\u7ad915\u9053", "\u676d\u5dde\u5357\u7ad911\u9053", "\u676d\u6df1\u7ebf", "\u6caa\u6606\u9ad8\u901f\u7ebf", "\u6caa\u676d\u7ebf", "\u91d1\u5c71\u7ebf", "\u955c\u6e56\u8054\u7edc\u7ebf"], "line_source": "osm", "geometry_source": "osm", "distance_ratio": 1.01, "match_confidence": 1.0, "edge_count": 271}, "geometry": {"type": "LineString", "coordinates": [[121.315826, 31.193718], [121.319695, 31.16815], [121.356799, 31.112885], [121.361632, 31.092277], [121.295845, 31.046104], [121.24541, 30.996433], [121.199615, 30.984447], [121.22252, 30.98274], [121.16177, 30.932348], [121.001063, 30.854023], [120.828949, 30.708914], [120.669248, 30.623151], [120.602177, 30.553863], [120.526094, 30.527566], [120.419833, 30.46919], [120.336607, 30.402375], [120.266433, 30.371176], [120.204623, 30.332782], [120.196187, 30.310119], [120.216754, 30.28256], [120.255235, 30.257632], [120.286457, 30.195474], [120.294483, 30.153441], [120.306836, 30.142606], [120.36034, 30.128404], [120.474326, 30.119834], [120.615024, 30.089685], [120.703298, 30.061868], [120.770893, 30.056438], [120.827, 30.061172], [120.923382, 30.046596], [121.114314, 30.102523], [121.179262, 30.097757], [121.306844, 30.025837], [121.399947, 29.985946], [121.474884, 29.97042], [121.527415, 29.943015], [121.531269, 29.917082], [121.521984, 29.875265], [121.528808, 29.86676]]}}, {"type": "Feature", "properties": {"trip_id": 40, "date": "2024-01-02T00:00:00", "train": "G8286", "from": "\u4e0a\u6d77\u897f", "to": "\u82cf\u5dde", "duration": 30, "distance": 79, "fromcity": "\u4e0a\u6d77", "tocity": "\u82cf\u5dde", "line": "", "fromprov": "\u4e0a\u6d77\u5e02", "toprov": "\u6c5f\u82cf\u7701", "id": "G8286", "lines": ["\u4eac\u6caa\u7ebf", "\u6caa\u5b81\u57ce\u9645\u7ebf", "\u6caa\u82cf\u901a\u7ebf"], "line_source": "osm", "geometry_source": "osm", "distance_ratio": 0.985, "match_confidence": 1.0, "edge_count": 131}, "geometry": {"type": "LineString", "coordinates": [[121.39353, 31.265701], [121.163727, 31.309341], [121.057395, 31.342886], [120.996236, 31.33576], [120.873244, 31.382325], [120.839998, 31.380104], [120.690935, 31.339258], [120.610157, 31.332673]]}}, {"type": "Feature", "properties": {"trip_id": 41, "date": "2024-01-02T00:00:00", "train": "D2905", "from": "\u82cf\u5dde", "to": "\u4e0a\u6d77", "duration": 29, "distance": 84, "fromcity": "\u82cf\u5dde", "tocity": "\u4e0a\u6d77", "line": "", "fromprov": "\u6c5f\u82cf\u7701", "toprov": "\u4e0a\u6d77\u5e02", "id": "D2905", "lines": ["\u4eac\u6caa\u7ebf", "\u6caa\u5b81\u57ce\u9645\u7ebf", "\u6caa\u82cf\u901a\u7ebf"], "line_source": "osm", "geometry_source": "osm", "distance_ratio": 0.991, "match_confidence": 1.0, "edge_count": 143}, "geometry": {"type": "LineString", "coordinates": [[120.610157, 31.332673], [120.690935, 31.339258], [120.839998, 31.380104], [120.874426, 31.382214], [120.996236, 31.33576], [121.057395, 31.342886], [121.163727, 31.309341], [121.448159, 31.252073]]}}, {"type": "Feature", "properties": {"trip_id": 42, "date": "2024-01-18T00:00:00", "train": "G1426/7", "from": "\u4e0a\u6d77\u8679\u6865", "to": "\u5357\u4eac\u5357", "duration": 102, "distance": 295, "fromcity": "\u4e0a\u6d77", "tocity": "\u5357\u4eac", "line": "", "fromprov": "\u4e0a\u6d77\u5e02", "toprov": "\u6c5f\u82cf\u7701", "id": "G1426/7", "lines": ["\u4eac\u6caa\u7ebf", "\u4eac\u6caa\u9ad8\u94c1", "\u5b81\u676d\u9ad8\u901f\u7ebf", "\u6caa\u5b81\u57ce\u9645\u7ebf", "\u6caa\u5b81\u57ce\u9645\u8679\u6865\u8054\u7edc\u7ebf", "\u6caa\u6606\u9ad8\u901f\u7ebf", "\u6caa\u82cf\u901a\u7ebf", "\u6caa\u84c9\u7ebf", "\u8679\u5c01\u7ebf", "\u8679\u6865\u52a8\u8f66\u7ebf", "\u8679\u7efc\u52a8\u8f66A\u7ebf", "\u8679\u9ad8\u52a8\u8f66C\u7ebf", "\u9ec4\u5c01\u8054\u7edc\u7ebf"], "line_source": "osm", "geometry_source": "mixed", "distance_ratio": 0.965, "match_confidence": 0.9, "edge_count": 314}, "geometry": {"type": "LineString", "coordinates": [[121.315261, 31.196045], [121.313814, 31.220902], [121.26657, 31.289334], [121.163727, 31.309341], [121.057395, 31.342886], [120.996236, 31.33576], [120.881546, 31.380968], [120.6385784, 31.42279504], [120.54992, 31.474964], [120.488591, 31.570909], [120.368512, 31.68224], [120.234443, 31.727722], [120.148117, 31.797429], [120.054262, 31.818117], [119.892068, 31.878623], [119.69101, 31.997337], [119.545788, 32.115015], [119.514141, 32.13048], [119.359329, 32.172219], [119.219923, 32.15961], [119.149911, 32.124184], [118.98671, 32.080188], [118.945339, 32.058827], [118.89586, 32.016188], [118.793222, 31.970675]]}}, {"type": "Feature", "properties": {"trip_id": 43, "date": "2024-01-19T00:00:00", "train": "1461", "from": "\u5357\u4eac", "to": "\u4e0a\u6d77", "duration": 221, "distance": 301, "fromcity": "\u5357\u4eac", "tocity": "\u4e0a\u6d77", "line": "", "fromprov": "\u6c5f\u82cf\u7701", "toprov": "\u4e0a\u6d77\u5e02", "id": "1461", "lines": ["\u4eac\u6caa\u7ebf", "\u4eac\u6caa\u7ebf (\u6caa\u5b81\u7ebf)", "\u6caa\u5b81\u57ce\u9645\u7ebf", "\u6caa\u82cf\u901a\u7ebf"], "line_source": "osm", "geometry_source": "osm", "distance_ratio": 0.994, "match_confidence": 1.0, "edge_count": 483}, "geometry": {"type": "LineString", "coordinates": [[118.790724, 32.090153], [118.806881, 32.084821], [118.841537, 32.10288], [118.88091, 32.110382], [118.929564, 32.136426], [119.011681, 32.15112], [119.075979, 32.151541], [119.1316, 32.163908], [119.291956, 32.16286], [119.439663, 32.200361], [119.468152, 32.181005], [119.503569, 32.131323], [119.574264, 32.062096], [119.596676, 31.984047], [119.724993, 31.918299], [119.843517, 31.845336], [119.955688, 31.800265], [119.978054, 31.776899], [120.156889, 31.669518], [120.250969, 31.630625], [120.313094, 31.581222], [120.344749, 31.538653], [120.568133, 31.329951], [120.690935, 31.339258], [120.839998, 31.380104], [120.873346, 31.382211], [120.892173, 31.369807], [120.945005, 31.371609], [120.978461, 31.355907], [121.052935, 31.344213], [121.163714, 31.309181], [121.448159, 31.252073]]}}, {"type": "Feature", "properties": {"trip_id": 44, "date": "2024-01-20T00:00:00", "train": "Z99", "from": "\u4e0a\u6d77", "to": "\u5e7f\u5dde\u4e1c", "duration": 981, "distance": 1777, "fromcity": "\u4e0a\u6d77", "tocity": "\u5e7f\u5dde", "line": "", "fromprov": "\u4e0a\u6d77\u5e02", "toprov": "\u5e7f\u4e1c\u7701", "id": "Z99", "lines": ["1\u9053", "3\u9053", "\u4e0a\u6d77\u8679\u6865\u7ad920\u9053", "\u4e0b\u884c\u5ba2\u8f66\u8054\u7edc\u7ebf", "\u4e30\u6d1b\u7ebf", "\u4eac\u4e5d\u7ebf", "\u4eac\u5e7f\u7ebf", "\u4eac\u6caa\u7ebf", "\u5411\u4e1cD2\u7ebf", "\u5411\u4e1cD\u7ebf", "\u5411\u4e1cE2\u7ebf", "\u5411\u4e1cE\u7ebf", "\u5411\u4e1cL4\u7ebf", "\u5411\u897fA2\u7ebf", "\u5411\u897fA3\u7ebf", "\u5411\u897fB3\u7ebf", "\u5b81\u676d\u826e\u5c71\u95e8\u8054\u7edc\u7ebf", "\u5e7f\u6df1\u7ebf", "\u5e7f\u6e05\u57ce\u9645\u7ebf", "\u5f0b\u6a1f\u7ebf", "\u673a14\u7ebf", "\u676d\u5dde\u4e1c\u7ad915\u9053", "\u676d\u5dde\u52a8\u8f66B\u7ebf", "\u676d\u5dde\u52a8\u8f66C\u7ebf", "\u676d\u5dde\u5357\u7ad911\u9053", "\u676d\u660c\u9ad8\u901f\u7ebf", "\u676d\u6df1\u7ebf", "\u6c5f\u8354\u8054\u7edc\u7ebf", "\u6caa\u5b81\u57ce\u9645\u8679\u6865\u8054\u7edc\u7ebf", "\u6caa\u6606\u5230\u8fbe\u7ebf", "\u6caa\u6606\u7ebf", "\u6caa\u676d\u7ebf", "\u72ee\u5cad\u8054\u7edc\u7ebf", "\u7b15\u676d\u7ebf", "\u82b1\u5e7f\u8054\u7edc\u7ebf", "\u8679\u5c01\u7ebf", "\u8679\u6865\u52a8\u8f66\u7ebf", "\u8679\u7efc\u52a8\u8f66A\u7ebf", "\u8679\u9ad8\u52a8\u8f66C\u7ebf", "\u8861\u5317\u4e0a\u884c\u51fa\u53d1\u7ebf", "\u8861\u5317\u6e58\u6842\u4e0b\u8054\u7ebf", "\u8862\u5168\u8054\u7edc\u7ebf", "\u91d1\u5c71\u7ebf", "\u9ec4\u5c01\u8054\u7edc\u7ebf"], "line_source": "osm", "geometry_source": "osm", "distance_ratio": 0.993, "match_confidence": 1.0, "edge_count": 2216}, "geometry": {"type": "LineString", "coordinates": [[121.448159, 31.252073], [121.31402, 31.280834], [121.283702, 31.280714], [121.28669, 31.25284], [121.314281, 31.219719], [121.319513, 31.168564], [121.361626, 31.101628], [121.35236, 31.081211], [121.296304, 31.046466], [121.241304, 30.994049], [121.205235, 30.983419], [121.107699, 30.980355], [121.081779, 30.962139], [121.017231, 30.886718], [120.900446, 30.848233], [120.755453, 30.762955], [120.742847, 30.732964], [120.747578, 30.69725], [120.689082, 30.541595], [120.552918, 30.483548], [120.317854, 30.434126], [120.283051, 30.406702], [120.206367, 30.320152], [120.185786, 30.315415], [120.182087, 30.300189], [120.183882, 30.314355], [120.194616, 30.316618], [120.215881, 30.283381], [120.255235, 30.257632], [120.286457, 30.195474], [120.2937, 30.155082], [120.309632, 30.125208], [120.298407, 30.009837], [120.270716, 29.948898], [120.261769, 29.868839], [120.19374, 29.775571], [120.163609, 29.644581], [120.136997, 29.591178], [120.136495, 29.564], [120.084815, 29.491926], [120.048335, 29.393816], [119.963122, 29.307497], [119.91054, 29.21261], [119.87705, 29.187262], [119.687281, 29.122696], [119.552599, 29.098561], [119.383664, 29.091334], [119.217453, 29.010495], [119.069609, 28.998263], [119.014915, 28.975555], [118.980272, 28.978439], [118.950338, 28.971089], [118.902371, 28.936759], [118.764397, 28.884407], [118.677543, 28.797778], [118.625001, 28.766955], [118.593221, 28.710074], [118.544177, 28.689145], [118.492817, 28.642831], [118.464155, 28.635767], [118.416725, 28.644734], [118.384402, 28.639093], [118.34993, 28.649829], [118.315759, 28.647247], [118.250972, 28.669887], [118.207285, 28.64932], [118.15073, 28.602963], [118.097484, 28.586633], [118.048267, 28.500876], [117.946119, 28.489179], [117.915398, 28.47088], [117.880715, 28.461954], [117.830571, 28.46302], [117.72672, 28.421109], [117.689661, 28.415614], [117.653795, 28.424243], [117.617366, 28.414395], [117.565691, 28.424316], [117.50075, 28.400713], [117.458066, 28.416638], [117.372341, 28.415453], [117.32949, 28.406889], [117.313715, 28.396863], [117.262898, 28.328737], [117.227112, 28.299535], [117.160171, 28.28589], [117.113027, 28.255756], [117.092735, 28.255442], [117.037685, 28.235208], [117.006307, 28.239473], [116.927747, 28.217261], [116.878855, 28.213197], [116.828388, 28.222489], [116.789147, 28.214859], [116.690841, 28.244542], [116.603319, 28.228553], [116.538978, 28.262446], [116.506752, 28.265839], [116.486855, 28.281773], [116.45318, 28.28568], [116.341512, 28.331371], [116.255974, 28.350111], [116.222032, 28.366381], [116.150586, 28.357837], [116.083893, 28.360179], [116.04401, 28.39136], [115.983197, 28.406341], [115.958535, 28.442629], [115.964304, 28.421306], [115.940045, 28.393814], [115.930869, 28.361958], [115.895406, 28.318561], [115.868981, 28.251283], [115.772239, 28.174002], [115.675622, 28.158864], [115.553623, 28.068296], [115.531889, 28.085828], [115.466725, 28.076485], [115.406983, 28.035481], [115.381719, 27.981534], [115.354661, 27.953555], [115.276392, 27.913606], [115.13052, 27.874333], [115.076314, 27.841086], [115.018766, 27.82351], [114.945278, 27.812937], [114.883512, 27.814951], [114.801607, 27.76972], [114.722677, 27.788766], [114.684652, 27.805896], [114.647788, 27.809201], [114.566447, 27.781078], [114.494097, 27.794152], [114.470866, 27.786246], [114.444141, 27.792252], [114.365188, 27.783948], [114.317403, 27.787516], [114.253725, 27.758643], [114.188518, 27.749998], [114.136493, 27.724823], [114.120047, 27.689404], [114.062385, 27.656868], [113.993131, 27.652574], [113.965741, 27.663746], [113.92221, 27.66318], [113.885914, 27.637992], [113.846623, 27.653419], [113.811624, 27.643421], [113.766126, 27.645112], [113.62979, 27.616091], [113.544697, 27.639325], [113.4915, 27.690665], [113.440969, 27.709287], [113.409284, 27.733731], [113.353097, 27.740639], [113.319855, 27.779417], [113.293202, 27.793742], [113.231942, 27.81577], [113.199547, 27.811615], [113.183168, 27.826753], [113.156098, 27.830094], [113.150584, 27.839999], [113.164797, 27.785662], [113.137953, 27.72864], [113.111254, 27.641974], [113.113253, 27.606474], [113.126379, 27.570433], [113.155767, 27.550252], [113.162587, 27.536041], [113.13387, 27.467586], [113.052987, 27.388604], [113.004334, 27.366426], [112.972208, 27.316621], [112.883211, 27.223796], [112.872569, 27.148724], [112.849575, 27.125525], [112.824284, 27.057925], [112.747131, 26.959126], [112.651978, 26.916633], [112.628511, 26.914324], [112.622852, 26.90026], [112.66563, 26.860061], [112.669382, 26.788287], [112.68724, 26.762976], [112.716924, 26.747366], [112.724415, 26.691219], [112.755533, 26.651557], [112.761438, 26.626755], [112.753208, 26.586944], [112.772754, 26.568036], [112.776685, 26.547337], [112.773116, 26.491726], [112.784404, 26.479567], [112.788164, 26.454963], [112.819175, 26.41674], [112.812416, 26.395096], [112.826893, 26.375588], [112.831301, 26.353583], [112.826258, 26.281054], [112.838618, 26.239691], [112.858289, 26.223492], [112.869041, 26.191518], [112.879491, 26.154931], [112.877613, 26.116254], [112.888176, 26.098147], [112.912442, 26.086059], [112.95523, 26.039488], [112.973681, 26.036794], [113.023714, 25.988981], [113.049113, 25.988843], [113.061236, 25.97786], [113.057103, 25.945549], [113.070275, 25.931598], [113.075926, 25.900724], [113.067432, 25.881376], [113.03466, 25.861681], [113.02077, 25.84073], [113.029452, 25.806023], [113.048115, 25.781991], [113.037635, 25.733663], [113.042176, 25.719116], [113.02769, 25.689113], [113.00712, 25.68297], [112.997247, 25.670482], [112.987337, 25.607307], [113.026412, 25.507734], [113.015936, 25.454225], [113.022443, 25.425088], [113.033904, 25.414086], [113.026121, 25.390888], [113.043346, 25.292441], [113.057227, 25.2823], [113.09568, 25.282518], [113.117078, 25.266766], [113.153001, 25.255213], [113.269947, 25.178737], [113.291168, 25.140977], [113.324554, 25.128054], [113.345986, 25.136277], [113.368873, 25.118713], [113.405538, 25.05964], [113.41314, 25.025172], [113.433589, 25.013005], [113.439742, 24.990827], [113.460288, 24.979991], [113.468887, 24.962145], [113.5044, 24.950224], [113.562192, 24.833391], [113.59828, 24.820456], [113.603726, 24.804128], [113.589533, 24.775657], [113.623477, 24.718621], [113.615243, 24.693286], [113.589635, 24.664344], [113.59831, 24.643649], [113.586695, 24.605396], [113.594315, 24.522322], [113.584261, 24.515552], [113.5775, 24.492625], [113.52377, 24.439202], [113.518767, 24.426404], [113.527642, 24.404085], [113.516709, 24.379814], [113.480161, 24.346701], [113.447932, 24.294621], [113.449263, 24.2746], [113.474795, 24.249586], [113.472485, 24.225989], [113.44031, 24.181079], [113.42915, 24.131402], [113.403662, 24.111965], [113.400568, 24.095137], [113.356525, 24.061704], [113.306565, 24.040992], [113.282016, 23.988667], [113.284004, 23.963356], [113.270564, 23.920258], [113.275462, 23.878573], [113.265556, 23.845581], [113.272532, 23.827611], [113.269157, 23.792526], [113.234979, 23.777855], [113.225065, 23.751791], [113.228974, 23.708564], [113.189364, 23.658075], [113.172349, 23.606678], [113.123588, 23.56615], [113.097712, 23.525331], [113.095719, 23.490238], [113.122269, 23.479825], [113.191026, 23.400594], [113.206726, 23.315408], [113.225239, 23.267409], [113.226648, 23.236301], [113.241228, 23.214924], [113.245012, 23.156542], [113.269722, 23.142704], [113.299919, 23.155702], [113.318965, 23.153978]]}}, {"type": "Feature", "properties": {"trip_id": 45, "date": "2024-02-16T00:00:00", "train": "G7578", "from": "\u516d\u5b89", "to": "\u4e0a\u6d77\u8679\u6865", "duration": 205, "distance": 539, "fromcity": "\u516d\u5b89", "tocity": "\u4e0a\u6d77", "line": "", "fromprov": "\u5b89\u5fbd\u7701", "toprov": "\u4e0a\u6d77\u5e02", "id": "G7578", "lines": ["\u4eac\u6caa\u7ebf", "\u4eac\u6caa\u7ebf (\u6caa\u5b81\u7ebf)", "\u4ed9\u5b81\u7ebf", "\u6caa\u5b81\u57ce\u9645\u7ebf", "\u6caa\u5b81\u57ce\u9645\u8679\u6865\u8054\u7edc\u7ebf", "\u6caa\u6606\u7ebf", "\u6caa\u82cf\u901a\u7ebf", "\u6caa\u84c9\u7ebf", "\u8679\u5c01\u7ebf", "\u8679\u6865\u52a8\u8f66\u7ebf", "\u8679\u7efc\u52a8\u8f66A\u7ebf", "\u8679\u9ad8\u52a8\u8f66C\u7ebf", "\u9ec4\u5c01\u8054\u7edc\u7ebf"], "line_source": "osm", "geometry_source": "mixed", "distance_ratio": 0.995, "match_confidence": 0.941, "edge_count": 716}, "geometry": {"type": "LineString", "coordinates": [[116.498202, 31.717876], [116.556992, 31.744973], [116.780777, 31.748092], [117.028068, 31.772347], [117.083776, 31.787785], [117.215246, 31.790985], [117.351527, 31.809728], [117.406633, 31.805072], [117.425601, 31.814945], [117.457823, 31.854338], [117.737623, 31.964265], [117.818253, 31.975211], [117.95348, 32.007357], [118.029308, 32.00938], [118.103534, 32.03173], [118.309118, 32.067862], [118.415505, 32.070369], [118.597178, 31.985331], [118.669969, 31.929876], [118.708867, 31.923109], [118.839912, 31.992608], [118.893869, 32.044746], [118.900596, 32.073736], [118.884317, 32.109136], [118.925785, 32.134999], [119.128237, 32.163713], [119.294697, 32.163177], [119.43773, 32.200708], [119.468152, 32.181005], [119.503569, 32.131323], [119.574264, 32.062096], [119.596676, 31.984047], [119.724993, 31.918299], [119.843517, 31.845336], [119.955688, 31.800265], [119.978054, 31.776899], [120.156918, 31.669559], [120.250969, 31.630625], [120.313094, 31.581222], [120.344749, 31.538653], [120.567353, 31.330342], [120.690935, 31.339258], [120.839998, 31.380104], [120.878505, 31.381635], [120.9461266, 31.35396224], [121.267964, 31.288797], [121.313814, 31.220902], [121.315261, 31.196045]]}}, {"type": "Feature", "properties": {"trip_id": 46, "date": "2024-02-19T00:00:00", "train": "K1127", "from": "\u677e\u6c5f", "to": "\u5609\u5584", "duration": 22, "distance": 40, "fromcity": "\u4e0a\u6d77", "tocity": "\u5609\u5174", "line": "", "fromprov": "\u4e0a\u6d77\u5e02", "toprov": "\u6d59\u6c5f\u7701", "id": "K1127", "lines": ["\u6caa\u6606\u7ebf"], "line_source": "osm", "geometry_source": "osm", "distance_ratio": 0.912, "match_confidence": 1.0, "edge_count": 62}, "geometry": {"type": "LineString", "coordinates": [[121.22775, 30.99001], [121.109527, 30.981224], [121.081779, 30.962139], [121.017231, 30.886718], [120.910527, 30.851636]]}}, {"type": "Feature", "properties": {"trip_id": 47, "date": "2024-02-19T00:00:00", "train": "K336", "from": "\u5609\u5584", "to": "\u4e0a\u6d77\u5357", "duration": 57, "distance": 73, "fromcity": "\u5609\u5174", "tocity": "\u4e0a\u6d77", "line": "", "fromprov": "\u6d59\u6c5f\u7701", "toprov": "\u4e0a\u6d77\u5e02", "id": "K336", "lines": ["\u6caa\u6606\u7ebf"], "line_source": "osm", "geometry_source": "osm", "distance_ratio": 0.5, "match_confidence": 1.0, "edge_count": 62}, "geometry": {"type": "LineString", "coordinates": [[120.910527, 30.851636], [121.017231, 30.886718], [121.081779, 30.962139], [121.109527, 30.981224], [121.22775, 30.99001]]}}, {"type": "Feature", "properties": {"trip_id": 48, "date": "2024-02-23T00:00:00", "train": "G7126", "from": "\u4e0a\u6d77\u8679\u6865", "to": "\u5357\u4eac", "duration": 106, "distance": 301, "fromcity": "\u4e0a\u6d77", "tocity": "\u5357\u4eac", "line": "", "fromprov": "\u4e0a\u6d77\u5e02", "toprov": "\u6c5f\u82cf\u7701", "id": "G7126", "lines": ["\u4eac\u6caa\u7ebf", "\u4eac\u6caa\u7ebf (\u6caa\u5b81\u7ebf)", "\u6caa\u5b81\u57ce\u9645\u7ebf", "\u6caa\u5b81\u57ce\u9645\u8679\u6865\u8054\u7edc\u7ebf", "\u6caa\u6606\u7ebf", "\u6caa\u82cf\u901a\u7ebf", "\u8679\u5c01\u7ebf", "\u8679\u6865\u52a8\u8f66\u7ebf", "\u8679\u7efc\u52a8\u8f66A\u7ebf", "\u8679\u9ad8\u52a8\u8f66C\u7ebf", "\u9ec4\u5c01\u8054\u7edc\u7ebf"], "line_source": "osm", "geometry_source": "osm", "distance_ratio": 0.975, "match_confidence": 1.0, "edge_count": 476}, "geometry": {"type": "LineString", "coordinates": [[121.315261, 31.196045], [121.313814, 31.220902], [121.267964, 31.288797], [121.163727, 31.309341], [121.057395, 31.342886], [120.996236, 31.33576], [120.878505, 31.381635], [120.839998, 31.380104], [120.690935, 31.339258], [120.567353, 31.330342], [120.344749, 31.538653], [120.313094, 31.581222], [120.250969, 31.630625], [120.156918, 31.669559], [119.978054, 31.776899], [119.955688, 31.800265], [119.843517, 31.845336], [119.724993, 31.918299], [119.596676, 31.984047], [119.574264, 32.062096], [119.503569, 32.131323], [119.468978, 32.180156], [119.440449, 32.200103], [119.291956, 32.16286], [119.1316, 32.163908], [119.075979, 32.151541], [119.011681, 32.15112], [118.929564, 32.136426], [118.88091, 32.110382], [118.841537, 32.10288], [118.806881, 32.084821], [118.790724, 32.090153]]}}, {"type": "Feature", "properties": {"trip_id": 49, "date": "2024-02-24T00:00:00", "train": "K1505", "from": "\u5357\u4eac", "to": "\u65e0\u9521", "duration": 119, "distance": 175, "fromcity": "\u5357\u4eac", "tocity": "\u65e0\u9521", "line": "", "fromprov": "\u6c5f\u82cf\u7701", "toprov": "\u6c5f\u82cf\u7701", "id": "K1505", "lines": ["\u4eac\u6caa\u7ebf", "\u6caa\u5b81\u57ce\u9645\u7ebf"], "line_source": "osm", "geometry_source": "osm", "distance_ratio": 0.99, "match_confidence": 1.0, "edge_count": 286}, "geometry": {"type": "LineString", "coordinates": [[118.790724, 32.090153], [118.806881, 32.084821], [118.841537, 32.10288], [118.88091, 32.110382], [118.929564, 32.136426], [119.011681, 32.15112], [119.075979, 32.151541], [119.1316, 32.163908], [119.291956, 32.16286], [119.440179, 32.200197], [119.468978, 32.180156], [119.503569, 32.131323], [119.574264, 32.062096], [119.597392, 31.98352], [119.724993, 31.918299], [119.843517, 31.845336], [119.955688, 31.800265], [119.978054, 31.776899], [120.105143, 31.697798], [120.197882, 31.650454], [120.227458, 31.644609], [120.29757, 31.592006]]}}, {"type": "Feature", "properties": {"trip_id": 50, "date": "2024-02-24T00:00:00", "train": "G7027", "from": "\u65e0\u9521", "to": "\u4e0a\u6d77\u897f", "duration": 39, "distance": 121, "fromcity": "\u65e0\u9521", "tocity": "\u4e0a\u6d77", "line": "", "fromprov": "\u6c5f\u82cf\u7701", "toprov": "\u4e0a\u6d77\u5e02", "id": "G7027", "lines": ["\u4eac\u6caa\u7ebf", "\u4eac\u6caa\u7ebf (\u6caa\u5b81\u7ebf)", "\u6caa\u5b81\u57ce\u9645\u7ebf", "\u6caa\u82cf\u901a\u7ebf"], "line_source": "osm", "geometry_source": "mixed", "distance_ratio": 0.988, "match_confidence": 0.875, "edge_count": 143}, "geometry": {"type": "LineString", "coordinates": [[120.302567, 31.588377], [120.344749, 31.538653], [120.571816, 31.328566], [120.690935, 31.339258], [120.839998, 31.380104], [120.873244, 31.382325], [120.9461266, 31.35396224], [121.39353, 31.265701]]}}, {"type": "Feature", "properties": {"trip_id": 51, "date": "2024-02-26T00:00:00", "train": "K1107", "from": "\u4e0a\u6d77\u5357", "to": "\u5609\u5174", "duration": 61, "distance": 82, "fromcity": "\u4e0a\u6d77", "tocity": "\u5609\u5174", "line": "", "fromprov": "\u4e0a\u6d77\u5e02", "toprov": "\u6d59\u6c5f\u7701", "id": "K1107", "lines": ["\u4e0a\u6d77\u5357\u8054\u7edc\u7ebf", "\u6caa\u6606\u7ebf", "\u6caa\u6625\u7ebf", "\u6caa\u676d\u7ebf", "\u91d1\u5c71\u7ebf"], "line_source": "osm", "geometry_source": "osm", "distance_ratio": 0.965, "match_confidence": 1.0, "edge_count": 160}, "geometry": {"type": "LineString", "coordinates": [[121.421156, 31.151934], [121.355936, 31.084907], [121.295845, 31.046104], [121.243547, 30.995157], [121.205235, 30.983419], [121.108314, 30.980674], [121.081779, 30.962139], [121.017231, 30.886718], [120.900446, 30.848233], [120.765711, 30.771266]]}}, {"type": "Feature", "properties": {"trip_id": 52, "date": "2024-02-26T00:00:00", "train": "K5838", "from": "\u5609\u5174", "to": "\u4e0a\u6d77\u5357", "duration": 73, "distance": 82, "fromcity": "\u5609\u5174", "tocity": "\u4e0a\u6d77", "line": "", "fromprov": "\u6d59\u6c5f\u7701", "toprov": "\u4e0a\u6d77\u5e02", "id": "K5838", "lines": ["\u4e0a\u6d77\u5357\u8054\u7edc\u7ebf", "\u6caa\u6606\u7ebf", "\u6caa\u6625\u7ebf", "\u6caa\u676d\u7ebf", "\u91d1\u5c71\u7ebf"], "line_source": "osm", "geometry_source": "osm", "distance_ratio": 0.965, "match_confidence": 1.0, "edge_count": 160}, "geometry": {"type": "LineString", "coordinates": [[120.765711, 30.771266], [120.900446, 30.848233], [121.017231, 30.886718], [121.081779, 30.962139], [121.108314, 30.980674], [121.205235, 30.983419], [121.243547, 30.995157], [121.295845, 31.046104], [121.355936, 31.084907], [121.421156, 31.151934]]}}, {"type": "Feature", "properties": {"trip_id": 53, "date": "2024-03-02T00:00:00", "train": "S1617", "from": "\u4e0a\u6d77\u5357", "to": "\u91d1\u5c71\u536b", "duration": 68, "distance": 56, "fromcity": "\u4e0a\u6d77", "tocity": "\u4e0a\u6d77", "line": "", "fromprov": "\u4e0a\u6d77\u5e02", "toprov": "\u4e0a\u6d77\u5e02", "id": "S1617", "lines": ["\u4e0a\u6d77\u5357\u8054\u7edc\u7ebf", "\u6caa\u6606\u7ebf", "\u6caa\u6625\u7ebf", "\u91d1\u5c71\u7ebf"], "line_source": "osm", "geometry_source": "osm", "distance_ratio": 0.964, "match_confidence": 1.0, "edge_count": 131}, "geometry": {"type": "LineString", "coordinates": [[121.421156, 31.151934], [121.355936, 31.084907], [121.303252, 31.048867], [121.318974, 31.012299], [121.303995, 30.978924], [121.352574, 30.901563], [121.365816, 30.850542], [121.363546, 30.771809], [121.371795, 30.747243], [121.363095, 30.733238]]}}, {"type": "Feature", "properties": {"trip_id": 54, "date": "2024-03-02T00:00:00", "train": "S1630", "from": "\u91d1\u5c71\u536b", "to": "\u53f6\u69ad", "duration": 24, "distance": 25, "fromcity": "\u4e0a\u6d77", "tocity": "\u4e0a\u6d77", "line": "", "fromprov": "\u4e0a\u6d77\u5e02", "toprov": "\u4e0a\u6d77\u5e02", "id": "S1630", "lines": ["\u91d1\u5c71\u7ebf"], "line_source": "osm", "geometry_source": "osm", "distance_ratio": 0.963, "match_confidence": 1.0, "edge_count": 34}, "geometry": {"type": "LineString", "coordinates": [[121.363095, 30.733238], [121.371795, 30.747243], [121.363546, 30.771809], [121.365816, 30.850542], [121.352574, 30.901563], [121.32706, 30.938207]]}}, {"type": "Feature", "properties": {"trip_id": 55, "date": "2024-03-02T00:00:00", "train": "S1632", "from": "\u53f6\u69ad", "to": "\u6625\u7533", "duration": 24, "distance": 19, "fromcity": "\u4e0a\u6d77", "tocity": "\u4e0a\u6d77", "line": "", "fromprov": "\u4e0a\u6d77\u5e02", "toprov": "\u4e0a\u6d77\u5e02", "id": "S1632", "lines": ["\u6caa\u6606\u7ebf", "\u91d1\u5c71\u7ebf"], "line_source": "osm", "geometry_source": "osm", "distance_ratio": 0.963, "match_confidence": 1.0, "edge_count": 59}, "geometry": {"type": "LineString", "coordinates": [[121.323819, 30.947179], [121.303314, 30.981336], [121.318974, 31.012299], [121.303252, 31.048867], [121.349162, 31.080081]]}}, {"type": "Feature", "properties": {"trip_id": 56, "date": "2024-03-18T00:00:00", "train": "K71", "from": "\u4e0a\u6d77\u5357", "to": "\u6d77\u5b81", "duration": 101, "distance": 110, "fromcity": "\u4e0a\u6d77", "tocity": "\u5609\u5174", "line": "", "fromprov": "\u4e0a\u6d77\u5e02", "toprov": "\u6d59\u6c5f\u7701", "id": "K71", "lines": ["\u4e0a\u6d77\u5357\u8054\u7edc\u7ebf", "\u6caa\u6606\u7ebf", "\u6caa\u6625\u7ebf", "\u6caa\u676d\u7ebf", "\u91d1\u5c71\u7ebf"], "line_source": "osm", "geometry_source": "osm", "distance_ratio": 0.973, "match_confidence": 1.0, "edge_count": 202}, "geometry": {"type": "LineString", "coordinates": [[121.421156, 31.151934], [121.355936, 31.084907], [121.295845, 31.046104], [121.243547, 30.995157], [121.205235, 30.983419], [121.108314, 30.980674], [121.081779, 30.962139], [121.017231, 30.886718], [120.900446, 30.848233], [120.755453, 30.762955], [120.742847, 30.732964], [120.747578, 30.69725], [120.730906, 30.662321], [120.722124, 30.616163], [120.703906, 30.5929], [120.685944, 30.539579]]}}, {"type": "Feature", "properties": {"trip_id": 57, "date": "2024-03-18T00:00:00", "train": "D196", "from": "\u6d77\u5b81", "to": "\u5609\u5174", "duration": 19, "distance": 28, "fromcity": "\u5609\u5174", "tocity": "\u5609\u5174", "line": "", "fromprov": "\u6d59\u6c5f\u7701", "toprov": "\u6d59\u6c5f\u7701", "id": "D196", "lines": ["\u6caa\u6606\u7ebf"], "line_source": "osm", "geometry_source": "osm", "distance_ratio": 0.949, "match_confidence": 1.0, "edge_count": 42}, "geometry": {"type": "LineString", "coordinates": [[120.685944, 30.539579], [120.703906, 30.5929], [120.722124, 30.616163], [120.730906, 30.662321], [120.747578, 30.69725], [120.742847, 30.732964], [120.755453, 30.762955]]}}, {"type": "Feature", "properties": {"trip_id": 58, "date": "2024-03-18T00:00:00", "train": "Y702", "from": "\u5609\u5174", "to": "\u4e0a\u6d77\u897f", "duration": 88, "distance": 105, "fromcity": "\u5609\u5174", "tocity": "\u4e0a\u6d77", "line": "", "fromprov": "\u6d59\u6c5f\u7701", "toprov": "\u4e0a\u6d77\u5e02", "id": "Y702", "lines": ["\u4e0a\u6d77\u8679\u6865\u7ad920\u9053", "\u4eac\u6caa\u7ebf", "\u6caa\u5b81\u57ce\u9645\u8679\u6865\u8054\u7edc\u7ebf", "\u6caa\u6606\u5230\u8fbe\u7ebf", "\u6caa\u6606\u7ebf", "\u6caa\u676d\u7ebf", "\u8679\u5c01\u7ebf", "\u8679\u6865\u52a8\u8f66\u7ebf", "\u8679\u7efc\u52a8\u8f66A\u7ebf", "\u8679\u9ad8\u52a8\u8f66C\u7ebf", "\u91d1\u5c71\u7ebf", "\u9ec4\u5c01\u8054\u7edc\u7ebf"], "line_source": "osm", "geometry_source": "osm", "distance_ratio": 0.994, "match_confidence": 1.0, "edge_count": 245}, "geometry": {"type": "LineString", "coordinates": [[120.765711, 30.771266], [120.900446, 30.848233], [121.017231, 30.886718], [121.081779, 30.962139], [121.108314, 30.980674], [121.205235, 30.983419], [121.24541, 30.996433], [121.295845, 31.046104], [121.35236, 31.081211], [121.362319, 31.095205], [121.319513, 31.168564], [121.314149, 31.220129], [121.286863, 31.252506], [121.282919, 31.279677], [121.294364, 31.283768], [121.39353, 31.265701]]}}, {"type": "Feature", "properties": {"trip_id": 59, "date": "2024-04-05T00:00:00", "train": "K360", "from": "\u4e0a\u6d77", "to": "\u82cf\u5dde", "duration": 58, "distance": 84, "fromcity": "\u4e0a\u6d77", "tocity": "\u82cf\u5dde", "line": "", "fromprov": "\u4e0a\u6d77\u5e02", "toprov": "\u6c5f\u82cf\u7701", "id": "K360", "lines": ["\u4eac\u6caa\u7ebf", "\u6caa\u5b81\u57ce\u9645\u7ebf", "\u6caa\u82cf\u901a\u7ebf"], "line_source": "osm", "geometry_source": "osm", "distance_ratio": 0.989, "match_confidence": 1.0, "edge_count": 153}, "geometry": {"type": "LineString", "coordinates": [[121.448159, 31.252073], [121.163714, 31.309181], [121.052935, 31.344213], [120.978461, 31.355907], [120.945005, 31.371609], [120.892173, 31.369807], [120.873346, 31.382211], [120.839998, 31.380104], [120.690935, 31.339258], [120.610157, 31.332673]]}}, {"type": "Feature", "properties": {"trip_id": 60, "date": "2024-04-12T00:00:00", "train": "K807", "from": "\u82cf\u5dde", "to": "\u4e0a\u6d77\u5357", "duration": 32, "distance": 98, "fromcity": "\u82cf\u5dde", "tocity": "\u4e0a\u6d77", "line": "", "fromprov": "\u6c5f\u82cf\u7701", "toprov": "\u4e0a\u6d77\u5e02", "id": "K807", "lines": ["\u4e03\u5b9d\u6240\u8054\u7edc\u7ebf", "\u4e03\u5b9d\u7ad9\u8054\u7edc\u7ebf", "\u4e0a\u6d77\u5357\u8054\u7edc\u7ebf", "\u4e0a\u6d77\u8679\u6865\u7ad920\u9053", "\u4eac\u6caa\u7ebf", "\u674e\u8398\u8054\u7edc\u7ebf", "\u6caa\u5b81\u57ce\u9645\u7ebf", "\u6caa\u5b81\u57ce\u9645\u8679\u6865\u8054\u7edc\u7ebf", "\u6caa\u6606\u7ebf", "\u6caa\u6625\u7ebf", "\u6caa\u82cf\u6e56\u9ad8\u901f\u7ebf", "\u6caa\u82cf\u901a\u7ebf", "\u8679\u5c01\u7ebf", "\u8679\u6865\u52a8\u8f66\u7ebf", "\u8679\u7efc\u52a8\u8f66A\u7ebf", "\u8679\u9ad8\u52a8\u8f66C\u7ebf", "\u9ec4\u5c01\u8054\u7edc\u7ebf"], "line_source": "osm", "geometry_source": "osm", "distance_ratio": 0.989, "match_confidence": 1.0, "edge_count": 251}, "geometry": {"type": "LineString", "coordinates": [[120.610157, 31.332673], [120.692347, 31.339533], [120.84631, 31.381156], [120.875283, 31.381876], [120.894003, 31.369521], [120.945274, 31.371551], [120.978461, 31.355907], [121.052935, 31.344213], [121.163714, 31.309181], [121.270271, 31.287569], [121.287048, 31.252167], [121.314001, 31.220499], [121.319909, 31.167715], [121.363488, 31.101009], [121.421156, 31.151934]]}}, {"type": "Feature", "properties": {"trip_id": 61, "date": "2024-04-12T00:00:00", "train": "C3792", "from": "\u4e0a\u6d77\u8679\u6865", "to": "\u5357\u901a\u897f", "duration": 81, "distance": 158, "fromcity": "\u4e0a\u6d77", "tocity": "\u5357\u901a", "line": "", "fromprov": "\u4e0a\u6d77\u5e02", "toprov": "\u6c5f\u82cf\u7701", "id": "C3792", "lines": ["\u6caa\u5b81\u57ce\u9645\u8679\u6865\u8054\u7edc\u7ebf", "\u6caa\u5b81\u6cbf\u6c5f\u9ad8\u901f\u7ebf", "\u6caa\u6606\u7ebf", "\u6caa\u82cf\u901a\u7ebf", "\u8679\u5c01\u7ebf", "\u8679\u6865\u52a8\u8f66\u7ebf", "\u8679\u7efc\u52a8\u8f66A\u7ebf", "\u8679\u9ad8\u52a8\u8f66C\u7ebf", "\u9ec4\u5c01\u8054\u7edc\u7ebf"], "line_source": "osm", "geometry_source": "osm", "distance_ratio": 0.964, "match_confidence": 1.0, "edge_count": 144}, "geometry": {"type": "LineString", "coordinates": [[121.315261, 31.196045], [121.313814, 31.220902], [121.287048, 31.252167], [121.270271, 31.287569], [121.163714, 31.309181], [121.107815, 31.329867], [121.104738, 31.35225], [121.141668, 31.398477], [121.15725, 31.441706], [121.197276, 31.462198], [121.209016, 31.487959], [121.105163, 31.616053], [121.075796, 31.628322], [120.967418, 31.624746], [120.919412, 31.6347], [120.828787, 31.688136], [120.752347, 31.707452], [120.68124, 31.771212], [120.669408, 31.854027], [120.721035, 31.932091], [120.711939, 32.03072], [120.726108, 32.06953], [120.758373, 32.099214]]}}, {"type": "Feature", "properties": {"trip_id": 62, "date": "2024-04-12T00:00:00", "train": "K563/6", "from": "\u5357\u901a", "to": "\u6d77\u95e8", "duration": 30, "distance": 38, "fromcity": "\u5357\u901a", "tocity": "\u5357\u901a", "line": "", "fromprov": "\u6c5f\u82cf\u7701", "toprov": "\u6c5f\u82cf\u7701", "id": "K563/6", "lines": ["\u5b81\u542f\u7ebf"], "line_source": "osm", "geometry_source": "osm", "distance_ratio": 1.036, "match_confidence": 1.0, "edge_count": 68}, "geometry": {"type": "LineString", "coordinates": [[120.862108, 32.070428], [120.946546, 32.051318], [120.952799, 31.982838], [120.962192, 31.972515], [121.016771, 31.962853], [121.075283, 31.93359], [121.181733, 31.928238]]}}, {"type": "Feature", "properties": {"trip_id": 63, "date": "2024-04-12T00:00:00", "train": "T141", "from": "\u6d77\u95e8", "to": "\u542f\u4e1c", "duration": 41, "distance": 83, "fromcity": "\u5357\u901a", "tocity": "\u5357\u901a", "line": "", "fromprov": "\u6c5f\u82cf\u7701", "toprov": "\u6c5f\u82cf\u7701", "id": "T141", "lines": ["\u5b81\u542f\u7ebf"], "line_source": "osm", "geometry_source": "osm", "distance_ratio": 0.53, "match_confidence": 1.0, "edge_count": 53}, "geometry": {"type": "LineString", "coordinates": [[121.18222, 31.928235], [121.285362, 31.925121], [121.345079, 31.897006], [121.513638, 31.887715], [121.63363, 31.861064]]}}, {"type": "Feature", "properties": {"trip_id": 64, "date": "2024-04-12T00:00:00", "train": "T142", "from": "\u542f\u4e1c", "to": "\u5982\u768b", "duration": 109, "distance": 128, "fromcity": "\u5357\u901a", "tocity": "\u5357\u901a", "line": "", "fromprov": "\u6c5f\u82cf\u7701", "toprov": "\u6c5f\u82cf\u7701", "id": "T142", "lines": ["\u5b81\u542f\u7ebf"], "line_source": "osm", "geometry_source": "osm", "distance_ratio": 0.994, "match_confidence": 1.0, "edge_count": 191}, "geometry": {"type": "LineString", "coordinates": [[121.63363, 31.861064], [121.513638, 31.887715], [121.345079, 31.897006], [121.285362, 31.925121], [121.077082, 31.93325], [121.016771, 31.962853], [120.960133, 31.973516], [120.952575, 31.984166], [120.947189, 32.050655], [120.840531, 32.072296], [120.796666, 32.11273], [120.748088, 32.17724], [120.715429, 32.258035], [120.668284, 32.331403], [120.604959, 32.379964]]}}, {"type": "Feature", "properties": {"trip_id": 65, "date": "2024-04-12T00:00:00", "train": "C438", "from": "\u5982\u768b", "to": "\u6d77\u5b89", "duration": 11, "distance": 20, "fromcity": "\u5357\u901a", "tocity": "\u5357\u901a", "line": "", "fromprov": "\u6c5f\u82cf\u7701", "toprov": "\u6c5f\u82cf\u7701", "id": "C438", "lines": ["\u5b81\u542f\u7ebf"], "line_source": "osm", "geometry_source": "osm", "distance_ratio": 0.991, "match_confidence": 1.0, "edge_count": 26}, "geometry": {"type": "LineString", "coordinates": [[120.599878, 32.390645], [120.556726, 32.439096], [120.501954, 32.545596]]}}, {"type": "Feature", "properties": {"trip_id": 66, "date": "2024-04-12T00:00:00", "train": "G3290", "from": "\u6d77\u5b89", "to": "\u4e0a\u6d77\u8679\u6865", "duration": 96, "distance": 215, "fromcity": "\u5357\u901a", "tocity": "\u4e0a\u6d77", "line": "", "fromprov": "\u6c5f\u82cf\u7701", "toprov": "\u4e0a\u6d77\u5e02", "id": "G3290", "lines": ["\u5b81\u542f\u7ebf", "\u6caa\u5b81\u57ce\u9645\u8679\u6865\u8054\u7edc\u7ebf", "\u6caa\u5b81\u6cbf\u6c5f\u9ad8\u901f\u7ebf", "\u6caa\u6606\u7ebf", "\u6caa\u82cf\u901a\u7ebf", "\u76d0\u901a\u9ad8\u901f\u7ebf", "\u8679\u5c01\u7ebf", "\u8679\u6865\u52a8\u8f66\u7ebf", "\u8679\u7efc\u52a8\u8f66A\u7ebf", "\u8679\u9ad8\u52a8\u8f66C\u7ebf", "\u9ec4\u5c01\u8054\u7edc\u7ebf"], "line_source": "osm", "geometry_source": "mixed", "distance_ratio": 0.974, "match_confidence": 0.889, "edge_count": 184}, "geometry": {"type": "LineString", "coordinates": [[120.501954, 32.545596], [120.557804, 32.437416], [120.592716, 32.403725], [120.643765, 32.315574], [120.773854, 32.139925], [120.766906, 32.113645], [120.752101, 32.090103], [120.726108, 32.06953], [120.711939, 32.03072], [120.722516, 31.936965], [120.668396, 31.848318], [120.68124, 31.771212], [120.752347, 31.707452], [120.828787, 31.688136], [120.919412, 31.6347], [120.967418, 31.624746], [121.075796, 31.628322], [121.105163, 31.616053], [121.209016, 31.487959], [121.197276, 31.462198], [121.15725, 31.441706], [121.141668, 31.398477], [121.104738, 31.35225], [121.107815, 31.329867], [121.163714, 31.309181], [121.270271, 31.287569], [121.287048, 31.252167], [121.313814, 31.220902], [121.315261, 31.196045]]}}, {"type": "Feature", "properties": {"trip_id": 67, "date": "2024-05-12T00:00:00", "train": "K469", "from": "\u4e0a\u6d77\u5357", "to": "\u677e\u6c5f", "duration": 30, "distance": 33, "fromcity": "\u4e0a\u6d77", "tocity": "\u4e0a\u6d77", "line": "", "fromprov": "\u4e0a\u6d77\u5e02", "toprov": "\u4e0a\u6d77\u5e02", "id": "K469", "lines": ["\u4e0a\u6d77\u5357\u8054\u7edc\u7ebf", "\u6caa\u6606\u7ebf", "\u6caa\u6625\u7ebf", "\u6caa\u676d\u7ebf", "\u91d1\u5c71\u7ebf"], "line_source": "osm", "geometry_source": "osm", "distance_ratio": 0.787, "match_confidence": 1.0, "edge_count": 71}, "geometry": {"type": "LineString", "coordinates": [[121.421156, 31.151934], [121.352934, 31.082301], [121.296304, 31.046466], [121.245906, 30.996841], [121.229393, 30.990402]]}}, {"type": "Feature", "properties": {"trip_id": 68, "date": "2024-05-12T00:00:00", "train": "D3293", "from": "\u677e\u6c5f\u5357", "to": "\u4e0a\u6d77\u8679\u6865", "duration": 16, "distance": 31, "fromcity": "\u4e0a\u6d77", "tocity": "\u4e0a\u6d77", "line": "", "fromprov": "\u4e0a\u6d77\u5e02", "toprov": "\u4e0a\u6d77\u5e02", "id": "D3293", "lines": ["\u4e0a\u6d77\u8679\u6865\u7ad920\u9053", "\u6caa\u6606\u7ebf", "\u6caa\u676d\u7ebf", "\u91d1\u5c71\u7ebf"], "line_source": "osm", "geometry_source": "osm", "distance_ratio": 1.119, "match_confidence": 1.0, "edge_count": 102}, "geometry": {"type": "LineString", "coordinates": [[121.220781, 30.987037], [121.199615, 30.984447], [121.244186, 30.995554], [121.295845, 31.046104], [121.361, 31.090721], [121.356799, 31.112885], [121.319513, 31.168564], [121.315826, 31.193718]]}}, {"type": "Feature", "properties": {"trip_id": 69, "date": "2024-05-26T00:00:00", "train": "G7004", "from": "\u4e0a\u6d77", "to": "\u65e0\u9521", "duration": 42, "distance": 126, "fromcity": "\u4e0a\u6d77", "tocity": "\u65e0\u9521", "line": "", "fromprov": "\u4e0a\u6d77\u5e02", "toprov": "\u6c5f\u82cf\u7701", "id": "G7004", "lines": ["\u4eac\u6caa\u7ebf", "\u4eac\u6caa\u7ebf (\u6caa\u5b81\u7ebf)", "\u6caa\u5b81\u57ce\u9645\u7ebf", "\u6caa\u82cf\u901a\u7ebf"], "line_source": "osm", "geometry_source": "osm", "distance_ratio": 0.996, "match_confidence": 1.0, "edge_count": 197}, "geometry": {"type": "LineString", "coordinates": [[121.448159, 31.252073], [121.163714, 31.309181], [121.052935, 31.344213], [120.978461, 31.355907], [120.945005, 31.371609], [120.892173, 31.369807], [120.873346, 31.382211], [120.839998, 31.380104], [120.690935, 31.339258], [120.571816, 31.328566], [120.344749, 31.538653], [120.302567, 31.588377]]}}, {"type": "Feature", "properties": {"trip_id": 70, "date": "2024-05-27T00:00:00", "train": "G7055", "from": "\u65e0\u9521", "to": "\u4e0a\u6d77", "duration": 60, "distance": 126, "fromcity": "\u65e0\u9521", "tocity": "\u4e0a\u6d77", "line": "", "fromprov": "\u6c5f\u82cf\u7701", "toprov": "\u4e0a\u6d77\u5e02", "id": "G7055", "lines": ["\u4eac\u6caa\u7ebf", "\u4eac\u6caa\u7ebf (\u6caa\u5b81\u7ebf)", "\u6caa\u5b81\u57ce\u9645\u7ebf", "\u6caa\u82cf\u901a\u7ebf"], "line_source": "osm", "geometry_source": "osm", "distance_ratio": 0.996, "match_confidence": 1.0, "edge_count": 197}, "geometry": {"type": "LineString", "coordinates": [[120.302567, 31.588377], [120.344749, 31.538653], [120.571816, 31.328566], [120.690935, 31.339258], [120.839998, 31.380104], [120.873346, 31.382211], [120.892173, 31.369807], [120.945005, 31.371609], [120.978461, 31.355907], [121.052935, 31.344213], [121.163714, 31.309181], [121.448159, 31.252073]]}}, {"type": "Feature", "properties": {"trip_id": 71, "date": "2024-06-25T00:00:00", "train": "K2186", "from": "\u4e0a\u6d77", "to": "\u6606\u5c71", "duration": 34, "distance": 50, "fromcity": "\u4e0a\u6d77", "tocity": "\u82cf\u5dde", "line": "", "fromprov": "\u4e0a\u6d77\u5e02", "toprov": "\u6c5f\u82cf\u7701", "id": "K2186", "lines": ["\u4eac\u6caa\u7ebf", "\u6caa\u82cf\u901a\u7ebf"], "line_source": "osm", "geometry_source": "osm", "distance_ratio": 0.972, "match_confidence": 1.0, "edge_count": 102}, "geometry": {"type": "LineString", "coordinates": [[121.448159, 31.252073], [121.164519, 31.30899], [120.957056, 31.366]]}}, {"type": "Feature", "properties": {"trip_id": 72, "date": "2024-06-25T00:00:00", "train": "K1150", "from": "\u6606\u5c71", "to": "\u5e38\u5dde", "duration": 88, "distance": 116, "fromcity": "\u82cf\u5dde", "tocity": "\u5e38\u5dde", "line": "", "fromprov": "\u6c5f\u82cf\u7701", "toprov": "\u6c5f\u82cf\u7701", "id": "K1150", "lines": ["\u4eac\u6caa\u7ebf", "\u4eac\u6caa\u7ebf (\u6caa\u5b81\u7ebf)", "\u6caa\u5b81\u57ce\u9645\u7ebf"], "line_source": "osm", "geometry_source": "osm", "distance_ratio": 0.988, "match_confidence": 1.0, "edge_count": 163}, "geometry": {"type": "LineString", "coordinates": [[120.948836, 31.370433], [120.894003, 31.369521], [120.875283, 31.381876], [120.84631, 31.381156], [120.690935, 31.339258], [120.568957, 31.329583], [120.27093, 31.616362], [120.225384, 31.645725], [120.197882, 31.650454], [120.107519, 31.696371], [119.970929, 31.783586]]}}, {"type": "Feature", "properties": {"trip_id": 73, "date": "2024-06-25T00:00:00", "train": "T236", "from": "\u5e38\u5dde", "to": "\u9a6c\u978d\u5c71", "duration": 171, "distance": 214, "fromcity": "\u5e38\u5dde", "tocity": "\u9a6c\u978d\u5c71", "line": "", "fromprov": "\u6c5f\u82cf\u7701", "toprov": "\u5b89\u5fbd\u7701", "id": "T236", "lines": ["5\u9053", "\u4eac\u6caa\u4e09\u7ebf", "\u4eac\u6caa\u7ebf", "\u5b81\u829c\u7ebf", "\u5b81\u94dc\u94c1\u8def", "\u6caa\u5b81\u57ce\u9645\u7ebf"], "line_source": "osm", "geometry_source": "osm", "distance_ratio": 0.982, "match_confidence": 1.0, "edge_count": 348}, "geometry": {"type": "LineString", "coordinates": [[119.966017, 31.789768], [119.955021, 31.800588], [119.841108, 31.846579], [119.724993, 31.918299], [119.596676, 31.984047], [119.574264, 32.062096], [119.503569, 32.131323], [119.468152, 32.181005], [119.435685, 32.200727], [119.294697, 32.163177], [119.1316, 32.163908], [119.075979, 32.151541], [119.011681, 32.15112], [118.929564, 32.136426], [118.88091, 32.110382], [118.841537, 32.10288], [118.806881, 32.084821], [118.788782, 32.090344], [118.80597, 32.084258], [118.839688, 32.104723], [118.876485, 32.112295], [118.899857, 32.075556], [118.896208, 32.04864], [118.85261, 32.019482], [118.810391, 32.019286], [118.792925, 32.006687], [118.761619, 32.010284], [118.711012, 31.957367], [118.673771, 31.942932], [118.633016, 31.906302], [118.572704, 31.808072], [118.553643, 31.795358], [118.527565, 31.754574], [118.510753, 31.745048], [118.509798, 31.728852], [118.495569, 31.709322]]}}, {"type": "Feature", "properties": {"trip_id": 74, "date": "2024-06-25T00:00:00", "train": "G7273", "from": "\u9a6c\u978d\u5c71\u4e1c", "to": "\u829c\u6e56", "duration": 17, "distance": 43, "fromcity": "\u9a6c\u978d\u5c71", "tocity": "\u829c\u6e56", "line": "", "fromprov": "\u5b89\u5fbd\u7701", "toprov": "\u5b89\u5fbd\u7701", "id": "G7273", "lines": ["\u5b81\u5b89\u5ba2\u4e13\u7ebf"], "line_source": "osm", "geometry_source": "osm", "distance_ratio": 1.008, "match_confidence": 1.0, "edge_count": 37}, "geometry": {"type": "LineString", "coordinates": [[118.537371, 31.689919], [118.517689, 31.614422], [118.5178, 31.536552], [118.476418, 31.48584], [118.413252, 31.428771], [118.376857, 31.362943], [118.387525, 31.346522]]}}, {"type": "Feature", "properties": {"trip_id": 75, "date": "2024-06-26T00:00:00", "train": "K655", "from": "\u829c\u6e56", "to": "\u676d\u5dde", "duration": 211, "distance": 304, "fromcity": "\u829c\u6e56", "tocity": "\u676d\u5dde", "line": "", "fromprov": "\u5b89\u5fbd\u7701", "toprov": "\u6d59\u6c5f\u7701", "id": "K655", "lines": ["\u5b81\u676d\u826e\u5c71\u95e8\u8054\u7edc\u7ebf", "\u5b81\u829c\u7ebf", "\u5ba3\u676d\u7ebf", "\u5ba3\u676d\u8001\u7ebf", "\u7696\u8d63\u7ebf", "\u7b15\u676d\u7ebf"], "line_source": "osm", "geometry_source": "osm", "distance_ratio": 0.943, "match_confidence": 1.0, "edge_count": 352}, "geometry": {"type": "LineString", "coordinates": [[118.387349, 31.344375], [118.389348, 31.333355], [118.407302, 31.329573], [118.412259, 31.311509], [118.392271, 31.273271], [118.397684, 31.247576], [118.392285, 31.221832], [118.411236, 31.194955], [118.457789, 31.180565], [118.528314, 31.143819], [118.581771, 31.143632], [118.610317, 31.130006], [118.655546, 31.074574], [118.688829, 31.011311], [118.734137, 31.003849], [118.749615, 30.967034], [118.781793, 30.940597], [118.830046, 30.94967], [119.166768, 30.951783], [119.255791, 30.934126], [119.288494, 30.919013], [119.36097, 30.928281], [119.391238, 30.91285], [119.508358, 30.912163], [119.557434, 30.942604], [119.653019, 30.914993], [119.795094, 30.961411], [119.856468, 30.996005], [119.926211, 30.986961], [119.968867, 30.915797], [120.007853, 30.894192], [120.017289, 30.876015], [120.016029, 30.801448], [120.001004, 30.760702], [119.961066, 30.713507], [119.954792, 30.694726], [119.960495, 30.677795], [119.953501, 30.650579], [119.96798, 30.631543], [119.958261, 30.614676], [119.95125, 30.509994], [119.987924, 30.479655], [120.030954, 30.475952], [120.067618, 30.427309], [120.082304, 30.382101], [120.141156, 30.374519], [120.149817, 30.348305], [120.181723, 30.331678], [120.179265, 30.285729], [120.185321, 30.271697], [120.178386, 30.24597]]}}, {"type": "Feature", "properties": {"trip_id": 76, "date": "2024-06-26T00:00:00", "train": "K1092", "from": "\u676d\u5dde", "to": "\u4e0a\u6d77\u5357", "duration": 131, "distance": 175, "fromcity": "\u676d\u5dde", "tocity": "\u4e0a\u6d77", "line": "", "fromprov": "\u6d59\u6c5f\u7701", "toprov": "\u4e0a\u6d77\u5e02", "id": "K1092", "lines": ["\u4e0a\u6d77\u5357\u8054\u7edc\u7ebf", "\u6caa\u6606\u7ebf", "\u6caa\u6625\u7ebf", "\u6caa\u676d\u7ebf", "\u7b15\u676d\u7ebf", "\u91d1\u5c71\u7ebf"], "line_source": "osm", "geometry_source": "osm", "distance_ratio": 0.981, "match_confidence": 1.0, "edge_count": 348}, "geometry": {"type": "LineString", "coordinates": [[120.178386, 30.24597], [120.185417, 30.314996], [120.206367, 30.320152], [120.218273, 30.340163], [120.237938, 30.350952], [120.283051, 30.406702], [120.315782, 30.4331], [120.552918, 30.483548], [120.690444, 30.542708], [120.747578, 30.69725], [120.746807, 30.75328], [120.765711, 30.771266], [120.900446, 30.848233], [121.017231, 30.886718], [121.081779, 30.962139], [121.108314, 30.980674], [121.205235, 30.983419], [121.243547, 30.995157], [121.295845, 31.046104], [121.355936, 31.084907], [121.421156, 31.151934]]}}, {"type": "Feature", "properties": {"trip_id": 77, "date": "2024-07-17T00:00:00", "train": "T110", "from": "\u4e0a\u6d77", "to": "\u5317\u4eac", "duration": 962, "distance": 1463, "fromcity": "\u4e0a\u6d77", "tocity": "\u5317\u4eac", "line": "", "fromprov": "\u4e0a\u6d77\u5e02", "toprov": "\u5317\u4eac\u5e02", "id": "T110", "lines": ["\u4eac\u5357\u81f3\u52a8\u8f66\u6bb5A\u7ebf", "\u4eac\u5357\u81f3\u52a8\u8f66\u6bb5B\u7ebf", "\u4eac\u6caa\u4e09\u7ebf", "\u4eac\u6caa\u7ebf", "\u4eac\u6caa\u7ebf (\u6caa\u5b81\u7ebf)", "\u4eac\u6caa\u9ad8\u94c1", "\u4eac\u6d25\u57ce\u9645\u7ebf", "\u4eac\u96c4\u57ce\u9645\u7ebf", "\u5357\u4eac\u5ba2\u7ebf", "\u5357\u4ed3\u57ce\u9645\u4eac\u6caa\u4e0b\u884c\u8054\u7edc\u7ebf", "\u5357\u4ed3\u57ce\u9645\u9ad8\u901f\u8054\u7edc\u7ebf", "\u5939\u5317\u7ebf", "\u5f90\u5dde\u5c0f\u8fd0\u8f6c\u7ebf", "\u6797\u9ad8\u8054\u7edc\u7ebf", "\u67f3\u5e7f\u7ebf", "\u6caa\u5b81\u57ce\u9645\u7ebf", "\u6caa\u82cf\u901a\u7ebf", "\u77f3\u5fb7\u7ebf", "\u80f6\u6d4e\u7ebf", "\u90af\u6d4e\u7ebf", "\u9647\u6d77\u7ebf", "\u9a6c\u5e7f\u8054\u7edc\u7ebf"], "line_source": "osm", "geometry_source": "osm", "distance_ratio": 0.998, "match_confidence": 1.0, "edge_count": 2009}, "geometry": {"type": "LineString", "coordinates": [[121.448159, 31.252073], [121.163714, 31.309181], [121.052935, 31.344213], [120.978461, 31.355907], [120.945005, 31.371609], [120.892173, 31.369807], [120.873346, 31.382211], [120.839998, 31.380104], [120.690935, 31.339258], [120.568133, 31.329951], [120.344749, 31.538653], [120.313094, 31.581222], [120.250969, 31.630625], [120.156889, 31.669518], [119.978054, 31.776899], [119.955688, 31.800265], [119.843517, 31.845336], [119.724993, 31.918299], [119.596676, 31.984047], [119.574264, 32.062096], [119.503569, 32.131323], [119.468152, 32.181005], [119.439663, 32.200361], [119.294697, 32.163177], [119.128237, 32.163713], [119.077119, 32.151686], [119.017459, 32.151878], [118.933472, 32.137412], [118.805347, 32.084556], [118.701541, 32.134277], [118.672854, 32.1628], [118.638774, 32.162038], [118.561518, 32.138708], [118.528404, 32.172933], [118.420721, 32.213979], [118.358928, 32.26418], [118.311846, 32.324034], [118.294511, 32.333011], [118.264143, 32.415358], [118.235293, 32.437119], [118.204904, 32.519836], [118.14885, 32.574701], [118.117288, 32.580158], [118.083743, 32.60154], [118.068348, 32.687608], [117.974721, 32.782325], [117.89396, 32.825983], [117.865531, 32.831144], [117.794312, 32.865281], [117.751802, 32.869004], [117.665925, 32.906048], [117.425684, 32.932716], [117.364424, 32.946255], [117.3495, 32.959709], [117.364517, 33.010963], [117.362809, 33.126337], [117.322907, 33.280441], [117.310195, 33.306155], [117.244198, 33.387005], [117.151803, 33.460461], [116.993014, 33.629476], [116.975416, 33.724175], [117.006838, 33.852168], [117.099253, 33.939433], [117.11819, 34.020826], [117.199983, 34.212908], [117.201406, 34.276011], [117.257676, 34.378705], [117.292053, 34.414756], [117.300541, 34.44311], [117.323754, 34.466972], [117.321918, 34.496015], [117.335561, 34.550583], [117.376643, 34.602258], [117.3288, 34.646662], [117.307649, 34.68641], [117.280928, 34.711005], [117.256181, 34.758201], [117.251856, 34.78807], [117.234002, 34.809815], [117.180551, 34.96564], [117.174425, 35.007143], [117.155218, 35.039559], [117.145269, 35.090549], [117.099241, 35.15309], [117.092089, 35.176536], [117.061282, 35.211822], [117.041751, 35.255158], [117.008171, 35.282609], [117.001364, 35.304525], [116.980115, 35.327467], [116.959403, 35.393386], [116.896752, 35.464674], [116.83125, 35.569678], [116.844023, 35.629593], [116.896516, 35.649123], [117.051848, 35.744677], [117.070093, 35.790397], [117.069537, 35.817687], [117.10278, 35.882168], [117.088865, 35.949226], [117.146994, 36.063211], [117.139074, 36.100439], [117.106997, 36.149274], [117.114405, 36.180651], [117.085825, 36.193677], [117.064862, 36.189672], [116.991625, 36.240522], [116.922252, 36.34335], [116.911638, 36.445389], [116.883333, 36.48274], [116.849382, 36.498063], [116.842848, 36.518248], [116.850927, 36.55666], [116.88947, 36.569227], [116.9168, 36.608124], [116.931422, 36.61543], [116.944561, 36.653657], [116.996274, 36.675249], [117.003693, 36.740894], [116.955026, 36.770612], [116.754595, 36.80206], [116.669236, 36.849413], [116.569, 37.007402], [116.556479, 37.05077], [116.429677, 37.176097], [116.372431, 37.285146], [116.34435, 37.314819], [116.281425, 37.449833], [116.283433, 37.470486], [116.373254, 37.603842], [116.398589, 37.696456], [116.454319, 37.742655], [116.486677, 37.826892], [116.562442, 37.95953], [116.587166, 38.07194], [116.719654, 38.1477], [116.809818, 38.223585], [116.863849, 38.251493], [116.866484, 38.291883], [116.89782, 38.399824], [116.89968, 38.465195], [116.836843, 38.567521], [116.831005, 38.590272], [116.911343, 38.678221], [116.928035, 38.717971], [116.920893, 38.876794], [116.926016, 38.949189], [116.919258, 38.995281], [116.931645, 39.012038], [116.970906, 39.023472], [116.984525, 39.036049], [116.995817, 39.087349], [116.984025, 39.107375], [116.988583, 39.13456], [117.014206, 39.146523], [117.17025, 39.157299], [117.192525, 39.18091], [117.179197, 39.197551], [117.193512, 39.182364], [117.17207, 39.157781], [117.15447, 39.15623], [117.175454, 39.1602], [117.193054, 39.184037], [117.122491, 39.273821], [117.106219, 39.320859], [117.079591, 39.342701], [116.81589, 39.447176], [116.601923, 39.566974], [116.4917, 39.610669], [116.375725, 39.677996], [116.311299, 39.729156], [116.297278, 39.748968], [116.337262, 39.850912], [116.338227, 39.871181], [116.33593, 39.854777], [116.345296, 39.852464], [116.415709, 39.871026], [116.43484, 39.894071], [116.421042, 39.900806]]}}, {"type": "Feature", "properties": {"trip_id": 78, "date": "2024-07-20T00:00:00", "train": "Z225", "from": "\u5317\u4eac\u4e30\u53f0", "to": "\u516d\u5b89", "duration": 582, "distance": 1015, "fromcity": "\u5317\u4eac", "tocity": "\u516d\u5b89", "line": "", "fromprov": "\u5317\u4eac\u5e02", "toprov": "\u5b89\u5fbd\u7701", "id": "Z225", "lines": ["\u4eac\u4e5d\u7ebf", "\u4eac\u6caa\u7ebf", "\u4eac\u6e2f\u9ad8\u901f\u7ebf", "\u5408\u65b0\u9ad8\u901f\u7ebf", "\u5408\u6b66\u7ed5\u884c\u7ebf", "\u5546\u4e18\u5317\u4e1c\u8054\u7edc\u7ebf", "\u5546\u4e18\u5317\u897f\u8054\u7edc\u7ebf", "\u5546\u4e18\u5357\u897f\u8054\u7edc\u7ebf", "\u5546\u4e18\u897f\u5317\u8054\u7edc\u7ebf", "\u5546\u4e18\u897f\u5357\u8054\u7edc\u7ebf", "\u5b81\u897f\u7ebf", "\u5ba2\u8f66\u8054\u7edc\u7ebf", "\u65b0\u5156\u7ebf", "\u65b0\u961c\u8054\u7edc\u7ebf", "\u6caa\u84c9\u7ebf", "\u6d25\u9738\u7ebf", "\u6dee\u5357\u7ed5\u884c\u7ebf", "\u77f3\u5fb7\u7ebf", "\u8083\u5b81\u4e0a\u8054\u7ebf", "\u961c\u516d\u7ebf", "\u961c\u6dee\u7ebf", "\u961c\u9633\u4e0b\u884c\u8054\u7edc\u7ebf", "\u9647\u6d77\u7ebf"], "line_source": "osm", "geometry_source": "osm", "distance_ratio": 1.086, "match_confidence": 1.0, "edge_count": 1314}, "geometry": {"type": "LineString", "coordinates": [[116.290687, 39.847974], [116.272482, 39.839214], [116.271575, 39.778578], [116.359844, 39.683275], [116.347029, 39.636457], [116.338705, 39.483518], [116.298868, 39.371663], [116.305584, 39.339492], [116.329689, 39.291804], [116.335486, 39.244362], [116.36637, 39.160307], [116.379008, 39.011291], [116.345861, 38.960256], [116.352623, 38.925108], [116.313573, 38.864088], [116.186474, 38.756059], [116.144194, 38.702544], [116.10222, 38.627543], [116.067032, 38.587963], [115.957054, 38.511471], [115.739363, 38.324876], [115.719828, 38.291427], [115.702656, 38.185168], [115.669927, 38.14529], [115.61188, 38.036895], [115.603479, 37.974978], [115.620736, 37.84835], [115.619109, 37.785342], [115.609707, 37.760319], [115.73115, 37.731052], [115.760381, 37.696218], [115.75267, 37.567109], [115.733663, 37.512043], [115.736463, 37.347273], [115.719194, 37.264743], [115.699295, 37.224327], [115.67916, 37.108698], [115.689339, 36.9897], [115.716599, 36.900882], [115.732416, 36.872465], [115.734179, 36.826152], [115.770592, 36.785848], [115.795837, 36.739285], [115.859256, 36.585752], [115.90795, 36.52901], [115.940478, 36.473382], [115.924931, 36.41756], [115.850233, 36.332433], [115.841455, 36.299524], [115.84507, 36.249516], [115.813691, 36.181863], [115.803733, 36.141774], [115.80494, 36.087014], [115.829193, 36.04502], [115.838567, 35.990972], [115.919184, 35.874692], [115.930663, 35.830466], [115.933598, 35.730438], [115.907352, 35.625993], [115.889198, 35.591088], [115.617092, 35.385538], [115.502969, 35.251559], [115.501781, 35.209279], [115.554961, 35.118928], [115.590853, 35.075948], [115.581731, 35.003684], [115.584859, 34.894754], [115.573346, 34.845663], [115.597461, 34.698507], [115.59343, 34.642723], [115.637345, 34.525047], [115.682408, 34.439466], [115.65313, 34.444586], [115.691953, 34.424187], [115.720243, 34.366294], [115.796808, 33.940455], [115.801338, 33.877532], [115.789992, 33.818699], [115.806671, 33.448607], [115.83475, 33.14009], [115.866891, 32.979207], [115.862045, 32.900469], [115.87623, 32.890175], [115.978594, 32.860237], [115.992011, 32.837236], [115.985007, 32.72934], [115.9888, 32.652606], [115.980015, 32.581975], [115.939072, 32.446564], [115.948892, 32.367481], [116.011955, 32.231434], [116.108782, 32.080745], [116.178229, 32.013368], [116.183528, 31.970184], [116.236423, 31.895833], [116.258038, 31.823576], [116.287655, 31.768953], [116.304329, 31.752815], [116.354893, 31.733129], [116.397383, 31.731613], [116.47763, 31.709951], [116.556992, 31.744973], [116.780777, 31.748092], [117.028068, 31.772347], [117.081885, 31.787606], [117.176958, 31.790753], [117.209055, 31.824682], [117.213209, 31.854827], [117.264535, 31.908045], [117.285718, 31.912773], [117.307071, 31.890395]]}}, {"type": "Feature", "properties": {"trip_id": 79, "date": "2024-07-23T00:00:00", "train": "G592", "from": "\u516d\u5b89", "to": "\u5408\u80a5\u5357", "duration": 25, "distance": 87, "fromcity": "\u516d\u5b89", "tocity": "\u5408\u80a5", "line": "", "fromprov": "\u5b89\u5fbd\u7701", "toprov": "\u5b89\u5fbd\u7701", "id": "G592", "lines": ["\u6caa\u84c9\u7ebf"], "line_source": "osm", "geometry_source": "osm", "distance_ratio": 0.872, "match_confidence": 1.0, "edge_count": 87}, "geometry": {"type": "LineString", "coordinates": [[116.498202, 31.717876], [116.556992, 31.744973], [116.780777, 31.748092], [117.028068, 31.772347], [117.081885, 31.787606], [117.284679, 31.800148]]}}, {"type": "Feature", "properties": {"trip_id": 80, "date": "2024-07-23T00:00:00", "train": "T221", "from": "\u5408\u80a5", "to": "\u5e7f\u5dde\u767d\u4e91", "duration": 1034, "distance": 1294, "fromcity": "\u5408\u80a5", "tocity": "\u5e7f\u5dde", "line": "", "fromprov": "\u5b89\u5fbd\u7701", "toprov": "\u5e7f\u4e1c\u7701", "id": "T221", "lines": ["\u4eac\u4e5d\u7ebf", "\u4eac\u5e7f\u7ebf", "\u4eac\u6e2f\u9ad8\u901f\u7ebf", "\u4f55\u5bb6\u8054\u7edc\u7ebf", "\u5408\u4e5d\u7ebf", "\u5408\u65b0\u9ad8\u901f\u7ebf", "\u5408\u6b66\u7ed5\u884c\u7ebf", "\u5411\u5858\u216a\u9053\u7ebf", "\u5e7f\u6e05\u57ce\u9645\u7ebf", "\u660c\u4e5d\u57ce\u9645\u7ebf", "\u6b66\u4e5d\u5ba2\u4e13\u7ebf", "\u6c5f\u8354\u8054\u7edc\u7ebf", "\u6dee\u5357\u7ed5\u884c\u7ebf", "\u72ee\u5cad\u8054\u7edc\u7ebf", "\u82b1\u5e7f\u8054\u7edc\u7ebf", "\u8d63\u97f6\u7ebf", "\u94dc\u4e5d\u7ebf"], "line_source": "osm", "geometry_source": "osm", "distance_ratio": 0.992, "match_confidence": 1.0, "edge_count": 1408}, "geometry": {"type": "LineString", "coordinates": [[117.307071, 31.890395], [117.283598, 31.91306], [117.265229, 31.908527], [117.235432, 31.882224], [117.212373, 31.853464], [117.208379, 31.823529], [117.15398, 31.751957], [117.129943, 31.707286], [117.083273, 31.676585], [117.073403, 31.661245], [117.073934, 31.646133], [117.092234, 31.632154], [117.137223, 31.628318], [117.156768, 31.57782], [117.153019, 31.453608], [117.174656, 31.329432], [117.168031, 31.296281], [117.115289, 31.214316], [117.003094, 31.102182], [116.955696, 31.030852], [116.928393, 31.028581], [116.861492, 30.968003], [116.854719, 30.8931], [116.831711, 30.787189], [116.821837, 30.771075], [116.793359, 30.745391], [116.674519, 30.697297], [116.566653, 30.673288], [116.514795, 30.605824], [116.423897, 30.539558], [116.401867, 30.50819], [116.265329, 30.448213], [116.213038, 30.36245], [116.154295, 30.31156], [116.088509, 30.214714], [116.027225, 30.184351], [115.993373, 30.131553], [115.927962, 30.091134], [115.897042, 30.038659], [115.890221, 29.920344], [115.932529, 29.88262], [115.96976, 29.876791], [115.996608, 29.856371], [116.004784, 29.767147], [116.024869, 29.727132], [115.977013, 29.686799], [115.920354, 29.668036], [115.880525, 29.626574], [115.874642, 29.564619], [115.831017, 29.48997], [115.793622, 29.389841], [115.78454, 29.344391], [115.765079, 29.318878], [115.75362, 29.286894], [115.777996, 29.227409], [115.805888, 29.118388], [115.815342, 28.974659], [115.872761, 28.833471], [115.848477, 28.779954], [115.863215, 28.728826], [115.899007, 28.72552], [115.915921, 28.706084], [115.908951, 28.635626], [115.941141, 28.560191], [115.955962, 28.449619], [115.948182, 28.4797], [115.951182, 28.465079], [115.984126, 28.431375], [115.984865, 28.389843], [115.973176, 28.355514], [115.932327, 28.290225], [115.871832, 28.248552], [115.754957, 28.09169], [115.68727, 28.040578], [115.636906, 27.988395], [115.573801, 27.953589], [115.488839, 27.874552], [115.388299, 27.676526], [115.336858, 27.615329], [115.328431, 27.59365], [115.329113, 27.538615], [115.312967, 27.49741], [115.234385, 27.415648], [115.221394, 27.393169], [115.186157, 27.370131], [115.174569, 27.350013], [115.162577, 27.307579], [115.142346, 27.273058], [115.136023, 27.195559], [115.123007, 27.16876], [115.083968, 27.159455], [115.019228, 27.122293], [115.010801, 27.066444], [114.963912, 27.03403], [114.961035, 27.012173], [114.980205, 26.98355], [114.940736, 26.892629], [114.943556, 26.714252], [115.012701, 26.654182], [115.051608, 26.662113], [115.082449, 26.642839], [115.119162, 26.580976], [115.180975, 26.58113], [115.203565, 26.556236], [115.229089, 26.554088], [115.259127, 26.536383], [115.275118, 26.502324], [115.269547, 26.465963], [115.279355, 26.424388], [115.308765, 26.366036], [115.316922, 26.321623], [115.305755, 26.287314], [115.308388, 26.218391], [115.291164, 26.154997], [115.253034, 26.090172], [115.195053, 26.043107], [115.162525, 26.027961], [115.127421, 25.965552], [115.072026, 25.932419], [115.018754, 25.881395], [114.981795, 25.863197], [114.959139, 25.834429], [114.958427, 25.806688], [114.889526, 25.765698], [114.862635, 25.736259], [114.812724, 25.715536], [114.790362, 25.691841], [114.775288, 25.641962], [114.745005, 25.597034], [114.504202, 25.490161], [114.406773, 25.433399], [114.381427, 25.4021], [114.355745, 25.338363], [114.360583, 25.307576], [114.383178, 25.274996], [114.383261, 25.252708], [114.339807, 25.183975], [114.315576, 25.165026], [114.295713, 25.133423], [114.262443, 25.11133], [114.227848, 25.049996], [114.084068, 24.97101], [114.024943, 24.966393], [113.95893, 24.996978], [113.836123, 24.991959], [113.789873, 24.946577], [113.756465, 24.89482], [113.7189, 24.864286], [113.616298, 24.853064], [113.598356, 24.838497], [113.603801, 24.803886], [113.589381, 24.776324], [113.623612, 24.717491], [113.615243, 24.693286], [113.589635, 24.664344], [113.59831, 24.643649], [113.586695, 24.605396], [113.594509, 24.522829], [113.584261, 24.515552], [113.5775, 24.492625], [113.52377, 24.439202], [113.518767, 24.426404], [113.527642, 24.404085], [113.516709, 24.379814], [113.497278, 24.367894], [113.44823, 24.295358], [113.449263, 24.2746], [113.474795, 24.249586], [113.473306, 24.229166], [113.44031, 24.181079], [113.428915, 24.131006], [113.403921, 24.112285], [113.400568, 24.095137], [113.374214, 24.073856], [113.306565, 24.040992], [113.282016, 23.988667], [113.284004, 23.963356], [113.270564, 23.920258], [113.275462, 23.878573], [113.265556, 23.845581], [113.272532, 23.827611], [113.269157, 23.792526], [113.234979, 23.777855], [113.225065, 23.751791], [113.228974, 23.708564], [113.189364, 23.658075], [113.172349, 23.606678], [113.123588, 23.56615], [113.097712, 23.525331], [113.095719, 23.490238], [113.122269, 23.479825], [113.190529, 23.401792], [113.203003, 23.362827], [113.206726, 23.315408], [113.225239, 23.267409], [113.226648, 23.236301], [113.241228, 23.214924], [113.240086, 23.191028]]}}, {"type": "Feature", "properties": {"trip_id": 81, "date": "2024-08-13T00:00:00", "train": "K1666", "from": "\u5e7f\u5dde\u767d\u4e91", "to": "\u8d63\u5dde", "duration": 435, "distance": 420, "fromcity": "\u5e7f\u5dde", "tocity": "\u8d63\u5dde", "line": "", "fromprov": "\u5e7f\u4e1c\u7701", "toprov": "\u6c5f\u897f\u7701", "id": "K1666", "lines": ["\u4eac\u4e5d\u7ebf", "\u4eac\u5e7f\u7ebf", "\u5e7f\u6e05\u57ce\u9645\u7ebf", "\u6c5f\u8354\u8054\u7edc\u7ebf", "\u72ee\u5cad\u8054\u7edc\u7ebf", "\u82b1\u5e7f\u8054\u7edc\u7ebf", "\u8d63\u97f6\u7ebf"], "line_source": "osm", "geometry_source": "osm", "distance_ratio": 0.997, "match_confidence": 1.0, "edge_count": 541}, "geometry": {"type": "LineString", "coordinates": [[113.240086, 23.191028], [113.241228, 23.214924], [113.226648, 23.236301], [113.225239, 23.267409], [113.206726, 23.315408], [113.203003, 23.362827], [113.190529, 23.401792], [113.122269, 23.479825], [113.095719, 23.490238], [113.097712, 23.525331], [113.123588, 23.56615], [113.172349, 23.606678], [113.189364, 23.658075], [113.228974, 23.708564], [113.225065, 23.751791], [113.234979, 23.777855], [113.269157, 23.792526], [113.272532, 23.827611], [113.265556, 23.845581], [113.275462, 23.878573], [113.270564, 23.920258], [113.284004, 23.963356], [113.282016, 23.988667], [113.306565, 24.040992], [113.374214, 24.073856], [113.400568, 24.095137], [113.403921, 24.112285], [113.428915, 24.131006], [113.44031, 24.181079], [113.473306, 24.229166], [113.474795, 24.249586], [113.449263, 24.2746], [113.44823, 24.295358], [113.497278, 24.367894], [113.516709, 24.379814], [113.527642, 24.404085], [113.518767, 24.426404], [113.52377, 24.439202], [113.5775, 24.492625], [113.584261, 24.515552], [113.594509, 24.522829], [113.586695, 24.605396], [113.59831, 24.643649], [113.589635, 24.664344], [113.615243, 24.693286], [113.623612, 24.717491], [113.589381, 24.776324], [113.603801, 24.803886], [113.598356, 24.838497], [113.616298, 24.853064], [113.7189, 24.864286], [113.756465, 24.89482], [113.789873, 24.946577], [113.836123, 24.991959], [113.95893, 24.996978], [114.024943, 24.966393], [114.084068, 24.97101], [114.227848, 25.049996], [114.262443, 25.11133], [114.295713, 25.133423], [114.315576, 25.165026], [114.339807, 25.183975], [114.383261, 25.252708], [114.383178, 25.274996], [114.360583, 25.307576], [114.355745, 25.338363], [114.381427, 25.4021], [114.406773, 25.433399], [114.504202, 25.490161], [114.743456, 25.595783], [114.774948, 25.641256], [114.790362, 25.691841], [114.812724, 25.715536], [114.863515, 25.736852], [114.889526, 25.765698], [114.958132, 25.806424], [114.961004, 25.818879]]}}, {"type": "Feature", "properties": {"trip_id": 82, "date": "2024-08-14T00:00:00", "train": "Z342", "from": "\u8d63\u5dde", "to": "\u53a6\u95e8\u5317", "duration": 253, "distance": 427, "fromcity": "\u8d63\u5dde", "tocity": "\u53a6\u95e8", "line": "", "fromprov": "\u6c5f\u897f\u7701", "toprov": "\u798f\u5efa\u7701", "id": "Z342", "lines": ["\u4eac\u4e5d\u7ebf", "\u5357\u9f99\u7ebf", "\u53a6\u79be\u8054\u7edc\u7ebf", "\u53a6\u95e8\u5317\u8054\u7edc\u7ebf", "\u676d\u6df1\u7ebf", "\u6f33\u9f99\u7ebf", "\u8d63\u745e\u9f99\u7ebf", "\u9648\u5761\u758f\u89e3\u7ebf", "\u9e70\u53a6\u7ebf", "\u9f99\u6f33\u7ebf"], "line_source": "osm", "geometry_source": "osm", "distance_ratio": 0.998, "match_confidence": 1.0, "edge_count": 630}, "geometry": {"type": "LineString", "coordinates": [[114.960969, 25.819125], [114.959313, 25.834837], [114.982208, 25.863617], [115.018754, 25.881395], [115.049748, 25.915057], [115.110142, 25.95212], [115.149539, 25.98902], [115.352344, 25.97592], [115.490104, 25.980263], [115.530057, 25.972636], [115.667356, 25.916873], [115.737741, 25.852321], [115.814104, 25.818385], [115.843369, 25.821248], [115.892638, 25.839218], [115.917744, 25.857077], [115.958189, 25.8674], [116.021119, 25.852679], [116.084037, 25.880558], [116.179619, 25.869969], [116.336244, 25.786272], [116.386711, 25.713655], [116.453344, 25.655753], [116.557003, 25.595713], [116.627845, 25.577968], [116.653301, 25.559764], [116.721936, 25.43862], [116.76144, 25.328218], [116.770018, 25.20981], [116.764957, 25.172248], [116.771683, 25.157506], [116.807856, 25.139709], [116.891603, 25.120091], [117.009733, 25.098619], [117.028098, 25.112148], [117.048886, 25.099922], [117.049357, 25.03548], [117.071791, 24.981199], [117.202615, 24.914376], [117.234867, 24.887992], [117.259179, 24.853077], [117.289661, 24.831187], [117.324563, 24.751513], [117.36736, 24.678529], [117.41938, 24.627842], [117.470149, 24.542899], [117.523734, 24.519519], [117.561307, 24.488254], [117.652036, 24.448145], [117.678603, 24.445639], [117.772412, 24.480635], [117.832806, 24.516836], [117.918235, 24.541357], [118.002764, 24.587654], [118.027553, 24.615924], [118.063832, 24.636296]]}}, {"type": "Feature", "properties": {"trip_id": 83, "date": "2024-08-14T00:00:00", "train": "G5115", "from": "\u53a6\u95e8\u5317", "to": "\u53a6\u95e8", "duration": 21, "distance": 31, "fromcity": "\u53a6\u95e8", "tocity": "\u53a6\u95e8", "line": "", "fromprov": "\u798f\u5efa\u7701", "toprov": "\u798f\u5efa\u7701", "id": "G5115", "lines": ["\u4e1c\u6e21\u6e2f\u7ebf", "\u53a6\u79be\u8054\u7edc\u7ebf", "\u53a6\u95e8\u5317\u8054\u7edc\u7ebf", "\u9e70\u53a6\u7ebf"], "line_source": "osm", "geometry_source": "osm", "distance_ratio": 0.968, "match_confidence": 1.0, "edge_count": 69}, "geometry": {"type": "LineString", "coordinates": [[118.063832, 24.636296], [118.028577, 24.616728], [118.006333, 24.592066], [118.030213, 24.574195], [118.057772, 24.571414], [118.105633, 24.548716], [118.13215, 24.509592], [118.130828, 24.491263], [118.108969, 24.468806]]}}, {"type": "Feature", "properties": {"trip_id": 84, "date": "2024-08-24T00:00:00", "train": "K6502", "from": "\u5e7f\u5dde", "to": "\u957f\u6c99", "duration": 485, "distance": 702, "fromcity": "\u5e7f\u5dde", "tocity": "\u957f\u6c99", "line": "", "fromprov": "\u5e7f\u4e1c\u7701", "toprov": "\u6e56\u5357\u7701", "id": "K6502", "lines": ["1\u9053", "\u4e0b\u884c\u5ba2\u8f66\u8054\u7edc\u7ebf", "\u4eac\u5e7f\u7ebf", "\u4eac\u5e7f\u8d27\u8f66\u4e0b\u884c1\u7ebf", "\u4eac\u5e7f\u8d27\u8f66\u4e0b\u884c2\u7ebf", "\u5e7f\u6df1\u7ebf", "\u5e7f\u6e05\u57ce\u9645\u7ebf", "\u682a\u6d32\u5317\u4e1c\u5230\u8fbe\u7ebf", "\u6c5f\u8354\u8054\u7edc\u7ebf", "\u72ee\u5cad\u8054\u7edc\u7ebf", "\u82b1\u5e7f\u8054\u7edc\u7ebf", "\u8861\u5317\u4e0a\u884c\u51fa\u53d1\u7ebf", "\u8861\u5317\u6e58\u6842\u4e0b\u8054\u7ebf", "\u957f\u6c99\u5ba2\u8f66\u5916\u7ed5\u7ebf"], "line_source": "osm", "geometry_source": "osm", "distance_ratio": 0.997, "match_confidence": 1.0, "edge_count": 968}, "geometry": {"type": "LineString", "coordinates": [[113.252061, 23.152413], [113.240232, 23.167654], [113.241228, 23.214924], [113.226648, 23.236301], [113.225239, 23.267409], [113.206726, 23.315408], [113.191026, 23.400594], [113.122269, 23.479825], [113.095719, 23.490238], [113.097712, 23.525331], [113.123588, 23.56615], [113.172349, 23.606678], [113.189364, 23.658075], [113.228974, 23.708564], [113.225065, 23.751791], [113.234979, 23.777855], [113.269157, 23.792526], [113.272532, 23.827611], [113.265556, 23.845581], [113.275462, 23.878573], [113.270564, 23.920258], [113.284004, 23.963356], [113.282016, 23.988667], [113.306565, 24.040992], [113.356525, 24.061704], [113.400568, 24.095137], [113.403662, 24.111965], [113.42915, 24.131402], [113.44031, 24.181079], [113.472485, 24.225989], [113.474795, 24.249586], [113.449263, 24.2746], [113.447932, 24.294621], [113.480161, 24.346701], [113.516709, 24.379814], [113.527642, 24.404085], [113.518767, 24.426404], [113.52377, 24.439202], [113.5775, 24.492625], [113.584261, 24.515552], [113.594315, 24.522322], [113.586695, 24.605396], [113.59831, 24.643649], [113.589635, 24.664344], [113.615243, 24.693286], [113.623552, 24.718194], [113.589533, 24.775657], [113.603726, 24.804128], [113.59828, 24.820456], [113.562192, 24.833391], [113.5044, 24.950224], [113.468887, 24.962145], [113.460288, 24.979991], [113.439742, 24.990827], [113.433589, 25.013005], [113.41314, 25.025172], [113.405538, 25.05964], [113.368873, 25.118713], [113.345986, 25.136277], [113.324554, 25.128054], [113.291168, 25.140977], [113.269947, 25.178737], [113.153001, 25.255213], [113.117078, 25.266766], [113.09568, 25.282518], [113.057227, 25.2823], [113.043346, 25.292441], [113.026121, 25.390888], [113.033904, 25.414086], [113.022443, 25.425088], [113.015936, 25.454225], [113.026412, 25.507734], [112.987337, 25.607307], [112.997247, 25.670482], [113.00712, 25.68297], [113.02769, 25.689113], [113.042176, 25.719116], [113.037635, 25.733663], [113.048115, 25.781991], [113.029452, 25.806023], [113.02077, 25.84073], [113.03466, 25.861681], [113.067432, 25.881376], [113.075926, 25.900724], [113.070275, 25.931598], [113.057103, 25.945549], [113.061236, 25.97786], [113.049113, 25.988843], [113.023714, 25.988981], [112.973681, 26.036794], [112.95523, 26.039488], [112.912442, 26.086059], [112.888176, 26.098147], [112.877613, 26.116254], [112.879491, 26.154931], [112.869041, 26.191518], [112.858289, 26.223492], [112.838618, 26.239691], [112.826258, 26.281054], [112.831301, 26.353583], [112.826893, 26.375588], [112.812416, 26.395096], [112.819175, 26.41674], [112.788164, 26.454963], [112.784404, 26.479567], [112.773116, 26.491726], [112.776685, 26.547337], [112.772754, 26.568036], [112.753208, 26.586944], [112.761438, 26.626755], [112.755533, 26.651557], [112.724415, 26.691219], [112.716924, 26.747366], [112.68724, 26.762976], [112.669382, 26.788287], [112.66563, 26.860061], [112.622852, 26.90026], [112.628511, 26.914324], [112.651499, 26.916455], [112.739006, 26.951448], [112.784784, 27.001864], [112.825224, 27.059484], [112.850178, 27.126583], [112.872902, 27.149433], [112.883211, 27.223796], [112.972208, 27.316621], [113.004334, 27.366426], [113.029539, 27.383364], [113.052398, 27.388185], [113.102181, 27.431993], [113.133675, 27.46724], [113.161734, 27.529625], [113.156603, 27.549313], [113.126379, 27.570433], [113.113253, 27.606474], [113.111214, 27.640308], [113.137953, 27.72864], [113.161379, 27.769808], [113.164973, 27.788518], [113.156621, 27.826282], [113.123174, 27.877485], [113.038318, 27.942422], [112.978168, 28.004572], [112.957983, 28.045695], [112.951601, 28.07871], [112.956681, 28.132906], [113.005501, 28.156374], [113.008387, 28.193355]]}}, {"type": "Feature", "properties": {"trip_id": 85, "date": "2024-08-27T00:00:00", "train": "Z8301", "from": "\u957f\u6c99", "to": "\u5e7f\u5dde", "duration": 472, "distance": 702, "fromcity": "\u957f\u6c99", "tocity": "\u5e7f\u5dde", "line": "", "fromprov": "\u6e56\u5357\u7701", "toprov": "\u5e7f\u4e1c\u7701", "id": "Z8301", "lines": ["1\u9053", "\u4e0b\u884c\u5ba2\u8f66\u8054\u7edc\u7ebf", "\u4eac\u5e7f\u7ebf", "\u4eac\u5e7f\u8d27\u8f66\u4e0b\u884c1\u7ebf", "\u4eac\u5e7f\u8d27\u8f66\u4e0b\u884c2\u7ebf", "\u5e7f\u6df1\u7ebf", "\u5e7f\u6e05\u57ce\u9645\u7ebf", "\u682a\u6d32\u5317\u4e1c\u5230\u8fbe\u7ebf", "\u6c5f\u8354\u8054\u7edc\u7ebf", "\u72ee\u5cad\u8054\u7edc\u7ebf", "\u82b1\u5e7f\u8054\u7edc\u7ebf", "\u8861\u5317\u4e0a\u884c\u51fa\u53d1\u7ebf", "\u8861\u5317\u6e58\u6842\u4e0b\u8054\u7ebf", "\u957f\u6c99\u5ba2\u8f66\u5916\u7ed5\u7ebf"], "line_source": "osm", "geometry_source": "osm", "distance_ratio": 0.997, "match_confidence": 1.0, "edge_count": 968}, "geometry": {"type": "LineString", "coordinates": [[113.008387, 28.193355], [113.005501, 28.156374], [112.956681, 28.132906], [112.951601, 28.07871], [112.957983, 28.045695], [112.978168, 28.004572], [113.038318, 27.942422], [113.123174, 27.877485], [113.156621, 27.826282], [113.164973, 27.788518], [113.161379, 27.769808], [113.137953, 27.72864], [113.111214, 27.640308], [113.113253, 27.606474], [113.126379, 27.570433], [113.156603, 27.549313], [113.161734, 27.529625], [113.133675, 27.46724], [113.102181, 27.431993], [113.052398, 27.388185], [113.029539, 27.383364], [113.004334, 27.366426], [112.972208, 27.316621], [112.883211, 27.223796], [112.872902, 27.149433], [112.850178, 27.126583], [112.825224, 27.059484], [112.784784, 27.001864], [112.739006, 26.951448], [112.651499, 26.916455], [112.628511, 26.914324], [112.622852, 26.90026], [112.66563, 26.860061], [112.669382, 26.788287], [112.68724, 26.762976], [112.716924, 26.747366], [112.724415, 26.691219], [112.755533, 26.651557], [112.761438, 26.626755], [112.753208, 26.586944], [112.772754, 26.568036], [112.776685, 26.547337], [112.773116, 26.491726], [112.784404, 26.479567], [112.788164, 26.454963], [112.819175, 26.41674], [112.812416, 26.395096], [112.826893, 26.375588], [112.831301, 26.353583], [112.826258, 26.281054], [112.838618, 26.239691], [112.858289, 26.223492], [112.869041, 26.191518], [112.879491, 26.154931], [112.877613, 26.116254], [112.888176, 26.098147], [112.912442, 26.086059], [112.95523, 26.039488], [112.973681, 26.036794], [113.023714, 25.988981], [113.049113, 25.988843], [113.061236, 25.97786], [113.057103, 25.945549], [113.070275, 25.931598], [113.075926, 25.900724], [113.067432, 25.881376], [113.03466, 25.861681], [113.02077, 25.84073], [113.029452, 25.806023], [113.048115, 25.781991], [113.037635, 25.733663], [113.042176, 25.719116], [113.02769, 25.689113], [113.00712, 25.68297], [112.997247, 25.670482], [112.987337, 25.607307], [113.026412, 25.507734], [113.015936, 25.454225], [113.022443, 25.425088], [113.033904, 25.414086], [113.026121, 25.390888], [113.043346, 25.292441], [113.057227, 25.2823], [113.09568, 25.282518], [113.117078, 25.266766], [113.153001, 25.255213], [113.269947, 25.178737], [113.291168, 25.140977], [113.324554, 25.128054], [113.345986, 25.136277], [113.368873, 25.118713], [113.405538, 25.05964], [113.41314, 25.025172], [113.433589, 25.013005], [113.439742, 24.990827], [113.460288, 24.979991], [113.468887, 24.962145], [113.5044, 24.950224], [113.562192, 24.833391], [113.59828, 24.820456], [113.603726, 24.804128], [113.589533, 24.775657], [113.623552, 24.718194], [113.615243, 24.693286], [113.589635, 24.664344], [113.59831, 24.643649], [113.586695, 24.605396], [113.594315, 24.522322], [113.584261, 24.515552], [113.5775, 24.492625], [113.52377, 24.439202], [113.518767, 24.426404], [113.527642, 24.404085], [113.516709, 24.379814], [113.480161, 24.346701], [113.447932, 24.294621], [113.449263, 24.2746], [113.474795, 24.249586], [113.472485, 24.225989], [113.44031, 24.181079], [113.42915, 24.131402], [113.403662, 24.111965], [113.400568, 24.095137], [113.356525, 24.061704], [113.306565, 24.040992], [113.282016, 23.988667], [113.284004, 23.963356], [113.270564, 23.920258], [113.275462, 23.878573], [113.265556, 23.845581], [113.272532, 23.827611], [113.269157, 23.792526], [113.234979, 23.777855], [113.225065, 23.751791], [113.228974, 23.708564], [113.189364, 23.658075], [113.172349, 23.606678], [113.123588, 23.56615], [113.097712, 23.525331], [113.095719, 23.490238], [113.122269, 23.479825], [113.191026, 23.400594], [113.206726, 23.315408], [113.225239, 23.267409], [113.226648, 23.236301], [113.241228, 23.214924], [113.240232, 23.167654], [113.252061, 23.152413]]}}, {"type": "Feature", "properties": {"trip_id": 86, "date": "2024-09-09T00:00:00", "train": "G6521", "from": "\u5e7f\u5dde\u5357", "to": "\u864e\u95e8", "duration": 27, "distance": 50, "fromcity": "\u5e7f\u5dde", "tocity": "\u4e1c\u839e", "line": "", "fromprov": "\u5e7f\u4e1c\u7701", "toprov": "\u5e7f\u4e1c\u7701", "id": "G6521", "lines": ["\u5e7f\u6df1\u6e2f\u9ad8\u901f\u7ebf"], "line_source": "osm", "geometry_source": "osm", "distance_ratio": 0.982, "match_confidence": 1.0, "edge_count": 24}, "geometry": {"type": "LineString", "coordinates": [[113.26486, 22.98944], [113.314958, 22.893187], [113.350657, 22.867006], [113.413259, 22.857669], [113.505553, 22.871462], [113.663325, 22.862608]]}}, {"type": "Feature", "properties": {"trip_id": 87, "date": "2024-09-09T00:00:00", "train": "C6707", "from": "\u864e\u95e8\u5317", "to": "\u6df1\u5733\u673a\u573a", "duration": 43, "distance": 36, "fromcity": "\u4e1c\u839e", "tocity": "\u6df1\u5733", "line": "", "fromprov": "\u5e7f\u4e1c\u7701", "toprov": "\u5e7f\u4e1c\u7701", "id": "C6707", "lines": ["\u7a57\u6df1\u57ce\u9645\u7ebf"], "line_source": "osm", "geometry_source": "mixed", "distance_ratio": 0.479, "match_confidence": 0.286, "edge_count": 2}, "geometry": {"type": "LineString", "coordinates": [[113.694919, 22.802841], [113.78902, 22.745871], [113.784699, 22.695361]]}}, {"type": "Feature", "properties": {"trip_id": 88, "date": "2024-10-08T00:00:00", "train": "G7536", "from": "\u676d\u5dde\u4e1c", "to": "\u4e0a\u6d77\u8679\u6865", "duration": 45, "distance": 159, "fromcity": "\u676d\u5dde", "tocity": "\u4e0a\u6d77", "line": "", "fromprov": "\u6d59\u6c5f\u7701", "toprov": "\u4e0a\u6d77\u5e02", "id": "G7536", "lines": ["\u4e0a\u6d77\u8679\u6865\u7ad920\u9053", "\u676d\u5dde\u4e1c\u7ad915\u9053", "\u6caa\u6606\u7ebf", "\u6caa\u676d\u7ebf", "\u91d1\u5c71\u7ebf"], "line_source": "osm", "geometry_source": "osm", "distance_ratio": 1.026, "match_confidence": 1.0, "edge_count": 158}, "geometry": {"type": "LineString", "coordinates": [[120.208279, 30.293617], [120.196016, 30.311607], [120.206014, 30.333749], [120.266433, 30.371176], [120.336607, 30.402375], [120.444193, 30.483426], [120.527775, 30.528332], [120.602177, 30.553863], [120.670965, 30.624413], [120.827245, 30.707751], [120.94568, 30.800946], [120.999528, 30.852943], [121.164563, 30.934022], [121.22252, 30.98274], [121.199615, 30.984447], [121.244186, 30.995554], [121.295845, 31.046104], [121.35236, 31.081211], [121.361763, 31.101225], [121.319909, 31.167715], [121.315826, 31.193718]]}}, {"type": "Feature", "properties": {"trip_id": 89, "date": "2024-11-13T00:00:00", "train": "K123", "from": "\u4e0a\u6d77\u5357", "to": "\u676d\u5dde\u5357", "duration": 139, "distance": 190, "fromcity": "\u4e0a\u6d77", "tocity": "\u676d\u5dde", "line": "", "fromprov": "\u4e0a\u6d77\u5e02", "toprov": "\u6d59\u6c5f\u7701", "id": "K123", "lines": ["\u4e0a\u6d77\u5357\u8054\u7edc\u7ebf", "\u5357\u661f\u6865\u8d27\u573a\u652f\u7ebf\uff08I\uff09", "\u676d\u5dde\u7ad97\u9053", "\u6caa\u6606\u7ebf", "\u6caa\u6606\u7ed5\u884c\u7ebf", "\u6caa\u6625\u7ebf", "\u6caa\u676d\u7ebf", "\u7b15\u676d\u7ebf", "\u8427\u8427\u8054\u7edc\u7ebf", "\u91d1\u5c71\u7ebf"], "line_source": "osm", "geometry_source": "osm", "distance_ratio": 1.045, "match_confidence": 1.0, "edge_count": 476}, "geometry": {"type": "LineString", "coordinates": [[121.421156, 31.151934], [121.355936, 31.084907], [121.295845, 31.046104], [121.243547, 30.995157], [121.205235, 30.983419], [121.108314, 30.980674], [121.081779, 30.962139], [121.017231, 30.886718], [120.900446, 30.848233], [120.755453, 30.762955], [120.742847, 30.732964], [120.747578, 30.69725], [120.689082, 30.541595], [120.552918, 30.483548], [120.319069, 30.434613], [120.285183, 30.408737], [120.206616, 30.320381], [120.185417, 30.314996], [120.17926, 30.286087], [120.18365, 30.25515], [120.172498, 30.227676], [120.159408, 30.213495], [120.131082, 30.202899], [120.146795, 30.180401], [120.240881, 30.176898], [120.265982, 30.168788], [120.283843, 30.188266], [120.290262, 30.173304]]}}, {"type": "Feature", "properties": {"trip_id": 90, "date": "2024-11-13T00:00:00", "train": "T7785", "from": "\u676d\u5dde", "to": "\u5170\u6eaa", "duration": 145, "distance": 210, "fromcity": "\u676d\u5dde", "tocity": "\u91d1\u534e", "line": "", "fromprov": "\u6d59\u6c5f\u7701", "toprov": "\u6d59\u6c5f\u7701", "id": "T7785", "lines": ["\u5357\u661f\u6865\u8d27\u573a\u652f\u7ebf\uff08I\uff09", "\u676d\u5dde\u5357\u7ad911\u9053", "\u676d\u5dde\u7ad97\u9053", "\u676d\u660c\u9ad8\u901f\u7ebf", "\u6caa\u6606\u7ebf", "\u6caa\u6606\u7ed5\u884c\u7ebf", "\u8427\u8427\u8054\u7edc\u7ebf", "\u91d1\u5343\u7ebf"], "line_source": "osm", "geometry_source": "osm", "distance_ratio": 0.927, "match_confidence": 1.0, "edge_count": 337}, "geometry": {"type": "LineString", "coordinates": [[120.17676, 30.243133], [120.163151, 30.216114], [120.131538, 30.204353], [120.143248, 30.181684], [120.240881, 30.176898], [120.265982, 30.168788], [120.2777, 30.185129], [120.287499, 30.186366], [120.309632, 30.125208], [120.298659, 30.011419], [120.270716, 29.948898], [120.260227, 29.864334], [120.194793, 29.77791], [120.163609, 29.644581], [120.136997, 29.591178], [120.136495, 29.564], [120.084815, 29.491926], [120.075811, 29.453453], [120.046519, 29.390903], [119.960766, 29.304543], [119.935396, 29.251001], [119.895168, 29.196985], [119.697239, 29.125225], [119.610217, 29.110803], [119.599426, 29.129734], [119.568973, 29.145763], [119.532117, 29.150715], [119.514261, 29.18817], [119.478399, 29.211512]]}}, {"type": "Feature", "properties": {"trip_id": 91, "date": "2024-11-14T00:00:00", "train": "T7786", "from": "\u5170\u6eaa", "to": "\u91d1\u534e", "duration": 25, "distance": 23, "fromcity": "\u91d1\u534e", "tocity": "\u91d1\u534e", "line": "", "fromprov": "\u6d59\u6c5f\u7701", "toprov": "\u6d59\u6c5f\u7701", "id": "T7786", "lines": ["\u6caa\u6606\u7ebf", "\u91d1\u5343\u7ebf"], "line_source": "osm", "geometry_source": "osm", "distance_ratio": 0.892, "match_confidence": 1.0, "edge_count": 42}, "geometry": {"type": "LineString", "coordinates": [[119.478399, 29.211512], [119.514261, 29.18817], [119.533437, 29.149805], [119.568562, 29.145957], [119.599426, 29.129734], [119.609445, 29.111187], [119.626917, 29.112761]]}}, {"type": "Feature", "properties": {"trip_id": 92, "date": "2024-11-14T00:00:00", "train": "K943", "from": "\u91d1\u534e\u5357", "to": "\u6e29\u5dde", "duration": 287, "distance": 230, "fromcity": "\u91d1\u534e", "tocity": "\u6e29\u5dde", "line": "", "fromprov": "\u6d59\u6c5f\u7701", "toprov": "\u6d59\u6c5f\u7701", "id": "K943", "lines": ["\u6e29\u5dde\u5357\u758f\u89e3\u7ebf", "\u91d1\u6e29\u7ebf", "\u91d1\u6e29\u8054\u7edc\u7ebf", "\u91d1\u6e29\u8d27\u7ebf"], "line_source": "osm", "geometry_source": "osm", "distance_ratio": 0.923, "match_confidence": 1.0, "edge_count": 326}, "geometry": {"type": "LineString", "coordinates": [[119.735204, 29.112976], [119.749977, 29.072164], [119.749041, 29.009803], [119.761009, 28.997078], [119.756744, 28.984226], [119.802284, 28.930548], [119.876823, 28.889463], [119.895353, 28.892981], [119.914023, 28.883338], [119.935857, 28.888462], [119.969489, 28.864274], [120.036711, 28.847422], [120.106745, 28.796208], [120.089101, 28.711954], [120.095779, 28.686009], [120.087915, 28.618793], [120.049416, 28.592503], [120.054168, 28.582626], [120.045527, 28.570786], [120.050442, 28.554127], [120.039066, 28.511902], [120.015953, 28.493427], [119.971306, 28.47747], [119.937849, 28.426101], [119.933377, 28.399686], [119.943531, 28.381161], [120.000363, 28.352337], [120.033402, 28.320797], [120.196137, 28.212213], [120.22201, 28.180598], [120.267329, 28.151031], [120.315113, 28.092453], [120.454657, 28.03204], [120.569801, 28.020166], [120.587095, 28.005002], [120.582853, 27.977297], [120.586617, 28.019896], [120.609309, 27.981599], [120.677044, 27.983315]]}}, {"type": "Feature", "properties": {"trip_id": 93, "date": "2024-12-01T00:00:00", "train": "D3217", "from": "\u4e50\u6e05", "to": "\u6e29\u5dde\u5357", "duration": 15, "distance": 35, "fromcity": "\u6e29\u5dde", "tocity": "\u6e29\u5dde", "line": "", "fromprov": "\u6d59\u6c5f\u7701", "toprov": "\u6d59\u6c5f\u7701", "id": "D3217", "lines": ["\u676d\u6df1\u7ebf", "\u676d\u6e29\u9ad8\u901f\u7ebf"], "line_source": "osm", "geometry_source": "osm", "distance_ratio": 0.98, "match_confidence": 1.0, "edge_count": 52}, "geometry": {"type": "LineString", "coordinates": [[120.852678, 28.087025], [120.825676, 28.078596], [120.634031, 28.066946], [120.593477, 28.022992], [120.580941, 27.96931]]}}, {"type": "Feature", "properties": {"trip_id": 94, "date": "2025-01-14T00:00:00", "train": "K603", "from": "\u5317\u4eac\u4e30\u53f0", "to": "\u8fd0\u57ce", "duration": 1007, "distance": 963, "fromcity": "\u5317\u4eac", "tocity": "\u8fd0\u57ce", "line": "", "fromprov": "\u5317\u4eac\u5e02", "toprov": "\u5c71\u897f\u7701", "id": "K603", "lines": ["1\u9053", "\u4e30\u6c99\u7ebf", "\u4eac\u539f\u7ebf", "\u4eac\u5e7f\u7ebf", "\u4eac\u6caa\u7ebf", "\u4faf\u5317\u5357\u73af", "\u4faf\u6708\u7ebf", "\u4faf\u897f\u7ebf", "\u5317\u540c\u84b2\u7ebf", "\u5357\u540c\u84b2\u7ebf", "\u5927\u897f\u9ad8\u901f\u7ebf", "\u592a\u5317\u2160-\u2165\u573a\u8054\u7edc\u7ebf", "\u592a\u539f\u5357\u7acb\u6298\u7ebf", "\u5ffb\u6cb3\u7ebf", "\u6c38\u4e30\u7ebf", "\u767d\u5f6a\u758f\u89e3\u7ebf", "\u77f3\u592a\u5ba2\u4e13\u7ebf", "\u77f3\u592a\u7ebf", "\u90d1\u592a\u5ba2\u4e13\u7ebf", "\u97e9\u539f\u7ebf", "\u9ad8\u66f2\u8054\u7edc\u7ebf"], "line_source": "osm", "geometry_source": "mixed", "distance_ratio": 0.986, "match_confidence": 0.985, "edge_count": 1307}, "geometry": {"type": "LineString", "coordinates": [[116.290289, 39.848127], [116.267344, 39.844764], [116.229915, 39.854175], [116.188246, 39.88667], [116.146025, 39.877658], [116.106633, 39.837614], [116.070735, 39.839278], [116.016611, 39.815729], [116.002638, 39.794952], [116.006084, 39.776406], [115.937951, 39.739831], [115.927532, 39.709536], [115.891637, 39.665379], [115.862519, 39.647298], [115.82897, 39.650867], [115.821846, 39.638665], [115.778147, 39.613338], [115.718793, 39.633173], [115.67432, 39.631366], [115.622778, 39.648873], [115.566937, 39.645405], [115.515533, 39.669997], [115.495166, 39.661374], [115.46773, 39.662849], [115.444034, 39.67205], [115.436507, 39.690649], [115.426931, 39.694586], [115.411465, 39.690067], [115.404795, 39.676264], [115.341629, 39.690797], [115.327721, 39.666009], [115.292273, 39.666471], [115.290982, 39.65142], [115.264252, 39.63542], [115.263449, 39.622462], [115.251824, 39.61555], [115.262363, 39.577573], [115.246756, 39.534448], [115.252246, 39.52125], [115.220088, 39.473548], [115.175776, 39.462069], [115.159408, 39.435762], [115.112229, 39.421183], [115.032976, 39.432197], [114.948325, 39.417348], [114.928338, 39.398918], [114.885176, 39.386406], [114.865098, 39.372085], [114.835316, 39.372862], [114.816128, 39.35154], [114.774331, 39.349005], [114.741393, 39.361453], [114.722288, 39.353324], [114.681404, 39.402328], [114.601894, 39.394853], [114.588017, 39.389704], [114.580539, 39.375358], [114.550197, 39.391964], [114.392379, 39.405185], [114.363542, 39.430264], [114.356475, 39.462702], [114.337351, 39.476278], [114.305497, 39.480028], [114.218078, 39.462099], [114.192881, 39.454528], [114.179241, 39.438764], [114.177869, 39.422843], [114.158939, 39.417933], [114.092043, 39.369985], [113.988313, 39.371254], [113.975881, 39.365704], [113.968265, 39.336291], [113.975853, 39.312395], [113.971669, 39.303222], [113.91096, 39.268019], [113.711109, 39.291417], [113.682931, 39.302409], [113.647633, 39.297036], [113.600888, 39.270966], [113.531013, 39.255581], [113.417709, 39.207341], [113.275339, 39.169175], [113.238204, 39.145731], [113.191509, 39.157724], [113.158199, 39.127557], [113.10026, 39.136091], [113.078889, 39.128027], [112.924864, 39.045978], [112.795784, 38.950553], [112.74642, 38.86402], [112.722006, 38.757582], [112.720619, 38.644185], [112.748039, 38.595292], [112.72675, 38.538647], [112.745276, 38.457762], [112.73976, 38.410901], [112.750211, 38.397629], [112.714873, 38.363191], [112.686774, 38.29457], [112.650801, 38.283407], [112.602469, 38.302172], [112.583378, 38.249935], [112.626245, 38.205752], [112.705445, 38.15584], [112.722996, 38.100951], [112.713836, 38.07854], [112.659194, 38.047024], [112.644679, 38.02681], [112.61515, 38.01809], [112.595657, 37.989629], [112.555794, 37.956631], [112.560312, 37.913191], [112.579864, 37.895278], [112.587718, 37.807775], [112.682652, 37.738793], [112.731366, 37.689742], [112.742425, 37.633743], [112.719933, 37.616889], [112.68091, 37.548665], [112.676783, 37.51375], [112.593952, 37.452038], [112.57785, 37.430528], [112.556128, 37.416343], [112.533497, 37.415484], [112.508748, 37.397655], [112.315784, 37.340872], [112.269252, 37.288353], [112.20352, 37.246623], [112.168537, 37.211832], [112.091304, 37.158449], [111.922046, 37.020816], [111.899745, 37.01346], [111.887346, 37.019437], [111.854036, 37.014026], [111.822906, 36.987968], [111.800846, 36.947468], [111.749304, 36.914525], [111.744401, 36.903093], [111.759282, 36.886346], [111.76715, 36.854159], [111.76245, 36.823926], [111.706575, 36.818481], [111.661482, 36.76444], [111.671438, 36.743224], [111.668134, 36.733973], [111.685386, 36.720215], [111.671586, 36.694425], [111.683398, 36.674913], [111.677048, 36.647408], [111.688458, 36.611616], [111.707116, 36.601028], [111.725737, 36.5716], [111.717254, 36.559025], [111.703304, 36.556679], [111.689318, 36.521776], [111.691078, 36.508349], [111.704334, 36.499166], [111.70291, 36.478422], [111.664853, 36.441163], [111.6953, 36.374981], [111.69848, 36.295376], [111.655849, 36.255047], [111.635043, 36.212767], [111.563589, 36.149135], [111.531047, 36.095715], [111.533008, 36.069284], [111.476138, 36.006517], [111.440598, 35.933162], [111.441574, 35.8858], [111.429367, 35.874184], [111.430308, 35.858628], [111.408914, 35.843069], [111.419897, 35.829031], [111.410341, 35.801803], [111.433768, 35.766545], [111.388958, 35.700286], [111.391758, 35.681157], [111.355266, 35.633693], [111.350263, 35.578406], [111.316112, 35.552846], [111.314552, 35.533632], [111.3371, 35.488148], [111.314111, 35.436558], [111.279091, 35.401931], [111.21423, 35.360531], [111.101655, 35.2229], [111.078903, 35.151442], [111.042269, 35.082743], [110.985941, 35.027923]]}}, {"type": "Feature", "properties": {"trip_id": 95, "date": "2025-01-22T00:00:00", "train": "D1048", "from": "\u5ffb\u5dde\u897f", "to": "\u5927\u540c\u5357", "duration": 87, "distance": 220, "fromcity": "\u5ffb\u5dde", "tocity": "\u5927\u540c", "line": "", "fromprov": "\u5c71\u897f\u7701", "toprov": "\u5c71\u897f\u7701", "id": "D1048", "lines": ["\u5927\u897f\u9ad8\u901f\u7ebf", "\u5c97\u6a0a\u8054\u7edc\u7ebf", "\u5f20\u5927\u5ba2\u4e13\u7ebf", "\u97e9\u539f\u7ebf"], "line_source": "osm", "geometry_source": "osm", "distance_ratio": 0.897, "match_confidence": 1.0, "edge_count": 124}, "geometry": {"type": "LineString", "coordinates": [[112.685802, 38.446568], [112.683482, 38.473073], [112.647198, 38.567414], [112.659708, 38.709549], [112.691335, 38.804504], [112.725901, 38.866651], [112.732472, 38.952442], [112.775279, 39.022403], [112.854697, 39.113948], [112.848461, 39.276985], [112.912716, 39.440898], [113.005731, 39.533816], [113.064468, 39.63987], [113.065747, 39.698715], [113.170243, 39.806545], [113.208444, 39.85721], [113.214605, 39.877051], [113.207229, 39.933788], [113.212198, 39.948899], [113.272164, 39.977362], [113.319608, 40.03797], [113.349182, 40.043473]]}}, {"type": "Feature", "properties": {"trip_id": 96, "date": "2025-01-23T00:00:00", "train": "D1655", "from": "\u5927\u540c\u5357", "to": "\u5ffb\u5dde\u897f", "duration": 79, "distance": 220, "fromcity": "\u5927\u540c", "tocity": "\u5ffb\u5dde", "line": "", "fromprov": "\u5c71\u897f\u7701", "toprov": "\u5c71\u897f\u7701", "id": "D1655", "lines": ["\u5927\u897f\u9ad8\u901f\u7ebf", "\u5c97\u6a0a\u8054\u7edc\u7ebf", "\u5f20\u5927\u5ba2\u4e13\u7ebf", "\u97e9\u539f\u7ebf"], "line_source": "osm", "geometry_source": "osm", "distance_ratio": 0.897, "match_confidence": 1.0, "edge_count": 124}, "geometry": {"type": "LineString", "coordinates": [[113.349182, 40.043473], [113.319608, 40.03797], [113.272164, 39.977362], [113.212198, 39.948899], [113.207229, 39.933788], [113.214605, 39.877051], [113.208444, 39.85721], [113.170243, 39.806545], [113.065747, 39.698715], [113.064468, 39.63987], [113.005731, 39.533816], [112.912716, 39.440898], [112.848461, 39.276985], [112.854697, 39.113948], [112.775279, 39.022403], [112.732472, 38.952442], [112.725901, 38.866651], [112.691335, 38.804504], [112.659708, 38.709549], [112.647198, 38.567414], [112.683482, 38.473073], [112.685802, 38.446568]]}}, {"type": "Feature", "properties": {"trip_id": 97, "date": "2025-01-25T00:00:00", "train": "K1506", "from": "\u5357\u4eac", "to": "\u6dee\u5357", "duration": 248, "distance": 289, "fromcity": "\u5357\u4eac", "tocity": "\u6dee\u5357", "line": "", "fromprov": "\u6c5f\u82cf\u7701", "toprov": "\u5b89\u5fbd\u7701", "id": "K1506", "lines": ["\u4eac\u6caa\u7ebf", "\u5357\u4eac\u5ba2\u7ebf", "\u5408\u868c\u5ba2\u4e13\u7ebf", "\u6797\u9ad8\u8054\u7edc\u7ebf", "\u6c34\u6dee\u8054\u7edc\u7ebf", "\u6dee\u5357\u7ebf", "\u868c\u5357\u8054\u7edc\u7ebf"], "line_source": "osm", "geometry_source": "osm", "distance_ratio": 0.955, "match_confidence": 1.0, "edge_count": 217}, "geometry": {"type": "LineString", "coordinates": [[118.788898, 32.090087], [118.701541, 32.134277], [118.674245, 32.162418], [118.638774, 32.162038], [118.56426, 32.137849], [118.528404, 32.172933], [118.420721, 32.213979], [118.358928, 32.26418], [118.311846, 32.324034], [118.293629, 32.334048], [118.264143, 32.415358], [118.235293, 32.437119], [118.205703, 32.518513], [118.190729, 32.538616], [118.14885, 32.574701], [118.117288, 32.580158], [118.083743, 32.60154], [118.068348, 32.687608], [117.975877, 32.781457], [117.89396, 32.825983], [117.865531, 32.831144], [117.794312, 32.865281], [117.751802, 32.869004], [117.665925, 32.906048], [117.61045, 32.90721], [117.371493, 32.94442], [117.417779, 32.934558], [117.430061, 32.924654], [117.442662, 32.879726], [117.439465, 32.86037], [117.406811, 32.822155], [117.357073, 32.786838], [117.167445, 32.671613], [117.131058, 32.629284], [117.123412, 32.60913], [117.122972, 32.560746], [117.163106, 32.488162], [117.127464, 32.553649], [117.117171, 32.608006], [117.068571, 32.637858], [117.041413, 32.641473], [117.015588, 32.632492]]}}, {"type": "Feature", "properties": {"trip_id": 98, "date": "2025-01-25T00:00:00", "train": "K8411", "from": "\u6dee\u5357", "to": "\u5408\u80a5", "duration": 61, "distance": 95, "fromcity": "\u6dee\u5357", "tocity": "\u5408\u80a5", "line": "", "fromprov": "\u5b89\u5fbd\u7701", "toprov": "\u5b89\u5fbd\u7701", "id": "K8411", "lines": ["\u5408\u868c\u5ba2\u4e13\u7ebf", "\u6c34\u6dee\u8054\u7edc\u7ebf", "\u6dee\u5357\u7ebf"], "line_source": "osm", "geometry_source": "osm", "distance_ratio": 0.992, "match_confidence": 1.0, "edge_count": 60}, "geometry": {"type": "LineString", "coordinates": [[117.015588, 32.632492], [117.041413, 32.641473], [117.068571, 32.637858], [117.117171, 32.608006], [117.127464, 32.553649], [117.179276, 32.458822], [117.183213, 32.383885], [117.2036, 32.288491], [117.207023, 32.212613], [117.242486, 32.088267], [117.26205, 31.9777], [117.280284, 31.953091], [117.290399, 31.903531], [117.307071, 31.890395]]}}, {"type": "Feature", "properties": {"trip_id": 99, "date": "2025-01-25T00:00:00", "train": "G1768", "from": "\u5408\u80a5\u5357", "to": "\u516d\u5b89", "duration": 24, "distance": 87, "fromcity": "\u5408\u80a5", "tocity": "\u516d\u5b89", "line": "", "fromprov": "\u5b89\u5fbd\u7701", "toprov": "\u5b89\u5fbd\u7701", "id": "G1768", "lines": ["\u6caa\u84c9\u7ebf"], "line_source": "osm", "geometry_source": "osm", "distance_ratio": 0.872, "match_confidence": 1.0, "edge_count": 87}, "geometry": {"type": "LineString", "coordinates": [[117.284679, 31.800148], [117.081885, 31.787606], [117.028068, 31.772347], [116.780777, 31.748092], [116.556992, 31.744973], [116.498202, 31.717876]]}}, {"type": "Feature", "properties": {"trip_id": 100, "date": "2025-02-09T00:00:00", "train": "G7162", "from": "\u516d\u5b89", "to": "\u5408\u80a5\u5357", "duration": 29, "distance": 87, "fromcity": "\u516d\u5b89", "tocity": "\u5408\u80a5", "line": "", "fromprov": "\u5b89\u5fbd\u7701", "toprov": "\u5b89\u5fbd\u7701", "id": "G7162", "lines": ["\u6caa\u84c9\u7ebf"], "line_source": "osm", "geometry_source": "osm", "distance_ratio": 0.872, "match_confidence": 1.0, "edge_count": 87}, "geometry": {"type": "LineString", "coordinates": [[116.498202, 31.717876], [116.556992, 31.744973], [116.780777, 31.748092], [117.028068, 31.772347], [117.081885, 31.787606], [117.284679, 31.800148]]}}, {"type": "Feature", "properties": {"trip_id": 101, "date": "2025-02-09T00:00:00", "train": "G1869", "from": "\u5408\u80a5\u5357", "to": "\u829c\u6e56", "duration": 39, "distance": 128, "fromcity": "\u5408\u80a5", "tocity": "\u829c\u6e56", "line": "", "fromprov": "\u5b89\u5fbd\u7701", "toprov": "\u5b89\u5fbd\u7701", "id": "G1869", "lines": ["\u5408\u676d\u9ad8\u901f\u7ebf", "\u5de2\u6e56\u4e1c\u5357\u8054\u7edc\u7ebf"], "line_source": "osm", "geometry_source": "mixed", "distance_ratio": 0.959, "match_confidence": 0.6, "edge_count": 44}, "geometry": {"type": "LineString", "coordinates": [[117.2837219, 31.79944416], [117.4768015, 31.69941376], [117.9190129, 31.6192904], [118.011575, 31.529516], [118.073818, 31.493469], [118.171078, 31.375362], [118.212414, 31.361156], [118.304459, 31.352662], [118.374334, 31.359079], [118.386911, 31.344477]]}}, {"type": "Feature", "properties": {"trip_id": 102, "date": "2025-02-09T00:00:00", "train": "G7158", "from": "\u829c\u6e56", "to": "\u9a6c\u978d\u5c71\u4e1c", "duration": 17, "distance": 43, "fromcity": "\u829c\u6e56", "tocity": "\u9a6c\u978d\u5c71", "line": "", "fromprov": "\u5b89\u5fbd\u7701", "toprov": "\u5b89\u5fbd\u7701", "id": "G7158", "lines": ["\u5b81\u5b89\u5ba2\u4e13\u7ebf"], "line_source": "osm", "geometry_source": "osm", "distance_ratio": 1.008, "match_confidence": 1.0, "edge_count": 37}, "geometry": {"type": "LineString", "coordinates": [[118.387525, 31.346522], [118.376857, 31.362943], [118.413252, 31.428771], [118.476418, 31.48584], [118.5178, 31.536552], [118.517689, 31.614422], [118.537371, 31.689919]]}}, {"type": "Feature", "properties": {"trip_id": 103, "date": "2025-02-10T00:00:00", "train": "G1490", "from": "\u9a6c\u978d\u5c71\u4e1c", "to": "\u5357\u4eac\u5357", "duration": 23, "distance": 42, "fromcity": "\u9a6c\u978d\u5c71", "tocity": "\u5357\u4eac", "line": "", "fromprov": "\u5b89\u5fbd\u7701", "toprov": "\u6c5f\u82cf\u7701", "id": "G1490", "lines": ["\u5b81\u5b89\u5ba2\u4e13\u7ebf"], "line_source": "osm", "geometry_source": "osm", "distance_ratio": 1.008, "match_confidence": 1.0, "edge_count": 25}, "geometry": {"type": "LineString", "coordinates": [[118.536897, 31.692123], [118.526588, 31.746761], [118.552167, 31.790133], [118.60854, 31.846086], [118.636152, 31.859597], [118.759971, 31.953936], [118.793771, 31.969805]]}}, {"type": "Feature", "properties": {"trip_id": 104, "date": "2025-02-10T00:00:00", "train": "C4125", "from": "\u5357\u4eac", "to": "\u4e0a\u6d77\u5357", "duration": 186, "distance": 315, "fromcity": "\u5357\u4eac", "tocity": "\u4e0a\u6d77", "line": "", "fromprov": "\u6c5f\u82cf\u7701", "toprov": "\u4e0a\u6d77\u5e02", "id": "C4125", "lines": ["\u4e03\u5b9d\u6240\u8054\u7edc\u7ebf", "\u4e03\u5b9d\u7ad9\u8054\u7edc\u7ebf", "\u4e0a\u6d77\u5357\u8054\u7edc\u7ebf", "\u4e0a\u6d77\u8679\u6865\u7ad920\u9053", "\u4eac\u6caa\u7ebf", "\u4eac\u6caa\u7ebf (\u6caa\u5b81\u7ebf)", "\u674e\u8398\u8054\u7edc\u7ebf", "\u6caa\u5b81\u57ce\u9645\u7ebf", "\u6caa\u5b81\u57ce\u9645\u8679\u6865\u8054\u7edc\u7ebf", "\u6caa\u6606\u7ebf", "\u6caa\u6625\u7ebf", "\u6caa\u82cf\u6e56\u9ad8\u901f\u7ebf", "\u6caa\u82cf\u901a\u7ebf", "\u8679\u5c01\u7ebf", "\u8679\u6865\u52a8\u8f66\u7ebf", "\u8679\u7efc\u52a8\u8f66A\u7ebf", "\u8679\u9ad8\u52a8\u8f66C\u7ebf", "\u9ec4\u5c01\u8054\u7edc\u7ebf"], "line_source": "osm", "geometry_source": "osm", "distance_ratio": 0.994, "match_confidence": 1.0, "edge_count": 581}, "geometry": {"type": "LineString", "coordinates": [[118.790724, 32.090153], [118.806881, 32.084821], [118.841537, 32.10288], [118.88091, 32.110382], [118.929564, 32.136426], [119.011681, 32.15112], [119.075979, 32.151541], [119.1316, 32.163908], [119.291956, 32.16286], [119.440449, 32.200103], [119.468978, 32.180156], [119.503569, 32.131323], [119.574264, 32.062096], [119.596676, 31.984047], [119.724993, 31.918299], [119.843517, 31.845336], [119.955688, 31.800265], [119.978054, 31.776899], [120.156889, 31.669518], [120.250969, 31.630625], [120.313094, 31.581222], [120.344749, 31.538653], [120.567353, 31.330342], [120.690935, 31.339258], [120.84631, 31.381156], [120.875283, 31.381876], [120.894003, 31.369521], [120.945005, 31.371609], [120.978461, 31.355907], [121.052935, 31.344213], [121.163714, 31.309181], [121.270271, 31.287569], [121.287048, 31.252167], [121.314001, 31.220499], [121.319909, 31.167715], [121.363488, 31.101009], [121.421156, 31.151934]]}}, {"type": "Feature", "properties": {"trip_id": 105, "date": "2025-03-02T00:00:00", "train": "C3055", "from": "\u4e0a\u6d77\u5357", "to": "\u4e0a\u6d77\u677e\u6c5f", "duration": 16, "distance": 28, "fromcity": "\u4e0a\u6d77", "tocity": "\u4e0a\u6d77", "line": "", "fromprov": "\u4e0a\u6d77\u5e02", "toprov": "\u4e0a\u6d77\u5e02", "id": "C3055", "lines": ["\u4e0a\u6d77\u5357\u8054\u7edc\u7ebf", "\u6caa\u6606\u7ebf", "\u6caa\u6625\u7ebf", "\u6caa\u676d\u7ebf", "\u91d1\u5c71\u7ebf"], "line_source": "osm", "geometry_source": "osm", "distance_ratio": 1.109, "match_confidence": 1.0, "edge_count": 116}, "geometry": {"type": "LineString", "coordinates": [[121.421156, 31.151934], [121.355936, 31.084907], [121.295845, 31.046104], [121.24541, 30.996433], [121.199615, 30.984447], [121.220781, 30.987037]]}}, {"type": "Feature", "properties": {"trip_id": 106, "date": "2025-03-02T00:00:00", "train": "K511", "from": "\u4e0a\u6d77\u677e\u6c5f", "to": "\u5609\u5174", "duration": 59, "distance": 54, "fromcity": "\u4e0a\u6d77", "tocity": "\u5609\u5174", "line": "", "fromprov": "\u4e0a\u6d77\u5e02", "toprov": "\u6d59\u6c5f\u7701", "id": "K511", "lines": ["\u6caa\u6606\u7ebf"], "line_source": "osm", "geometry_source": "osm", "distance_ratio": 1.037, "match_confidence": 1.0, "edge_count": 124}, "geometry": {"type": "LineString", "coordinates": [[121.220781, 30.987037], [121.108314, 30.980674], [121.081779, 30.962139], [121.017231, 30.886718], [120.900446, 30.848233], [120.765711, 30.771266]]}}, {"type": "Feature", "properties": {"trip_id": 107, "date": "2025-03-02T00:00:00", "train": "Z282", "from": "\u5609\u5174", "to": "\u4e0a\u6d77\u677e\u6c5f", "duration": 31, "distance": 54, "fromcity": "\u5609\u5174", "tocity": "\u4e0a\u6d77", "line": "", "fromprov": "\u6d59\u6c5f\u7701", "toprov": "\u4e0a\u6d77\u5e02", "id": "Z282", "lines": ["\u6caa\u6606\u7ebf"], "line_source": "osm", "geometry_source": "osm", "distance_ratio": 1.037, "match_confidence": 1.0, "edge_count": 124}, "geometry": {"type": "LineString", "coordinates": [[120.765711, 30.771266], [120.900446, 30.848233], [121.017231, 30.886718], [121.081779, 30.962139], [121.108314, 30.980674], [121.220781, 30.987037]]}}, {"type": "Feature", "properties": {"trip_id": 108, "date": "2025-03-02T00:00:00", "train": "C412", "from": "\u4e0a\u6d77\u677e\u6c5f", "to": "\u4e0a\u6d77\u5357", "duration": 21, "distance": 28, "fromcity": "\u4e0a\u6d77", "tocity": "\u4e0a\u6d77", "line": "", "fromprov": "\u4e0a\u6d77\u5e02", "toprov": "\u4e0a\u6d77\u5e02", "id": "C412", "lines": ["\u4e0a\u6d77\u5357\u8054\u7edc\u7ebf", "\u6caa\u6606\u7ebf", "\u6caa\u6625\u7ebf", "\u6caa\u676d\u7ebf", "\u91d1\u5c71\u7ebf"], "line_source": "osm", "geometry_source": "osm", "distance_ratio": 1.109, "match_confidence": 1.0, "edge_count": 116}, "geometry": {"type": "LineString", "coordinates": [[121.220781, 30.987037], [121.199615, 30.984447], [121.24541, 30.996433], [121.295845, 31.046104], [121.355936, 31.084907], [121.421156, 31.151934]]}}, {"type": "Feature", "properties": {"trip_id": 109, "date": "2025-04-28T00:00:00", "train": "G2976", "from": "\u6606\u660e", "to": "\u5927\u7406", "duration": 131, "distance": 328, "fromcity": "\u6606\u660e", "tocity": "\u5927\u7406", "line": "", "fromprov": "\u4e91\u5357\u7701", "toprov": "\u4e91\u5357\u7701", "id": "G2976", "lines": ["\u5e7f\u6606\u7ebf", "\u695a\u5927\u7ebf", "\u6ec7\u85cf\u7ebf"], "line_source": "osm", "geometry_source": "osm", "distance_ratio": 0.876, "match_confidence": 1.0, "edge_count": 424}, "geometry": {"type": "LineString", "coordinates": [[102.724014, 25.018095], [102.700838, 25.017604], [102.671572, 25.035346], [102.63842, 25.02994], [102.592677, 24.963424], [102.528089, 24.939701], [102.383849, 24.996781], [102.351568, 25.002928], [102.260622, 25.000221], [102.116456, 25.060372], [102.069823, 25.11086], [102.032277, 25.168797], [102.001438, 25.183068], [101.865857, 25.177136], [101.790396, 25.157785], [101.729682, 25.176743], [101.625595, 25.109608], [101.602044, 25.084879], [101.575067, 25.075342], [101.557687, 25.076823], [101.519916, 25.098216], [101.448442, 25.096622], [101.37247, 25.117425], [101.318184, 25.157667], [101.228101, 25.202857], [101.182376, 25.239526], [101.106499, 25.263855], [101.025975, 25.325958], [100.759242, 25.389339], [100.663281, 25.385826], [100.519564, 25.485343], [100.374615, 25.526503], [100.351728, 25.547145], [100.330166, 25.553785], [100.30754, 25.585825], [100.283903, 25.600387], [100.256089, 25.594506]]}}, {"type": "Feature", "properties": {"trip_id": 110, "date": "2025-05-03T00:00:00", "train": "G7162", "from": "\u5408\u80a5\u5357", "to": "\u5357\u4eac\u5357", "duration": 51, "distance": 157, "fromcity": "\u5408\u80a5", "tocity": "\u5357\u4eac", "line": "", "fromprov": "\u5b89\u5fbd\u7701", "toprov": "\u6c5f\u82cf\u7701", "id": "G7162", "lines": ["\u6caa\u84c9\u7ebf"], "line_source": "osm", "geometry_source": "osm", "distance_ratio": 0.994, "match_confidence": 1.0, "edge_count": 154}, "geometry": {"type": "LineString", "coordinates": [[117.284679, 31.800148], [117.351527, 31.809728], [117.412416, 31.806735], [117.457823, 31.854338], [117.738816, 31.964593], [117.818253, 31.975211], [117.95348, 32.007357], [118.029308, 32.00938], [118.103534, 32.03173], [118.307569, 32.067702], [118.419143, 32.069029], [118.597178, 31.985331], [118.685733, 31.924426], [118.726051, 31.928337], [118.788902, 31.968823]]}}, {"type": "Feature", "properties": {"trip_id": 111, "date": "2025-05-03T00:00:00", "train": "G125", "from": "\u5357\u4eac\u5357", "to": "\u4e0a\u6d77\u8679\u6865", "duration": 84, "distance": 295, "fromcity": "\u5357\u4eac", "tocity": "\u4e0a\u6d77", "line": "", "fromprov": "\u6c5f\u82cf\u7701", "toprov": "\u4e0a\u6d77\u5e02", "id": "G125", "lines": ["\u4eac\u6caa\u7ebf", "\u4eac\u6caa\u9ad8\u94c1", "\u5b81\u676d\u9ad8\u901f\u7ebf", "\u6caa\u5b81\u57ce\u9645\u7ebf", "\u6caa\u5b81\u57ce\u9645\u8679\u6865\u8054\u7edc\u7ebf", "\u6caa\u6606\u7ebf", "\u6caa\u82cf\u901a\u7ebf", "\u6caa\u84c9\u7ebf", "\u8679\u5c01\u7ebf", "\u8679\u6865\u52a8\u8f66\u7ebf", "\u8679\u7efc\u52a8\u8f66A\u7ebf", "\u8679\u9ad8\u52a8\u8f66C\u7ebf", "\u9ec4\u5c01\u8054\u7edc\u7ebf"], "line_source": "osm", "geometry_source": "mixed", "distance_ratio": 0.964, "match_confidence": 0.778, "edge_count": 300}, "geometry": {"type": "LineString", "coordinates": [[118.793222, 31.970675], [118.89586, 32.016188], [118.945339, 32.058827], [118.98671, 32.080188], [119.149911, 32.124184], [119.219923, 32.15961], [119.359329, 32.172219], [119.514141, 32.13048], [119.545788, 32.115015], [119.69101, 31.997337], [119.892068, 31.878623], [120.054262, 31.818117], [120.148117, 31.797429], [120.234443, 31.727722], [120.368512, 31.68224], [120.488591, 31.570909], [120.54992, 31.474964], [120.6385784, 31.42279504], [120.880032, 31.381326], [120.9461266, 31.35396224], [121.26657, 31.289334], [121.313814, 31.220902], [121.315261, 31.196045]]}}, {"type": "Feature", "properties": {"trip_id": 112, "date": "2025-05-26T00:00:00", "train": "G8301", "from": "\u4e0a\u6d77\u8679\u6865", "to": "\u4e0a\u6d77\u677e\u6c5f", "duration": 16, "distance": 31, "fromcity": "\u4e0a\u6d77", "tocity": "\u4e0a\u6d77", "line": "", "fromprov": "\u4e0a\u6d77\u5e02", "toprov": "\u4e0a\u6d77\u5e02", "id": "G8301", "lines": ["\u4e0a\u6d77\u8679\u6865\u7ad920\u9053", "\u6caa\u6606\u7ebf", "\u6caa\u676d\u7ebf", "\u91d1\u5c71\u7ebf"], "line_source": "osm", "geometry_source": "osm", "distance_ratio": 1.119, "match_confidence": 1.0, "edge_count": 102}, "geometry": {"type": "LineString", "coordinates": [[121.315826, 31.193718], [121.319513, 31.168564], [121.356799, 31.112885], [121.361, 31.090721], [121.295845, 31.046104], [121.244186, 30.995554], [121.199615, 30.984447], [121.220781, 30.987037]]}}, {"type": "Feature", "properties": {"trip_id": 113, "date": "2025-05-26T00:00:00", "train": "G3092", "from": "\u4e0a\u6d77\u677e\u6c5f", "to": "\u4e0a\u6d77\u8679\u6865", "duration": 18, "distance": 31, "fromcity": "\u4e0a\u6d77", "tocity": "\u4e0a\u6d77", "line": "", "fromprov": "\u4e0a\u6d77\u5e02", "toprov": "\u4e0a\u6d77\u5e02", "id": "G3092", "lines": ["\u4e0a\u6d77\u8679\u6865\u7ad920\u9053", "\u6caa\u6606\u7ebf", "\u6caa\u676d\u7ebf", "\u91d1\u5c71\u7ebf"], "line_source": "osm", "geometry_source": "osm", "distance_ratio": 1.119, "match_confidence": 1.0, "edge_count": 102}, "geometry": {"type": "LineString", "coordinates": [[121.220781, 30.987037], [121.199615, 30.984447], [121.244186, 30.995554], [121.295845, 31.046104], [121.361, 31.090721], [121.356799, 31.112885], [121.319513, 31.168564], [121.315826, 31.193718]]}}, {"type": "Feature", "properties": {"trip_id": 114, "date": "2025-05-29T00:00:00", "train": "G5639", "from": "\u6df1\u5733\u5317", "to": "\u9999\u6e2f\u897f\u4e5d\u9f99", "duration": 19, "distance": 39, "fromcity": "\u6df1\u5733", "tocity": "\u9999\u6e2f", "line": "", "fromprov": "\u5e7f\u4e1c\u7701", "toprov": "\u9999\u6e2f\u7279\u522b\u884c\u653f\u533a", "id": "G5639", "lines": ["\u5e7f\u6df1\u6e2f\u9ad8\u901f\u7ebf", "\u5ee3\u6df1\u6e2f\u9ad8\u901f\u9435\u8def\u9999\u6e2f\u6bb5", "\u676d\u6df1\u6df1\u5317\u8054\u7edc\u7ebf"], "line_source": "osm", "geometry_source": "osm", "distance_ratio": 0.967, "match_confidence": 1.0, "edge_count": 23}, "geometry": {"type": "LineString", "coordinates": [[114.026968, 22.608423], [114.048432, 22.585081], [114.050933, 22.51467], [114.06321, 22.47718], [114.126897, 22.392789], [114.143069, 22.338217], [114.161199, 22.32122], [114.164439, 22.307687]]}}, {"type": "Feature", "properties": {"trip_id": 115, "date": "2025-05-30T00:00:00", "train": "G6506", "from": "\u9999\u6e2f\u897f\u4e5d\u9f99", "to": "\u6df1\u5733\u5317", "duration": 25, "distance": 39, "fromcity": "\u9999\u6e2f", "tocity": "\u6df1\u5733", "line": "", "fromprov": "\u9999\u6e2f\u7279\u522b\u884c\u653f\u533a", "toprov": "\u5e7f\u4e1c\u7701", "id": "G6506", "lines": ["\u5e7f\u6df1\u6e2f\u9ad8\u901f\u7ebf", "\u5ee3\u6df1\u6e2f\u9ad8\u901f\u9435\u8def\u9999\u6e2f\u6bb5", "\u676d\u6df1\u6df1\u5317\u8054\u7edc\u7ebf"], "line_source": "osm", "geometry_source": "osm", "distance_ratio": 0.967, "match_confidence": 1.0, "edge_count": 23}, "geometry": {"type": "LineString", "coordinates": [[114.164439, 22.307687], [114.161199, 22.32122], [114.143069, 22.338217], [114.126897, 22.392789], [114.06321, 22.47718], [114.050933, 22.51467], [114.048432, 22.585081], [114.026968, 22.608423]]}}, {"type": "Feature", "properties": {"trip_id": 116, "date": "2025-06-30T00:00:00", "train": "G8301", "from": "\u4e0a\u6d77\u8679\u6865", "to": "\u4e0a\u6d77\u677e\u6c5f", "duration": 16, "distance": 31, "fromcity": "\u4e0a\u6d77", "tocity": "\u4e0a\u6d77", "line": "", "fromprov": "\u4e0a\u6d77\u5e02", "toprov": "\u4e0a\u6d77\u5e02", "id": "G8301", "lines": ["\u4e0a\u6d77\u8679\u6865\u7ad920\u9053", "\u6caa\u6606\u7ebf", "\u6caa\u676d\u7ebf", "\u91d1\u5c71\u7ebf"], "line_source": "osm", "geometry_source": "osm", "distance_ratio": 1.119, "match_confidence": 1.0, "edge_count": 102}, "geometry": {"type": "LineString", "coordinates": [[121.315826, 31.193718], [121.319513, 31.168564], [121.356799, 31.112885], [121.361, 31.090721], [121.295845, 31.046104], [121.244186, 30.995554], [121.199615, 30.984447], [121.220781, 30.987037]]}}, {"type": "Feature", "properties": {"trip_id": 117, "date": "2025-06-30T00:00:00", "train": "D12", "from": "\u4e0a\u6d77\u677e\u6c5f", "to": "\u5fb7\u5dde", "duration": 562, "distance": 1109, "fromcity": "\u4e0a\u6d77", "tocity": "\u5fb7\u5dde", "line": "", "fromprov": "\u4e0a\u6d77\u5e02", "toprov": "\u5c71\u4e1c\u7701", "id": "D12", "lines": ["\u4e0a\u6d77\u8679\u6865\u7ad911\u9053", "\u4eac\u6caa\u4e09\u7ebf", "\u4eac\u6caa\u7ebf", "\u4eac\u6caa\u7ebf (\u6caa\u5b81\u7ebf)", "\u5357\u4eac\u5ba2\u7ebf", "\u5939\u5317\u7ebf", "\u5f90\u5dde\u5c0f\u8fd0\u8f6c\u7ebf", "\u6797\u9ad8\u8054\u7edc\u7ebf", "\u6caa\u5b81\u57ce\u9645\u7ebf", "\u6caa\u6606\u7ebf", "\u6caa\u676d\u7ebf", "\u6caa\u82cf\u901a\u7ebf", "\u80f6\u6d4e\u7ebf", "\u8679\u5c01\u7ebf", "\u8679\u6865\u52a8\u8f66\u7ebf", "\u8679\u9ad8\u52a8\u8f66C\u7ebf", "\u90af\u6d4e\u7ebf", "\u91d1\u5c71\u7ebf", "\u9647\u6d77\u7ebf", "\u9ec4\u5c01\u8054\u7edc\u7ebf"], "line_source": "osm", "geometry_source": "osm", "distance_ratio": 1.002, "match_confidence": 1.0, "edge_count": 1614}, "geometry": {"type": "LineString", "coordinates": [[121.220781, 30.987037], [121.199615, 30.984447], [121.244186, 30.995554], [121.295845, 31.046104], [121.35236, 31.081211], [121.36227, 31.094859], [121.319265, 31.169174], [121.314546, 31.220181], [121.287048, 31.252167], [121.269316, 31.288123], [121.163714, 31.309181], [121.052935, 31.344213], [120.978461, 31.355907], [120.945274, 31.371551], [120.892173, 31.369807], [120.872518, 31.382275], [120.839998, 31.380104], [120.690935, 31.339258], [120.567743, 31.330143], [120.344749, 31.538653], [120.313094, 31.581222], [120.250969, 31.630625], [120.156889, 31.669518], [119.978054, 31.776899], [119.955688, 31.800265], [119.843517, 31.845336], [119.724993, 31.918299], [119.596676, 31.984047], [119.574264, 32.062096], [119.503569, 32.131323], [119.468152, 32.181005], [119.439663, 32.200361], [119.294697, 32.163177], [119.128237, 32.163713], [119.077119, 32.151686], [119.017459, 32.151878], [118.933472, 32.137412], [118.805347, 32.084556], [118.701541, 32.134277], [118.672854, 32.1628], [118.638774, 32.162038], [118.561518, 32.138708], [118.528404, 32.172933], [118.420721, 32.213979], [118.358928, 32.26418], [118.311846, 32.324034], [118.294511, 32.333011], [118.264143, 32.415358], [118.235293, 32.437119], [118.204904, 32.519836], [118.14885, 32.574701], [118.117288, 32.580158], [118.083743, 32.60154], [118.068348, 32.687608], [117.974721, 32.782325], [117.89396, 32.825983], [117.865531, 32.831144], [117.794312, 32.865281], [117.751802, 32.869004], [117.665925, 32.906048], [117.425684, 32.932716], [117.364424, 32.946255], [117.349971, 32.959078], [117.364517, 33.010963], [117.362809, 33.126337], [117.322907, 33.280441], [117.310195, 33.306155], [117.244198, 33.387005], [117.151803, 33.460461], [116.993014, 33.629476], [116.975416, 33.724175], [117.006838, 33.852168], [117.099253, 33.939433], [117.11819, 34.020826], [117.199983, 34.212908], [117.201406, 34.276011], [117.257676, 34.378705], [117.292053, 34.414756], [117.300541, 34.44311], [117.323754, 34.466972], [117.321918, 34.496015], [117.335561, 34.550583], [117.376643, 34.602258], [117.3288, 34.646662], [117.307649, 34.68641], [117.280928, 34.711005], [117.256181, 34.758201], [117.251856, 34.78807], [117.234002, 34.809815], [117.180551, 34.96564], [117.174425, 35.007143], [117.155218, 35.039559], [117.145269, 35.090549], [117.099241, 35.15309], [117.092089, 35.176536], [117.061282, 35.211822], [117.041751, 35.255158], [117.008171, 35.282609], [117.001364, 35.304525], [116.980115, 35.327467], [116.959403, 35.393386], [116.896752, 35.464674], [116.83125, 35.569678], [116.844023, 35.629593], [116.896516, 35.649123], [117.051848, 35.744677], [117.070093, 35.790397], [117.069537, 35.817687], [117.10278, 35.882168], [117.088865, 35.949226], [117.146994, 36.063211], [117.139074, 36.100439], [117.106997, 36.149274], [117.114405, 36.180651], [117.085825, 36.193677], [117.064862, 36.189672], [116.991625, 36.240522], [116.922252, 36.34335], [116.911638, 36.445389], [116.883333, 36.48274], [116.849382, 36.498063], [116.842848, 36.518248], [116.850927, 36.55666], [116.88947, 36.569227], [116.9168, 36.608124], [116.931422, 36.61543], [116.944561, 36.653657], [116.996274, 36.675249], [117.003693, 36.740894], [116.955026, 36.770612], [116.754595, 36.80206], [116.669236, 36.849413], [116.569, 37.007402], [116.556479, 37.05077], [116.429677, 37.176097], [116.372431, 37.285146], [116.34435, 37.314819], [116.28217, 37.444812]]}}, {"type": "Feature", "properties": {"trip_id": 118, "date": "2025-07-01T00:00:00", "train": "D1618", "from": "\u5fb7\u5dde\u4e1c", "to": "\u592a\u539f", "duration": 177, "distance": 429, "fromcity": "\u5fb7\u5dde", "tocity": "\u592a\u539f", "line": "", "fromprov": "\u5c71\u4e1c\u7701", "toprov": "\u5c71\u897f\u7701", "id": "D1618", "lines": ["\u4eac\u5e7f\u77f3\u592a\u9ad8\u901f\u8054\u7edc\u7ebf", "\u5927\u897f\u9ad8\u901f\u7ebf", "\u77f3\u592a\u5ba2\u4e13\u7ebf", "\u77f3\u592a\u7ebf", "\u77f3\u6d4e\u5ba2\u4e13\u7ebf"], "line_source": "osm", "geometry_source": "osm", "distance_ratio": 0.963, "match_confidence": 1.0, "edge_count": 418}, "geometry": {"type": "LineString", "coordinates": [[116.457171, 37.40593], [116.454037, 37.437955], [116.462118, 37.47712], [116.45665, 37.501166], [116.436969, 37.526358], [116.375728, 37.571716], [116.085472, 37.659775], [116.024348, 37.687359], [115.924087, 37.711376], [115.770785, 37.770806], [115.497916, 37.780978], [115.223912, 37.875961], [114.823541, 37.991366], [114.760625, 38.02637], [114.555894, 38.063659], [114.492734, 38.067364], [114.469576, 37.970381], [114.452758, 37.962693], [114.404792, 37.981418], [114.327494, 37.99745], [114.257766, 38.047998], [114.177646, 38.073308], [114.083651, 38.142218], [114.049683, 38.151471], [113.786017, 38.147002], [113.353337, 38.111255], [113.325298, 38.099945], [113.270478, 38.053612], [113.152661, 38.025], [113.066057, 38.025965], [112.997666, 38.048048], [112.884819, 38.029418], [112.797538, 38.037372], [112.685153, 37.998453], [112.619738, 37.994214], [112.573872, 37.973898], [112.559359, 37.956882], [112.56045, 37.913536], [112.579987, 37.89333], [112.560042, 37.914506], [112.559419, 37.925648], [112.560804, 37.912179], [112.579864, 37.895278], [112.58227, 37.860038]]}}, {"type": "Feature", "properties": {"trip_id": 119, "date": "2025-07-08T00:00:00", "train": "G606", "from": "\u592a\u539f\u5357", "to": "\u592a\u539f", "duration": 10, "distance": 8, "fromcity": "\u592a\u539f", "tocity": "\u592a\u539f", "line": "", "fromprov": "\u5c71\u897f\u7701", "toprov": "\u5c71\u897f\u7701", "id": "G606", "lines": ["1\u9053", "\u5927\u897f\u9ad8\u901f\u7ebf", "\u77f3\u592a\u5ba2\u4e13\u7ebf", "\u90d1\u592a\u5ba2\u4e13\u7ebf"], "line_source": "osm", "geometry_source": "osm", "distance_ratio": 1.02, "match_confidence": 1.0, "edge_count": 33}, "geometry": {"type": "LineString", "coordinates": [[112.605768, 37.789003], [112.585667, 37.812528], [112.581809, 37.85671]]}}, {"type": "Feature", "properties": {"trip_id": 120, "date": "2025-07-08T00:00:00", "train": "4616", "from": "\u592a\u539f", "to": "\u9633\u66f2", "duration": 35, "distance": 29, "fromcity": "\u592a\u539f", "tocity": "\u592a\u539f", "line": "", "fromprov": "\u5c71\u897f\u7701", "toprov": "\u5c71\u897f\u7701", "id": "4616", "lines": ["\u5317\u540c\u84b2\u7ebf", "\u5927\u897f\u9ad8\u901f\u7ebf", "\u592a\u5317\u2160-\u2165\u573a\u8054\u7edc\u7ebf", "\u77f3\u592a\u5ba2\u4e13\u7ebf", "\u77f3\u592a\u7ebf"], "line_source": "osm", "geometry_source": "osm", "distance_ratio": 0.956, "match_confidence": 1.0, "edge_count": 77}, "geometry": {"type": "LineString", "coordinates": [[112.58227, 37.860038], [112.579637, 37.895831], [112.560193, 37.913585], [112.557128, 37.962714], [112.595657, 37.989629], [112.61515, 38.01809], [112.644679, 38.02681], [112.670651, 38.054062]]}}, {"type": "Feature", "properties": {"trip_id": 121, "date": "2025-07-08T00:00:00", "train": "4635", "from": "\u9633\u66f2", "to": "\u592a\u539f", "duration": 58, "distance": 29, "fromcity": "\u592a\u539f", "tocity": "\u592a\u539f", "line": "", "fromprov": "\u5c71\u897f\u7701", "toprov": "\u5c71\u897f\u7701", "id": "4635", "lines": ["\u5317\u540c\u84b2\u7ebf", "\u5927\u897f\u9ad8\u901f\u7ebf", "\u592a\u5317\u2160-\u2165\u573a\u8054\u7edc\u7ebf", "\u77f3\u592a\u5ba2\u4e13\u7ebf", "\u77f3\u592a\u7ebf"], "line_source": "osm", "geometry_source": "osm", "distance_ratio": 0.956, "match_confidence": 1.0, "edge_count": 77}, "geometry": {"type": "LineString", "coordinates": [[112.670651, 38.054062], [112.644679, 38.02681], [112.61515, 38.01809], [112.595657, 37.989629], [112.557128, 37.962714], [112.560193, 37.913585], [112.579637, 37.895831], [112.58227, 37.860038]]}}, {"type": "Feature", "properties": {"trip_id": 122, "date": "2025-07-17T00:00:00", "train": "G610", "from": "\u592a\u539f\u5357", "to": "\u5317\u4eac\u4e30\u53f0", "duration": 185, "distance": 506, "fromcity": "\u592a\u539f", "tocity": "\u5317\u4eac", "line": "", "fromprov": "\u5c71\u897f\u7701", "toprov": "\u5317\u4eac\u5e02", "id": "G610", "lines": ["1\u9053", "\u4e30\u53f0\u52a8\u8f66\u8d70\u884cA\u7ebf", "\u4eac\u5e7f\u77f3\u592a\u9ad8\u901f\u8054\u7edc\u7ebf", "\u4eac\u5e7f\u7ebf", "\u4eac\u6e2f\u9ad8\u901f\u7ebf", "\u5927\u897f\u9ad8\u901f\u7ebf", "\u77f3\u592a\u5ba2\u4e13\u7ebf", "\u77f3\u592a\u7ebf", "\u90d1\u592a\u5ba2\u4e13\u7ebf"], "line_source": "osm", "geometry_source": "osm", "distance_ratio": 0.967, "match_confidence": 1.0, "edge_count": 408}, "geometry": {"type": "LineString", "coordinates": [[112.605768, 37.789003], [112.585161, 37.814231], [112.579864, 37.895278], [112.560042, 37.914506], [112.559419, 37.925648], [112.560804, 37.912179], [112.579987, 37.89333], [112.560626, 37.91284], [112.559128, 37.95564], [112.590824, 37.983854], [112.631056, 37.996529], [112.685153, 37.998453], [112.809539, 38.038856], [112.881182, 38.029226], [112.997666, 38.048048], [113.066057, 38.025965], [113.159436, 38.025865], [113.270478, 38.053612], [113.33151, 38.103906], [113.373783, 38.113359], [113.786017, 38.147002], [114.055812, 38.150721], [114.083651, 38.142218], [114.176164, 38.07406], [114.257766, 38.047998], [114.328719, 37.996881], [114.463112, 37.96372], [114.504867, 38.101611], [114.50975, 38.140293], [114.547818, 38.194378], [114.608751, 38.231481], [114.746441, 38.266646], [114.865819, 38.387383], [114.985261, 38.445142], [115.176426, 38.577887], [115.486294, 38.738129], [115.539642, 38.786671], [115.63133, 38.910935], [115.803058, 39.099868], [115.861397, 39.195909], [115.95019, 39.298981], [116.058902, 39.476689], [116.093541, 39.551173], [116.191858, 39.681702], [116.199872, 39.70714], [116.193694, 39.760057], [116.20823, 39.850041], [116.220268, 39.855613], [116.267181, 39.844582], [116.290348, 39.847932]]}}, {"type": "Feature", "properties": {"trip_id": 123, "date": "2025-07-18T00:00:00", "train": "D269", "from": "\u5317\u4eac\u4e30\u53f0", "to": "\u592a\u539f\u5357", "duration": 311, "distance": 515, "fromcity": "\u5317\u4eac", "tocity": "\u592a\u539f", "line": "", "fromprov": "\u5317\u4eac\u5e02", "toprov": "\u5c71\u897f\u7701", "id": "D269", "lines": ["1\u9053", "\u4eac\u5e7f\u77f3\u592a\u9ad8\u901f\u8054\u7edc\u7ebf", "\u4eac\u5e7f\u7ebf", "\u4eac\u6caa\u7ebf", "\u5927\u897f\u9ad8\u901f\u7ebf", "\u6c38\u4e30\u7ebf", "\u77f3\u592a\u5ba2\u4e13\u7ebf", "\u77f3\u592a\u7ebf", "\u90d1\u592a\u5ba2\u4e13\u7ebf"], "line_source": "osm", "geometry_source": "osm", "distance_ratio": 0.945, "match_confidence": 1.0, "edge_count": 819}, "geometry": {"type": "LineString", "coordinates": [[116.290289, 39.848127], [116.201355, 39.848985], [116.202246, 39.831101], [116.184826, 39.783846], [116.0231, 39.582945], [115.992756, 39.499103], [115.881383, 39.358284], [115.78345, 39.257122], [115.63096, 39.020151], [115.533713, 38.914386], [115.46075, 38.848475], [115.261533, 38.776379], [115.04891, 38.63708], [115.018848, 38.61161], [114.992776, 38.53903], [114.911874, 38.501014], [114.857003, 38.460835], [114.815398, 38.411456], [114.783885, 38.402105], [114.757425, 38.378304], [114.699608, 38.355559], [114.663613, 38.315293], [114.622563, 38.226141], [114.554939, 38.171423], [114.539837, 38.135393], [114.503858, 38.099826], [114.463112, 37.96372], [114.328719, 37.996881], [114.257766, 38.047998], [114.176164, 38.07406], [114.083651, 38.142218], [114.055812, 38.150721], [113.786017, 38.147002], [113.373783, 38.113359], [113.33151, 38.103906], [113.270478, 38.053612], [113.159436, 38.025865], [113.066057, 38.025965], [112.997666, 38.048048], [112.881182, 38.029226], [112.809539, 38.038856], [112.685153, 37.998453], [112.631056, 37.996529], [112.590824, 37.983854], [112.559128, 37.95564], [112.560626, 37.91284], [112.579987, 37.89333], [112.560042, 37.914506], [112.559419, 37.925648], [112.560804, 37.912179], [112.579864, 37.895278], [112.585161, 37.814231], [112.605768, 37.789003]]}}, {"type": "Feature", "properties": {"trip_id": 124, "date": "2025-07-21T00:00:00", "train": "4621", "from": "\u592a\u539f", "to": "\u53e4\u4ea4", "duration": 81, "distance": 56, "fromcity": "\u592a\u539f", "tocity": "\u592a\u539f", "line": "", "fromprov": "\u5c71\u897f\u7701", "toprov": "\u5c71\u897f\u7701", "id": "4621", "lines": ["\u5927\u897f\u9ad8\u901f\u7ebf", "\u592a\u5174\u7ebf", "\u592a\u539f\u897f\u5357\u73af\u7ebf", "\u592a\u94a2\u4e13\u7528\u7ebf", "\u77f3\u592a\u5ba2\u4e13\u7ebf", "\u77f3\u592a\u7ebf"], "line_source": "osm", "geometry_source": "osm", "distance_ratio": 0.996, "match_confidence": 1.0, "edge_count": 138}, "geometry": {"type": "LineString", "coordinates": [[112.58227, 37.860038], [112.579864, 37.895278], [112.560804, 37.912179], [112.559419, 37.925648], [112.548565, 37.925753], [112.54891, 37.945181], [112.473073, 37.945235], [112.424633, 38.004042], [112.341986, 37.97495], [112.278552, 37.931873], [112.192943, 37.911059], [112.162099, 37.91637]]}}, {"type": "Feature", "properties": {"trip_id": 125, "date": "2025-07-27T00:00:00", "train": "D1628", "from": "\u592a\u539f", "to": "\u77f3\u5bb6\u5e84", "duration": 85, "distance": 224, "fromcity": "\u592a\u539f", "tocity": "\u77f3\u5bb6\u5e84", "line": "", "fromprov": "\u5c71\u897f\u7701", "toprov": "\u6cb3\u5317\u7701", "id": "D1628", "lines": ["\u4eac\u5e7f\u77f3\u592a\u9ad8\u901f\u8054\u7edc\u7ebf", "\u5927\u897f\u9ad8\u901f\u7ebf", "\u77f3\u592a\u5ba2\u4e13\u7ebf", "\u77f3\u592a\u7ebf"], "line_source": "osm", "geometry_source": "osm", "distance_ratio": 0.924, "match_confidence": 1.0, "edge_count": 307}, "geometry": {"type": "LineString", "coordinates": [[112.58227, 37.860038], [112.579864, 37.895278], [112.560042, 37.914506], [112.559419, 37.925648], [112.560804, 37.912179], [112.579987, 37.89333], [112.56045, 37.913536], [112.559359, 37.956882], [112.572897, 37.973093], [112.619738, 37.994214], [112.685153, 37.998453], [112.79559, 38.036966], [112.884819, 38.029418], [112.997666, 38.048048], [113.066057, 38.025965], [113.154846, 38.025232], [113.270478, 38.053612], [113.325298, 38.099945], [113.350382, 38.110773], [113.786017, 38.147002], [114.063057, 38.149519], [114.083651, 38.142218], [114.17338, 38.075587], [114.25427, 38.049857], [114.333373, 37.995037], [114.404101, 37.981601], [114.45729, 37.962369], [114.469269, 37.969602], [114.477007, 38.005951]]}}, {"type": "Feature", "properties": {"trip_id": 126, "date": "2025-07-27T00:00:00", "train": "C20", "from": "\u77f3\u5bb6\u5e84", "to": "\u5317\u4eac\u897f", "duration": 157, "distance": 281, "fromcity": "\u77f3\u5bb6\u5e84", "tocity": "\u5317\u4eac", "line": "", "fromprov": "\u6cb3\u5317\u7701", "toprov": "\u5317\u4eac\u5e02", "id": "C20", "lines": ["\u4eac\u5e7f\u7ebf", "\u897f\u957f\u7ebf"], "line_source": "osm", "geometry_source": "osm", "distance_ratio": 1.0, "match_confidence": 1.0, "edge_count": 485}, "geometry": {"type": "LineString", "coordinates": [[114.475992, 38.005858], [114.504079, 38.100175], [114.539837, 38.135393], [114.554939, 38.171423], [114.622563, 38.226141], [114.663613, 38.315293], [114.699608, 38.355559], [114.757425, 38.378304], [114.783885, 38.402105], [114.815398, 38.411456], [114.857003, 38.460835], [114.911874, 38.501014], [114.992776, 38.53903], [115.018848, 38.61161], [115.04891, 38.63708], [115.261533, 38.776379], [115.46075, 38.848475], [115.533713, 38.914386], [115.63096, 39.020151], [115.78345, 39.257122], [115.880238, 39.356996], [115.952191, 39.444538], [115.994127, 39.501461], [116.0231, 39.582945], [116.137593, 39.717326], [116.184321, 39.783549], [116.188038, 39.796957], [116.164251, 39.815376], [116.172979, 39.858197], [116.165816, 39.870145], [116.16982, 39.881344], [116.21794, 39.894831], [116.310886, 39.893272]]}}, {"type": "Feature", "properties": {"trip_id": 127, "date": "2025-07-27T00:00:00", "train": "S109", "from": "\u5317\u4eac\u897f", "to": "\u5317\u4eac\u4e1c", "duration": 25, "distance": 14, "fromcity": "\u5317\u4eac", "tocity": "\u5317\u4eac", "line": "", "fromprov": "\u5317\u4eac\u5e02", "toprov": "\u5317\u4eac\u5e02", "id": "S109", "lines": ["\u4eac\u54c8\u7ebf", "\u4eac\u6caa\u7ebf", "\u4eac\u96c4\u57ce\u9645\u7ebf", "\u5317\u4eac\u76f4\u901a\u7ebf"], "line_source": "osm", "geometry_source": "osm", "distance_ratio": 0.97, "match_confidence": 1.0, "edge_count": 27}, "geometry": {"type": "LineString", "coordinates": [[116.315092, 39.892861], [116.472146, 39.900675]]}}, {"type": "Feature", "properties": {"trip_id": 128, "date": "2025-07-28T00:00:00", "train": "G4159", "from": "\u5317\u4eac\u5317", "to": "\u5927\u540c\u5357", "duration": 113, "distance": 338, "fromcity": "\u5317\u4eac", "tocity": "\u5927\u540c", "line": "", "fromprov": "\u5317\u4eac\u5e02", "toprov": "\u5c71\u897f\u7701", "id": "G4159", "lines": ["\u4e1c\u5317\u73af\u7ebf", "\u4eac\u5305\u5ba2\u4e13\u7ebf", "\u4eac\u5305\u7ebf", "\u5f20\u5927\u5ba2\u4e13\u7ebf", "\u6e05\u6cb3\u52a8\u8f66\u8d70\u884c\u7ebf"], "line_source": "osm", "geometry_source": "osm", "distance_ratio": 0.994, "match_confidence": 1.0, "edge_count": 362}, "geometry": {"type": "LineString", "coordinates": [[116.346189, 39.947347], [116.33079, 40.007161], [116.245747, 40.142752], [116.170863, 40.20413], [116.126537, 40.258846], [116.058669, 40.323538], [116.009648, 40.357496], [115.959147, 40.363587], [115.912253, 40.379263], [115.856709, 40.376413], [115.767778, 40.331745], [115.728523, 40.326788], [115.669129, 40.348329], [115.586185, 40.365532], [115.489692, 40.403409], [115.390086, 40.425265], [115.360025, 40.440888], [115.305296, 40.495151], [115.165951, 40.602144], [115.123152, 40.618688], [115.012205, 40.636985], [114.909749, 40.739548], [114.830231, 40.758801], [114.775612, 40.747163], [114.741205, 40.711277], [114.715084, 40.696466], [114.628995, 40.687327], [114.587786, 40.674687], [114.492187, 40.669171], [114.435912, 40.681865], [114.362358, 40.686767], [114.326512, 40.67844], [114.284322, 40.655196], [114.17474, 40.551712], [114.137685, 40.52636], [114.083712, 40.460862], [113.965762, 40.414276], [113.894238, 40.367188], [113.822756, 40.340201], [113.767773, 40.288585], [113.61992, 40.189585], [113.599421, 40.138575], [113.553344, 40.100633], [113.51353, 40.040846], [113.475494, 40.030482], [113.428157, 40.042634], [113.363209, 40.04334]]}}, {"type": "Feature", "properties": {"trip_id": 129, "date": "2025-07-28T00:00:00", "train": "C934", "from": "\u5415\u6881", "to": "\u592a\u539f\u5357", "duration": 96, "distance": 173, "fromcity": "\u5415\u6881", "tocity": "\u592a\u539f", "line": "", "fromprov": "\u5c71\u897f\u7701", "toprov": "\u5c71\u897f\u7701", "id": "C934", "lines": ["\u592a\u4e2d\u7ebf", "\u592a\u4e2d\u94f6\u94c1\u8def", "\u592a\u539f\u897f\u5357\u73af\u7ebf", "\u77f3\u592a\u5ba2\u4e13\u7ebf", "\u8d27\u8054\u7ebf", "\u90d1\u592a\u5ba2\u4e13\u7ebf"], "line_source": "osm", "geometry_source": "osm", "distance_ratio": 1.01, "match_confidence": 1.0, "edge_count": 280}, "geometry": {"type": "LineString", "coordinates": [[111.129962, 37.56325], [111.146205, 37.595243], [111.169557, 37.60322], [111.193178, 37.599632], [111.214012, 37.583188], [111.231495, 37.544787], [111.283819, 37.488077], [111.37772, 37.455927], [111.426099, 37.448273], [111.458745, 37.426443], [111.657604, 37.343731], [111.74862, 37.362683], [111.797898, 37.356654], [111.89392, 37.369582], [111.957115, 37.380653], [112.038164, 37.4133], [112.081325, 37.447091], [112.111552, 37.485616], [112.163697, 37.51043], [112.265358, 37.553916], [112.38031, 37.566352], [112.422201, 37.58948], [112.46994, 37.630842], [112.514845, 37.650407], [112.587421, 37.660275], [112.663816, 37.702164], [112.669815, 37.74663], [112.605768, 37.789003]]}}, {"type": "Feature", "properties": {"trip_id": 130, "date": "2025-07-28T00:00:00", "train": "D1649", "from": "\u592a\u539f\u5357", "to": "\u664b\u4e2d", "duration": 11, "distance": 15, "fromcity": "\u592a\u539f", "tocity": "\u664b\u4e2d", "line": "", "fromprov": "\u5c71\u897f\u7701", "toprov": "\u5c71\u897f\u7701", "id": "D1649", "lines": ["\u592a\u4e2d\u7ebf", "\u77f3\u592a\u5ba2\u4e13\u7ebf", "\u8d27\u8054\u7ebf", "\u90d1\u592a\u5ba2\u4e13\u7ebf"], "line_source": "osm", "geometry_source": "osm", "distance_ratio": 1.046, "match_confidence": 1.0, "edge_count": 23}, "geometry": {"type": "LineString", "coordinates": [[112.605768, 37.789003], [112.672557, 37.741441], [112.667839, 37.706378], [112.634915, 37.685878]]}}, {"type": "Feature", "properties": {"trip_id": 131, "date": "2025-07-28T00:00:00", "train": "8172", "from": "\u6986\u6b21", "to": "\u592a\u539f", "duration": 25, "distance": 16, "fromcity": "\u664b\u4e2d", "tocity": "\u592a\u539f", "line": "", "fromprov": "\u5c71\u897f\u7701", "toprov": "\u5c71\u897f\u7701", "id": "8172", "lines": ["\u592a\u539f\u5357\u7acb\u6298\u7ebf", "\u77f3\u592a\u7ebf", "\u90d1\u592a\u5ba2\u4e13\u7ebf"], "line_source": "osm", "geometry_source": "osm", "distance_ratio": 0.909, "match_confidence": 1.0, "edge_count": 34}, "geometry": {"type": "LineString", "coordinates": [[112.722248, 37.697812], [112.682652, 37.738793], [112.605768, 37.789003]]}}, {"type": "Feature", "properties": {"trip_id": 132, "date": "2025-08-05T00:00:00", "train": "4622", "from": "\u6c7e\u6cb3", "to": "\u592a\u539f", "duration": 24, "distance": 12, "fromcity": "\u592a\u539f", "tocity": "\u592a\u539f", "line": "", "fromprov": "\u5c71\u897f\u7701", "toprov": "\u5c71\u897f\u7701", "id": "4622", "lines": ["\u5927\u897f\u9ad8\u901f\u7ebf", "\u592a\u94a2\u4e13\u7528\u7ebf", "\u77f3\u592a\u5ba2\u4e13\u7ebf", "\u77f3\u592a\u7ebf"], "line_source": "osm", "geometry_source": "osm", "distance_ratio": 1.171, "match_confidence": 1.0, "edge_count": 59}, "geometry": {"type": "LineString", "coordinates": [[112.5342, 37.946858], [112.54891, 37.945181], [112.548565, 37.925753], [112.559419, 37.925648], [112.561009, 37.91189], [112.576564, 37.901776], [112.58227, 37.860038]]}}, {"type": "Feature", "properties": {"trip_id": 133, "date": "2025-08-14T00:00:00", "train": "D5223", "from": "\u5929\u6cb3\u673a\u573a", "to": "\u4e91\u68a6\u4e1c", "duration": 30, "distance": 62, "fromcity": "\u6b66\u6c49", "tocity": "\u5b5d\u611f", "line": "", "fromprov": "\u6e56\u5317\u7701", "toprov": "\u6e56\u5317\u7701", "id": "D5223", "lines": ["\u6b66\u5b5d\u57ce\u9645\u7ebf", "\u6b66\u897f\u9ad8\u901f\u7ebf"], "line_source": "osm", "geometry_source": "osm", "distance_ratio": 1.006, "match_confidence": 1.0, "edge_count": 26}, "geometry": {"type": "LineString", "coordinates": [[114.201736, 30.763385], [114.236992, 30.798999], [114.230765, 30.820204], [114.056393, 30.826344], [114.010347, 30.843747], [113.948307, 30.914885], [113.936099, 30.960386], [113.923062, 30.978277], [113.860719, 31.008292], [113.801088, 31.0256], [113.783727, 31.043056]]}}, {"type": "Feature", "properties": {"trip_id": 134, "date": "2025-08-15T00:00:00", "train": "D5242", "from": "\u4e91\u68a6\u4e1c", "to": "\u6c49\u53e3", "duration": 54, "distance": 83, "fromcity": "\u5b5d\u611f", "tocity": "\u6b66\u6c49", "line": "", "fromprov": "\u6e56\u5317\u7701", "toprov": "\u6e56\u5317\u7701", "id": "D5242", "lines": ["\u4eac\u5e7f\u6c49\u53e3\u8054\u7edc\u7ebf", "\u6b66\u5b5d\u57ce\u9645\u7ebf", "\u6b66\u897f\u9ad8\u901f\u7ebf", "\u6caa\u84c9\u7ebf"], "line_source": "osm", "geometry_source": "osm", "distance_ratio": 0.984, "match_confidence": 1.0, "edge_count": 51}, "geometry": {"type": "LineString", "coordinates": [[113.783727, 31.043056], [113.801088, 31.0256], [113.860719, 31.008292], [113.923062, 30.978277], [113.936099, 30.960386], [113.948307, 30.914885], [114.010347, 30.843747], [114.056393, 30.826344], [114.192844, 30.825724], [114.233497, 30.818109], [114.236992, 30.798999], [114.196661, 30.75183], [114.220935, 30.700939], [114.26253, 30.655923], [114.268657, 30.626728], [114.249608, 30.621143]]}}, {"type": "Feature", "properties": {"trip_id": 135, "date": "2025-08-14T00:00:00", "train": "D2256", "from": "\u6c49\u53e3", "to": "\u516d\u5b89", "duration": 97, "distance": 272, "fromcity": "\u6b66\u6c49", "tocity": "\u516d\u5b89", "line": "", "fromprov": "\u6e56\u5317\u7701", "toprov": "\u5b89\u5fbd\u7701", "id": "D2256", "lines": ["\u4eac\u5e7f\u6c49\u53e3\u8054\u7edc\u7ebf", "\u4eac\u5e7f\u7ebf", "\u6caa\u84c9\u4e0a\u884c\u8f6c\u4eac\u5e7f\u4e0a\u884c\u8054\u7edc\u7ebf", "\u6caa\u84c9\u7ebf"], "line_source": "osm", "geometry_source": "osm", "distance_ratio": 0.992, "match_confidence": 1.0, "edge_count": 345}, "geometry": {"type": "LineString", "coordinates": [[114.249608, 30.621143], [114.325894, 30.641551], [114.344292, 30.670617], [114.33756, 30.714612], [114.350672, 30.75618], [114.302824, 30.857912], [114.312938, 30.887493], [114.335024, 30.905986], [114.420758, 30.919489], [114.606973, 30.993439], [114.932494, 31.174307], [115.024303, 31.203607], [115.124991, 31.256454], [115.237508, 31.278331], [115.460394, 31.304217], [115.563609, 31.378335], [115.70254, 31.4449], [115.781601, 31.493046], [115.857471, 31.565424], [115.953946, 31.622638], [116.087969, 31.664087], [116.156915, 31.656546], [116.265304, 31.678239], [116.437385, 31.693311], [116.490097, 31.714091]]}}, {"type": "Feature", "properties": {"trip_id": 136, "date": "2025-08-25T00:00:00", "train": "K305", "from": "\u516d\u5b89", "to": "\u56fa\u59cb", "duration": 97, "distance": 85, "fromcity": "\u516d\u5b89", "tocity": "\u4fe1\u9633", "line": "", "fromprov": "\u5b89\u5fbd\u7701", "toprov": "\u6cb3\u5357\u7701", "id": "K305", "lines": ["\u5b81\u897f\u7ebf"], "line_source": "osm", "geometry_source": "osm", "distance_ratio": 0.984, "match_confidence": 1.0, "edge_count": 73}, "geometry": {"type": "LineString", "coordinates": [[116.490317, 31.714649], [116.474219, 31.70997], [116.397383, 31.731613], [116.354893, 31.733129], [116.254486, 31.775569], [116.137086, 31.776027], [115.9857, 31.80463], [115.947809, 31.833832], [115.865188, 31.839925], [115.810224, 31.866613], [115.71864, 31.881783], [115.671652, 31.916384]]}}, {"type": "Feature", "properties": {"trip_id": 137, "date": "2025-08-25T00:00:00", "train": "8323", "from": "\u56fa\u59cb", "to": "\u6f62\u5ddd", "duration": 62, "distance": 63, "fromcity": "\u4fe1\u9633", "tocity": "\u4fe1\u9633", "line": "", "fromprov": "\u6cb3\u5357\u7701", "toprov": "\u6cb3\u5357\u7701", "id": "8323", "lines": ["\u4eac\u4e5d\u7ebf", "\u5b81\u897f\u7ebf"], "line_source": "osm", "geometry_source": "osm", "distance_ratio": 0.97, "match_confidence": 1.0, "edge_count": 38}, "geometry": {"type": "LineString", "coordinates": [[115.656486, 31.91994], [115.609595, 31.923606], [115.572728, 31.940177], [115.451873, 31.951056], [115.405787, 31.97084], [115.36557, 31.971168], [115.266081, 32.00768], [115.214673, 32.034964], [115.144414, 32.052953], [115.085024, 32.089336], [115.093801, 32.109012]]}}, {"type": "Feature", "properties": {"trip_id": 138, "date": "2025-08-25T00:00:00", "train": "K306", "from": "\u6f62\u5ddd", "to": "\u5546\u57ce", "duration": 28, "distance": 41, "fromcity": "\u4fe1\u9633", "tocity": "\u4fe1\u9633", "line": "", "fromprov": "\u6cb3\u5357\u7701", "toprov": "\u6cb3\u5357\u7701", "id": "K306", "lines": ["\u4eac\u4e5d\u7ebf", "\u5b81\u897f\u7ebf"], "line_source": "osm", "geometry_source": "osm", "distance_ratio": 0.947, "match_confidence": 1.0, "edge_count": 18}, "geometry": {"type": "LineString", "coordinates": [[115.093801, 32.109012], [115.085458, 32.088864], [115.146621, 32.051889], [115.214673, 32.034964], [115.266081, 32.00768], [115.36557, 31.971168], [115.405787, 31.97084], [115.428994, 31.958657]]}}, {"type": "Feature", "properties": {"trip_id": 139, "date": "2025-08-25T00:00:00", "train": "K1042", "from": "\u5546\u57ce", "to": "\u516d\u5b89", "duration": 69, "distance": 107, "fromcity": "\u4fe1\u9633", "tocity": "\u516d\u5b89", "line": "", "fromprov": "\u6cb3\u5357\u7701", "toprov": "\u5b89\u5fbd\u7701", "id": "K1042", "lines": ["\u5b81\u897f\u7ebf"], "line_source": "osm", "geometry_source": "osm", "distance_ratio": 0.988, "match_confidence": 1.0, "edge_count": 93}, "geometry": {"type": "LineString", "coordinates": [[115.445495, 31.953066], [115.572728, 31.940177], [115.609595, 31.923606], [115.674577, 31.915703], [115.71864, 31.881783], [115.810224, 31.866613], [115.865188, 31.839925], [115.947809, 31.833832], [115.9857, 31.80463], [116.137086, 31.776027], [116.254486, 31.775569], [116.354893, 31.733129], [116.397383, 31.731613], [116.474219, 31.70997], [116.490317, 31.714649]]}}, {"type": "Feature", "properties": {"trip_id": 140, "date": "2025-08-27T00:00:00", "train": "K8521", "from": "\u516d\u5b89", "to": "\u53f6\u96c6", "duration": 56, "distance": 57, "fromcity": "\u516d\u5b89", "tocity": "\u516d\u5b89", "line": "", "fromprov": "\u5b89\u5fbd\u7701", "toprov": "\u5b89\u5fbd\u7701", "id": "K8521", "lines": ["\u5b81\u897f\u7ebf"], "line_source": "osm", "geometry_source": "osm", "distance_ratio": 0.975, "match_confidence": 1.0, "edge_count": 47}, "geometry": {"type": "LineString", "coordinates": [[116.490317, 31.714649], [116.474219, 31.70997], [116.397383, 31.731613], [116.354893, 31.733129], [116.254486, 31.775569], [116.137086, 31.776027], [115.9857, 31.80463], [115.93963, 31.834944]]}}, {"type": "Feature", "properties": {"trip_id": 141, "date": "2025-08-27T00:00:00", "train": "K8522", "from": "\u53f6\u96c6", "to": "\u5408\u80a5", "duration": 142, "distance": 149, "fromcity": "\u516d\u5b89", "tocity": "\u5408\u80a5", "line": "", "fromprov": "\u5b89\u5fbd\u7701", "toprov": "\u5b89\u5fbd\u7701", "id": "K8522", "lines": ["\u4eac\u6e2f\u9ad8\u901f\u7ebf", "\u5408\u65b0\u9ad8\u901f\u7ebf", "\u5408\u6b66\u7ed5\u884c\u7ebf", "\u5b81\u897f\u7ebf", "\u6caa\u84c9\u7ebf", "\u6dee\u5357\u7ed5\u884c\u7ebf"], "line_source": "osm", "geometry_source": "osm", "distance_ratio": 0.963, "match_confidence": 1.0, "edge_count": 197}, "geometry": {"type": "LineString", "coordinates": [[115.93963, 31.834944], [115.9857, 31.80463], [116.137086, 31.776027], [116.256582, 31.775179], [116.354893, 31.733129], [116.397383, 31.731613], [116.476426, 31.709895], [116.556992, 31.744973], [116.780777, 31.748092], [117.028068, 31.772347], [117.081885, 31.787606], [117.17912, 31.79118], [117.209055, 31.824682], [117.213209, 31.854827], [117.264535, 31.908045], [117.285718, 31.912773], [117.307071, 31.890395]]}}, {"type": "Feature", "properties": {"trip_id": 142, "date": "2025-08-27T00:00:00", "train": "G325", "from": "\u5408\u80a5\u5357", "to": "\u5de2\u6e56\u4e1c", "duration": 21, "distance": 70, "fromcity": "\u5408\u80a5", "tocity": "\u5408\u80a5", "line": "", "fromprov": "\u5b89\u5fbd\u7701", "toprov": "\u5b89\u5fbd\u7701", "id": "G325", "lines": ["\u672a\u5206\u7c7b\u7ebf\u8def"], "line_source": "unclassified", "geometry_source": "mixed", "distance_ratio": 0.917, "match_confidence": 0.0, "edge_count": 0}, "geometry": {"type": "LineString", "coordinates": [[117.2837219, 31.79944416], [117.4768015, 31.69941376], [117.9190129, 31.6192904]]}}, {"type": "Feature", "properties": {"trip_id": 143, "date": "2025-08-27T00:00:00", "train": "K1040", "from": "\u5de2\u6e56", "to": "\u5408\u80a5", "duration": 50, "distance": 64, "fromcity": "\u5408\u80a5", "tocity": "\u5408\u80a5", "line": "", "fromprov": "\u5b89\u5fbd\u7701", "toprov": "\u5b89\u5fbd\u7701", "id": "K1040", "lines": ["\u5408\u80a5\u65b0\u5ba2\u7ebf", "\u6dee\u5357\u7ebf"], "line_source": "osm", "geometry_source": "osm", "distance_ratio": 1.049, "match_confidence": 1.0, "edge_count": 98}, "geometry": {"type": "LineString", "coordinates": [[117.877862, 31.61846], [117.810514, 31.614188], [117.764733, 31.662366], [117.735768, 31.676913], [117.66675, 31.692339], [117.628418, 31.691881], [117.586784, 31.714281], [117.571786, 31.746955], [117.53252, 31.761962], [117.486844, 31.809932], [117.389722, 31.885365], [117.378282, 31.890292], [117.323941, 31.881531], [117.311685, 31.887545]]}}, {"type": "Feature", "properties": {"trip_id": 144, "date": "2025-08-27T00:00:00", "train": "G7779", "from": "\u5408\u80a5", "to": "\u516d\u5b89", "duration": 42, "distance": 92, "fromcity": "\u5408\u80a5", "tocity": "\u516d\u5b89", "line": "", "fromprov": "\u5b89\u5fbd\u7701", "toprov": "\u5b89\u5fbd\u7701", "id": "G7779", "lines": ["\u4eac\u6e2f\u9ad8\u901f\u7ebf", "\u5408\u65b0\u9ad8\u901f\u7ebf", "\u5408\u6b66\u7ed5\u884c\u7ebf", "\u5b81\u897f\u7ebf", "\u6caa\u84c9\u7ebf", "\u6dee\u5357\u7ed5\u884c\u7ebf"], "line_source": "osm", "geometry_source": "osm", "distance_ratio": 0.947, "match_confidence": 1.0, "edge_count": 150}, "geometry": {"type": "LineString", "coordinates": [[117.307071, 31.890395], [117.285718, 31.912773], [117.264535, 31.908045], [117.213209, 31.854827], [117.209055, 31.824682], [117.17912, 31.79118], [117.081885, 31.787606], [117.028068, 31.772347], [116.780777, 31.748092], [116.556992, 31.744973], [116.498202, 31.717876]]}}, {"type": "Feature", "properties": {"trip_id": 145, "date": "2025-09-09T00:00:00", "train": "K8364", "from": "\u516d\u5b89", "to": "\u4e0a\u6d77", "duration": 667, "distance": 659, "fromcity": "\u516d\u5b89", "tocity": "\u4e0a\u6d77", "line": "", "fromprov": "\u5b89\u5fbd\u7701", "toprov": "\u4e0a\u6d77\u5e02", "id": "K8364", "lines": ["5\u9053", "\u4eac\u6caa\u4e09\u7ebf", "\u4eac\u6caa\u7ebf", "\u4eac\u6caa\u7ebf (\u6caa\u5b81\u7ebf)", "\u4eac\u6e2f\u9ad8\u901f\u7ebf", "\u5408\u65b0\u9ad8\u901f\u7ebf", "\u5408\u6b66\u7ed5\u884c\u7ebf", "\u5408\u80a5\u65b0\u5ba2\u7ebf", "\u5b81\u829c\u7ebf", "\u5b81\u897f\u7ebf", "\u5b81\u94dc\u94c1\u8def", "\u6caa\u5b81\u57ce\u9645\u7ebf", "\u6caa\u82cf\u901a\u7ebf", "\u6caa\u84c9\u7ebf", "\u6dee\u5357\u7ebf", "\u6dee\u5357\u7ed5\u884c\u7ebf", "\u829c\u6e56\u4e1c\u8054\u7edcB\u7ebf"], "line_source": "osm", "geometry_source": "osm", "distance_ratio": 0.979, "match_confidence": 1.0, "edge_count": 996}, "geometry": {"type": "LineString", "coordinates": [[116.498202, 31.717876], [116.556992, 31.744973], [116.780777, 31.748092], [117.028068, 31.772347], [117.081885, 31.787606], [117.17912, 31.79118], [117.208379, 31.823529], [117.212101, 31.852844], [117.232859, 31.879411], [117.265229, 31.908527], [117.285011, 31.912978], [117.294779, 31.897599], [117.322129, 31.881828], [117.37866, 31.890312], [117.389722, 31.885365], [117.486844, 31.809932], [117.53252, 31.761962], [117.571786, 31.746955], [117.586784, 31.714281], [117.628418, 31.691881], [117.66675, 31.692339], [117.735768, 31.676913], [117.764733, 31.662366], [117.810514, 31.614188], [117.86627, 31.620354], [117.897006, 31.614013], [117.967047, 31.532231], [117.977169, 31.498725], [118.052246, 31.479403], [118.094114, 31.492179], [118.282965, 31.445558], [118.287845, 31.4387], [118.280464, 31.403304], [118.287891, 31.394584], [118.309286, 31.385631], [118.389421, 31.392544], [118.375851, 31.361041], [118.387468, 31.344697], [118.375925, 31.361747], [118.415008, 31.435911], [118.409175, 31.462846], [118.438202, 31.482712], [118.470165, 31.534797], [118.483118, 31.586204], [118.482023, 31.627902], [118.464621, 31.663413], [118.509495, 31.728164], [118.510753, 31.745048], [118.527565, 31.754574], [118.553643, 31.795358], [118.572704, 31.808072], [118.634175, 31.907796], [118.655455, 31.919799], [118.673771, 31.942932], [118.711012, 31.957367], [118.761619, 32.010284], [118.792925, 32.006687], [118.810391, 32.019286], [118.85261, 32.019482], [118.896208, 32.04864], [118.899857, 32.075556], [118.876485, 32.112295], [118.839688, 32.104723], [118.80597, 32.084258], [118.788782, 32.090344], [118.806881, 32.084821], [118.841537, 32.10288], [118.88091, 32.110382], [118.929564, 32.136426], [119.011681, 32.15112], [119.075979, 32.151541], [119.1316, 32.163908], [119.294697, 32.163177], [119.43773, 32.200708], [119.468152, 32.181005], [119.503569, 32.131323], [119.574264, 32.062096], [119.596676, 31.984047], [119.724993, 31.918299], [119.843517, 31.845336], [119.955688, 31.800265], [119.978054, 31.776899], [120.156889, 31.669518], [120.250969, 31.630625], [120.313094, 31.581222], [120.344749, 31.538653], [120.568133, 31.329951], [120.690935, 31.339258], [120.839998, 31.380104], [120.873346, 31.382211], [120.892173, 31.369807], [120.945005, 31.371609], [120.978461, 31.355907], [121.052935, 31.344213], [121.163714, 31.309181], [121.448159, 31.252073]]}}, {"type": "Feature", "properties": {"trip_id": 146, "date": "2025-09-11T00:00:00", "train": "G209", "from": "\u9752\u5c9b\u5317", "to": "\u9752\u5c9b", "duration": 21, "distance": 15, "fromcity": "\u9752\u5c9b", "tocity": "\u9752\u5c9b", "line": "", "fromprov": "\u5c71\u4e1c\u7701", "toprov": "\u5c71\u4e1c\u7701", "id": "G209", "lines": ["\u6e2f\u5317\u8054\u7edc\u5de6\u7ebf", "\u6e2f\u5317\u8054\u7edc\u7ebf", "\u80f6\u6d4e\u5ba2\u4e13\u7ebf"], "line_source": "osm", "geometry_source": "osm", "distance_ratio": 0.953, "match_confidence": 1.0, "edge_count": 60}, "geometry": {"type": "LineString", "coordinates": [[120.369252, 36.164237], [120.368418, 36.148496], [120.346987, 36.137082], [120.331609, 36.117487], [120.346426, 36.099091], [120.308233, 36.069361]]}}, {"type": "Feature", "properties": {"trip_id": 147, "date": "2025-09-12T00:00:00", "train": "D2128", "from": "\u9752\u5c9b", "to": "\u9752\u5c9b\u5317", "duration": 20, "distance": 15, "fromcity": "\u9752\u5c9b", "tocity": "\u9752\u5c9b", "line": "", "fromprov": "\u5c71\u4e1c\u7701", "toprov": "\u5c71\u4e1c\u7701", "id": "D2128", "lines": ["\u6e2f\u5317\u8054\u7edc\u5de6\u7ebf", "\u6e2f\u5317\u8054\u7edc\u7ebf", "\u80f6\u6d4e\u5ba2\u4e13\u7ebf"], "line_source": "osm", "geometry_source": "osm", "distance_ratio": 0.953, "match_confidence": 1.0, "edge_count": 60}, "geometry": {"type": "LineString", "coordinates": [[120.308233, 36.069361], [120.346426, 36.099091], [120.331609, 36.117487], [120.346987, 36.137082], [120.368418, 36.148496], [120.369252, 36.164237]]}}, {"type": "Feature", "properties": {"trip_id": 148, "date": "2025-09-12T00:00:00", "train": "K1136", "from": "\u9752\u5c9b\u5317", "to": "\u84dd\u6751", "duration": 25, "distance": 37, "fromcity": "\u9752\u5c9b", "tocity": "\u9752\u5c9b", "line": "", "fromprov": "\u5c71\u4e1c\u7701", "toprov": "\u5c71\u4e1c\u7701", "id": "K1136", "lines": ["\u80f6\u6d4e\u5ba2\u4e13\u7ebf", "\u80f6\u6d4e\u7ebf", "\u9752\u8363\u57ce\u9645\u7ebf"], "line_source": "osm", "geometry_source": "osm", "distance_ratio": 0.967, "match_confidence": 1.0, "edge_count": 82}, "geometry": {"type": "LineString", "coordinates": [[120.369391, 36.166733], [120.363515, 36.199243], [120.375688, 36.214769], [120.377651, 36.235875], [120.350448, 36.315823], [120.322588, 36.339148], [120.29009, 36.347408], [120.240789, 36.38623], [120.181473, 36.395154]]}}, {"type": "Feature", "properties": {"trip_id": 149, "date": "2025-09-12T00:00:00", "train": "5045", "from": "\u84dd\u6751", "to": "\u9752\u5c9b\u5317", "duration": 25, "distance": 37, "fromcity": "\u9752\u5c9b", "tocity": "\u9752\u5c9b", "line": "", "fromprov": "\u5c71\u4e1c\u7701", "toprov": "\u5c71\u4e1c\u7701", "id": "5045", "lines": ["\u80f6\u6d4e\u5ba2\u4e13\u7ebf", "\u80f6\u6d4e\u7ebf", "\u9752\u8363\u57ce\u9645\u7ebf"], "line_source": "osm", "geometry_source": "osm", "distance_ratio": 0.967, "match_confidence": 1.0, "edge_count": 82}, "geometry": {"type": "LineString", "coordinates": [[120.181473, 36.395154], [120.240789, 36.38623], [120.29009, 36.347408], [120.322588, 36.339148], [120.350448, 36.315823], [120.377651, 36.235875], [120.375688, 36.214769], [120.363515, 36.199243], [120.369391, 36.166733]]}}, {"type": "Feature", "properties": {"trip_id": 150, "date": "2025-09-12T00:00:00", "train": "D2911", "from": "\u9752\u5c9b\u5317", "to": "\u4e0a\u6d77\u8679\u6865", "duration": 294, "distance": 755, "fromcity": "\u9752\u5c9b", "tocity": "\u4e0a\u6d77", "line": "", "fromprov": "\u5c71\u4e1c\u7701", "toprov": "\u4e0a\u6d77\u5e02", "id": "D2911", "lines": ["\u5b81\u542f\u7ebf", "\u5f90\u76d0\u5ba2\u4e13\u7ebf", "\u65b0\u957f\u7ebf", "\u6caa\u5b81\u57ce\u9645\u8679\u6865\u8054\u7edc\u7ebf", "\u6caa\u5b81\u6cbf\u6c5f\u9ad8\u901f\u7ebf", "\u6caa\u6606\u7ebf", "\u6caa\u82cf\u901a\u7ebf", "\u6d4e\u9752\u9ad8\u901f\u7ebf", "\u76d0\u901a\u9ad8\u901f\u7ebf", "\u80f6\u6d4e\u7ebf", "\u8679\u5c01\u7ebf", "\u8679\u6865\u52a8\u8f66\u7ebf", "\u8679\u7efc\u52a8\u8f66A\u7ebf", "\u8679\u9ad8\u52a8\u8f66C\u7ebf", "\u9752\u76d0\u7ebf", "\u9ec4\u5c01\u8054\u7edc\u7ebf"], "line_source": "osm", "geometry_source": "mixed", "distance_ratio": 0.988, "match_confidence": 0.875, "edge_count": 712}, "geometry": {"type": "LineString", "coordinates": [[120.370493, 36.166798], [120.363723, 36.198639], [120.373319, 36.214744], [120.34775, 36.240852], [120.2558, 36.23337], [120.199753, 36.246407], [120.074727, 36.224575], [120.059134, 36.193027], [120.071624, 36.080908], [120.004216, 36.017195], [119.963701, 35.916313], [119.907915, 35.852961], [119.85141, 35.821158], [119.837587, 35.785948], [119.813385, 35.757398], [119.679333, 35.655701], [119.611682, 35.640654], [119.574679, 35.618394], [119.527511, 35.559093], [119.498668, 35.537732], [119.487248, 35.496963], [119.437244, 35.443432], [119.431158, 35.413577], [119.388369, 35.353056], [119.335056, 35.309586], [119.269033, 35.236403], [119.263032, 35.211956], [119.271541, 35.173061], [119.261867, 35.121724], [119.212511, 35.069809], [119.158187, 34.987712], [119.1038911, 34.87859776], [119.1558059, 34.609308], [119.097099, 34.59077], [119.087418, 34.572992], [119.116161, 34.519021], [119.206849, 34.441092], [119.273346, 34.419317], [119.388842, 34.366167], [119.456365, 34.35259], [119.546681, 34.315956], [119.622421, 34.237526], [119.767059, 34.11842], [119.873772, 34.048601], [119.896821, 34.025354], [119.911181, 33.953847], [119.917087, 33.843322], [119.944213, 33.779927], [120.001761, 33.712582], [120.067865, 33.54365], [120.076842, 33.473157], [120.110553, 33.437568], [120.144065, 33.418653], [120.3354632, 33.18491472], [120.339305, 32.87531568], [120.349973, 32.848946], [120.459649, 32.69064], [120.460162, 32.670749], [120.483268, 32.634427], [120.488884, 32.56835], [120.556726, 32.439096], [120.592716, 32.403725], [120.643765, 32.315574], [120.773515, 32.141107], [120.767457, 32.114619], [120.752101, 32.090103], [120.726108, 32.06953], [120.711939, 32.03072], [120.723253, 31.940933], [120.669833, 31.85564], [120.678975, 31.775408], [120.752347, 31.707452], [120.828787, 31.688136], [120.919412, 31.6347], [120.967418, 31.624746], [121.075796, 31.628322], [121.105163, 31.616053], [121.209016, 31.487959], [121.197276, 31.462198], [121.15725, 31.441706], [121.141668, 31.398477], [121.104738, 31.35225], [121.107815, 31.329867], [121.163714, 31.309181], [121.270271, 31.287569], [121.287048, 31.252167], [121.313814, 31.220902], [121.315261, 31.196045]]}}, {"type": "Feature", "properties": {"trip_id": 151, "date": "2025-09-30T00:00:00", "train": "Z99", "from": "\u4e0a\u6d77", "to": "\u5e7f\u5dde\u767d\u4e91", "duration": 986, "distance": 1777, "fromcity": "\u4e0a\u6d77", "tocity": "\u5e7f\u5dde", "line": "", "fromprov": "\u4e0a\u6d77\u5e02", "toprov": "\u5e7f\u4e1c\u7701", "id": "Z99", "lines": ["1\u9053", "3\u9053", "\u4e0a\u6d77\u8679\u6865\u7ad920\u9053", "\u4e30\u6d1b\u7ebf", "\u4eac\u4e5d\u7ebf", "\u4eac\u5e7f\u7ebf", "\u4eac\u6caa\u7ebf", "\u5411\u4e1cD2\u7ebf", "\u5411\u4e1cD\u7ebf", "\u5411\u4e1cE2\u7ebf", "\u5411\u4e1cE\u7ebf", "\u5411\u4e1cL4\u7ebf", "\u5411\u897fA2\u7ebf", "\u5411\u897fA3\u7ebf", "\u5411\u897fB3\u7ebf", "\u5b81\u676d\u826e\u5c71\u95e8\u8054\u7edc\u7ebf", "\u5e7f\u6e05\u57ce\u9645\u7ebf", "\u5f0b\u6a1f\u7ebf", "\u673a14\u7ebf", "\u676d\u5dde\u4e1c\u7ad915\u9053", "\u676d\u5dde\u52a8\u8f66B\u7ebf", "\u676d\u5dde\u52a8\u8f66C\u7ebf", "\u676d\u5dde\u5357\u7ad911\u9053", "\u676d\u660c\u9ad8\u901f\u7ebf", "\u676d\u6df1\u7ebf", "\u6c5f\u8354\u8054\u7edc\u7ebf", "\u6caa\u5b81\u57ce\u9645\u8679\u6865\u8054\u7edc\u7ebf", "\u6caa\u6606\u5230\u8fbe\u7ebf", "\u6caa\u6606\u7ebf", "\u6caa\u676d\u7ebf", "\u72ee\u5cad\u8054\u7edc\u7ebf", "\u7b15\u676d\u7ebf", "\u82b1\u5e7f\u8054\u7edc\u7ebf", "\u8679\u5c01\u7ebf", "\u8679\u6865\u52a8\u8f66\u7ebf", "\u8679\u7efc\u52a8\u8f66A\u7ebf", "\u8679\u9ad8\u52a8\u8f66C\u7ebf", "\u8861\u5317\u4e0a\u884c\u51fa\u53d1\u7ebf", "\u8861\u5317\u6e58\u6842\u4e0b\u8054\u7ebf", "\u8862\u5168\u8054\u7edc\u7ebf", "\u91d1\u5c71\u7ebf", "\u9ec4\u5c01\u8054\u7edc\u7ebf"], "line_source": "osm", "geometry_source": "osm", "distance_ratio": 0.986, "match_confidence": 1.0, "edge_count": 2171}, "geometry": {"type": "LineString", "coordinates": [[121.448159, 31.252073], [121.31402, 31.280834], [121.283702, 31.280714], [121.28669, 31.25284], [121.314281, 31.219719], [121.319513, 31.168564], [121.361626, 31.101628], [121.35236, 31.081211], [121.296304, 31.046466], [121.241304, 30.994049], [121.205235, 30.983419], [121.107699, 30.980355], [121.081779, 30.962139], [121.017231, 30.886718], [120.900446, 30.848233], [120.755453, 30.762955], [120.742847, 30.732964], [120.747578, 30.69725], [120.689082, 30.541595], [120.552918, 30.483548], [120.317854, 30.434126], [120.283051, 30.406702], [120.206367, 30.320152], [120.185786, 30.315415], [120.182087, 30.300189], [120.183882, 30.314355], [120.194616, 30.316618], [120.215881, 30.283381], [120.255235, 30.257632], [120.286457, 30.195474], [120.2937, 30.155082], [120.309632, 30.125208], [120.298407, 30.009837], [120.270716, 29.948898], [120.261769, 29.868839], [120.19374, 29.775571], [120.163609, 29.644581], [120.136997, 29.591178], [120.136495, 29.564], [120.084815, 29.491926], [120.048335, 29.393816], [119.963122, 29.307497], [119.91054, 29.21261], [119.87705, 29.187262], [119.687281, 29.122696], [119.552599, 29.098561], [119.383664, 29.091334], [119.217453, 29.010495], [119.069609, 28.998263], [119.014915, 28.975555], [118.980272, 28.978439], [118.950338, 28.971089], [118.902371, 28.936759], [118.764397, 28.884407], [118.677543, 28.797778], [118.625001, 28.766955], [118.593221, 28.710074], [118.544177, 28.689145], [118.492817, 28.642831], [118.464155, 28.635767], [118.416725, 28.644734], [118.384402, 28.639093], [118.34993, 28.649829], [118.315759, 28.647247], [118.250972, 28.669887], [118.207285, 28.64932], [118.15073, 28.602963], [118.097484, 28.586633], [118.048267, 28.500876], [117.946119, 28.489179], [117.915398, 28.47088], [117.880715, 28.461954], [117.830571, 28.46302], [117.72672, 28.421109], [117.689661, 28.415614], [117.653795, 28.424243], [117.617366, 28.414395], [117.565691, 28.424316], [117.50075, 28.400713], [117.458066, 28.416638], [117.372341, 28.415453], [117.32949, 28.406889], [117.313715, 28.396863], [117.262898, 28.328737], [117.227112, 28.299535], [117.160171, 28.28589], [117.113027, 28.255756], [117.092735, 28.255442], [117.037685, 28.235208], [117.006307, 28.239473], [116.927747, 28.217261], [116.878855, 28.213197], [116.828388, 28.222489], [116.789147, 28.214859], [116.690841, 28.244542], [116.603319, 28.228553], [116.538978, 28.262446], [116.506752, 28.265839], [116.486855, 28.281773], [116.45318, 28.28568], [116.341512, 28.331371], [116.255974, 28.350111], [116.222032, 28.366381], [116.150586, 28.357837], [116.083893, 28.360179], [116.04401, 28.39136], [115.983197, 28.406341], [115.958535, 28.442629], [115.964304, 28.421306], [115.940045, 28.393814], [115.930869, 28.361958], [115.895406, 28.318561], [115.868981, 28.251283], [115.772239, 28.174002], [115.675622, 28.158864], [115.553623, 28.068296], [115.531889, 28.085828], [115.466725, 28.076485], [115.406983, 28.035481], [115.381719, 27.981534], [115.354661, 27.953555], [115.276392, 27.913606], [115.13052, 27.874333], [115.076314, 27.841086], [115.018766, 27.82351], [114.945278, 27.812937], [114.883512, 27.814951], [114.801607, 27.76972], [114.722677, 27.788766], [114.684652, 27.805896], [114.647788, 27.809201], [114.566447, 27.781078], [114.494097, 27.794152], [114.470866, 27.786246], [114.444141, 27.792252], [114.365188, 27.783948], [114.317403, 27.787516], [114.253725, 27.758643], [114.188518, 27.749998], [114.136493, 27.724823], [114.120047, 27.689404], [114.062385, 27.656868], [113.993131, 27.652574], [113.965741, 27.663746], [113.92221, 27.66318], [113.885914, 27.637992], [113.846623, 27.653419], [113.811624, 27.643421], [113.766126, 27.645112], [113.62979, 27.616091], [113.544697, 27.639325], [113.4915, 27.690665], [113.440969, 27.709287], [113.409284, 27.733731], [113.353097, 27.740639], [113.319855, 27.779417], [113.293202, 27.793742], [113.231942, 27.81577], [113.199547, 27.811615], [113.183168, 27.826753], [113.156098, 27.830094], [113.150584, 27.839999], [113.164797, 27.785662], [113.137953, 27.72864], [113.111254, 27.641974], [113.113253, 27.606474], [113.126379, 27.570433], [113.155767, 27.550252], [113.162587, 27.536041], [113.133675, 27.46724], [113.052987, 27.388604], [113.004334, 27.366426], [112.972208, 27.316621], [112.883211, 27.223796], [112.872569, 27.148724], [112.849575, 27.125525], [112.824284, 27.057925], [112.747131, 26.959126], [112.651978, 26.916633], [112.628511, 26.914324], [112.622698, 26.906111], [112.633092, 26.884393], [112.656993, 26.874161], [112.666016, 26.859333], [112.669382, 26.788287], [112.68724, 26.762976], [112.716924, 26.747366], [112.724415, 26.691219], [112.755533, 26.651557], [112.761438, 26.626755], [112.753208, 26.586944], [112.772754, 26.568036], [112.776685, 26.547337], [112.773116, 26.491726], [112.784404, 26.479567], [112.788164, 26.454963], [112.819175, 26.41674], [112.812416, 26.395096], [112.826893, 26.375588], [112.831301, 26.353583], [112.826258, 26.281054], [112.838618, 26.239691], [112.858289, 26.223492], [112.869041, 26.191518], [112.879491, 26.154931], [112.877613, 26.116254], [112.888176, 26.098147], [112.912442, 26.086059], [112.95523, 26.039488], [112.973681, 26.036794], [113.023714, 25.988981], [113.049113, 25.988843], [113.061236, 25.97786], [113.057103, 25.945549], [113.070275, 25.931598], [113.075926, 25.900724], [113.067432, 25.881376], [113.03466, 25.861681], [113.02077, 25.84073], [113.029452, 25.806023], [113.048115, 25.781991], [113.037635, 25.733663], [113.042176, 25.719116], [113.02769, 25.689113], [113.00712, 25.68297], [112.997247, 25.670482], [112.987337, 25.607307], [113.026412, 25.507734], [113.015936, 25.454225], [113.022443, 25.425088], [113.033904, 25.414086], [113.026121, 25.390888], [113.043346, 25.292441], [113.057227, 25.2823], [113.09568, 25.282518], [113.117078, 25.266766], [113.153001, 25.255213], [113.269947, 25.178737], [113.291168, 25.140977], [113.324554, 25.128054], [113.345986, 25.136277], [113.368873, 25.118713], [113.405538, 25.05964], [113.41314, 25.025172], [113.433589, 25.013005], [113.439742, 24.990827], [113.460288, 24.979991], [113.468887, 24.962145], [113.5044, 24.950224], [113.562192, 24.833391], [113.59828, 24.820456], [113.603726, 24.804128], [113.589533, 24.775657], [113.623552, 24.718194], [113.615243, 24.693286], [113.589635, 24.664344], [113.59831, 24.643649], [113.586695, 24.605396], [113.594315, 24.522322], [113.584261, 24.515552], [113.5775, 24.492625], [113.52377, 24.439202], [113.518767, 24.426404], [113.527642, 24.404085], [113.516709, 24.379814], [113.480161, 24.346701], [113.447932, 24.294621], [113.449263, 24.2746], [113.474795, 24.249586], [113.472485, 24.225989], [113.44031, 24.181079], [113.42915, 24.131402], [113.403662, 24.111965], [113.400568, 24.095137], [113.356525, 24.061704], [113.306565, 24.040992], [113.282016, 23.988667], [113.284004, 23.963356], [113.270564, 23.920258], [113.275462, 23.878573], [113.265556, 23.845581], [113.272532, 23.827611], [113.269157, 23.792526], [113.234979, 23.777855], [113.225065, 23.751791], [113.228974, 23.708564], [113.189364, 23.658075], [113.172349, 23.606678], [113.123588, 23.56615], [113.097712, 23.525331], [113.095719, 23.490238], [113.122269, 23.479825], [113.190529, 23.401792], [113.203003, 23.362827], [113.206726, 23.315408], [113.225239, 23.267409], [113.226648, 23.236301], [113.241228, 23.214924], [113.240086, 23.191028]]}}, {"type": "Feature", "properties": {"trip_id": 152, "date": "2025-10-01T00:00:00", "train": "C7161", "from": "\u5e7f\u5dde\u767d\u4e91", "to": "\u6df1\u5733", "duration": 113, "distance": 152, "fromcity": "\u5e7f\u5dde", "tocity": "\u6df1\u5733", "line": "", "fromprov": "\u5e7f\u4e1c\u7701", "toprov": "\u5e7f\u4e1c\u7701", "id": "C7161", "lines": ["\u4e0b\u884c\u5ba2\u8f66\u8054\u7edc\u7ebf", "\u4eac\u5e7f\u7ebf", "\u5e7f\u6df1\u7ebf", "\u6c5f\u8354\u8054\u7edc\u7ebf"], "line_source": "osm", "geometry_source": "osm", "distance_ratio": 0.991, "match_confidence": 1.0, "edge_count": 248}, "geometry": {"type": "LineString", "coordinates": [[113.240474, 23.189878], [113.245012, 23.156542], [113.269063, 23.142774], [113.30829, 23.156076], [113.48731, 23.115316], [113.577757, 23.126167], [113.727596, 23.181575], [113.78052, 23.172535], [113.828092, 23.153828], [113.84466, 23.098616], [113.964793, 23.027611], [114.01028, 22.978022], [114.05203, 22.911814], [114.074523, 22.893672], [114.107063, 22.748454], [114.104957, 22.716536], [114.127035, 22.683538], [114.135437, 22.640503], [114.113448, 22.622739], [114.112397, 22.531942]]}}, {"type": "Feature", "properties": {"trip_id": 153, "date": "2025-11-16T00:00:00", "train": "S1153", "from": "\u8f66\u58a9", "to": "\u91d1\u5c71\u536b", "duration": 23, "distance": 33, "fromcity": "\u4e0a\u6d77", "tocity": "\u4e0a\u6d77", "line": "", "fromprov": "\u4e0a\u6d77\u5e02", "toprov": "\u4e0a\u6d77\u5e02", "id": "S1153", "lines": ["\u91d1\u5c71\u7ebf"], "line_source": "osm", "geometry_source": "osm", "distance_ratio": 0.986, "match_confidence": 1.0, "edge_count": 58}, "geometry": {"type": "LineString", "coordinates": [[121.315261, 31.005575], [121.303995, 30.978924], [121.352574, 30.901563], [121.365816, 30.850542], [121.363546, 30.771809], [121.371795, 30.747243], [121.363095, 30.733238]]}}, {"type": "Feature", "properties": {"trip_id": 154, "date": "2025-11-16T00:00:00", "train": "S1208", "from": "\u91d1\u5c71\u536b", "to": "\u8f66\u58a9", "duration": 31, "distance": 33, "fromcity": "\u4e0a\u6d77", "tocity": "\u4e0a\u6d77", "line": "", "fromprov": "\u4e0a\u6d77\u5e02", "toprov": "\u4e0a\u6d77\u5e02", "id": "S1208", "lines": ["\u91d1\u5c71\u7ebf"], "line_source": "osm", "geometry_source": "osm", "distance_ratio": 0.986, "match_confidence": 1.0, "edge_count": 58}, "geometry": {"type": "LineString", "coordinates": [[121.363095, 30.733238], [121.371795, 30.747243], [121.363546, 30.771809], [121.365816, 30.850542], [121.352574, 30.901563], [121.303995, 30.978924], [121.315261, 31.005575]]}}, {"type": "Feature", "properties": {"trip_id": 155, "date": "2025-11-28T00:00:00", "train": "S1637", "from": "\u8398\u5e84", "to": "\u65b0\u6865", "duration": 16, "distance": 11, "fromcity": "\u4e0a\u6d77", "tocity": "\u4e0a\u6d77", "line": "", "fromprov": "\u4e0a\u6d77\u5e02", "toprov": "\u4e0a\u6d77\u5e02", "id": "S1637", "lines": ["\u6caa\u6606\u7ebf", "\u6caa\u6625\u7ebf", "\u91d1\u5c71\u7ebf"], "line_source": "osm", "geometry_source": "osm", "distance_ratio": 0.735, "match_confidence": 1.0, "edge_count": 38}, "geometry": {"type": "LineString", "coordinates": [[121.382729, 31.114339], [121.323687, 31.063314]]}}, {"type": "Feature", "properties": {"trip_id": 156, "date": "2025-12-19T00:00:00", "train": "G7210", "from": "\u4e0a\u6d77", "to": "\u82cf\u5dde", "duration": 38, "distance": 84, "fromcity": "\u4e0a\u6d77", "tocity": "\u82cf\u5dde", "line": "", "fromprov": "\u4e0a\u6d77\u5e02", "toprov": "\u6c5f\u82cf\u7701", "id": "G7210", "lines": ["\u4eac\u6caa\u7ebf", "\u6caa\u5b81\u57ce\u9645\u7ebf", "\u6caa\u82cf\u901a\u7ebf"], "line_source": "osm", "geometry_source": "osm", "distance_ratio": 0.989, "match_confidence": 1.0, "edge_count": 153}, "geometry": {"type": "LineString", "coordinates": [[121.448159, 31.252073], [121.163714, 31.309181], [121.052935, 31.344213], [120.978461, 31.355907], [120.945005, 31.371609], [120.892173, 31.369807], [120.873346, 31.382211], [120.839998, 31.380104], [120.690935, 31.339258], [120.610157, 31.332673]]}}, {"type": "Feature", "properties": {"trip_id": 157, "date": "2025-12-21T00:00:00", "train": "G7282", "from": "\u82cf\u5dde\u56ed\u533a", "to": "\u65e0\u9521\u65b0\u533a", "duration": 14, "distance": 39, "fromcity": "\u82cf\u5dde", "tocity": "\u65e0\u9521", "line": "", "fromprov": "\u6c5f\u82cf\u7701", "toprov": "\u6c5f\u82cf\u7701", "id": "G7282", "lines": ["\u6caa\u5b81\u57ce\u9645\u7ebf"], "line_source": "osm", "geometry_source": "osm", "distance_ratio": 0.98, "match_confidence": 1.0, "edge_count": 34}, "geometry": {"type": "LineString", "coordinates": [[120.702251, 31.341672], [120.567743, 31.330143], [120.388895, 31.497622]]}}, {"type": "Feature", "properties": {"trip_id": 158, "date": "2025-12-21T00:00:00", "train": "K527", "from": "\u65e0\u9521", "to": "\u82cf\u5dde", "duration": 28, "distance": 42, "fromcity": "\u65e0\u9521", "tocity": "\u82cf\u5dde", "line": "", "fromprov": "\u6c5f\u82cf\u7701", "toprov": "\u6c5f\u82cf\u7701", "id": "K527", "lines": ["\u4eac\u6caa\u7ebf", "\u4eac\u6caa\u7ebf (\u6caa\u5b81\u7ebf)", "\u6caa\u5b81\u57ce\u9645\u7ebf"], "line_source": "osm", "geometry_source": "osm", "distance_ratio": 0.991, "match_confidence": 1.0, "edge_count": 44}, "geometry": {"type": "LineString", "coordinates": [[120.302567, 31.588377], [120.344749, 31.538653], [120.563698, 31.332815], [120.601853, 31.331071]]}}, {"type": "Feature", "properties": {"trip_id": 159, "date": "2025-12-21T00:00:00", "train": "D3071", "from": "\u82cf\u5dde", "to": "\u4e0a\u6d77\u8679\u6865", "duration": 41, "distance": 84, "fromcity": "\u82cf\u5dde", "tocity": "\u4e0a\u6d77", "line": "", "fromprov": "\u6c5f\u82cf\u7701", "toprov": "\u4e0a\u6d77\u5e02", "id": "D3071", "lines": ["\u4eac\u6caa\u7ebf", "\u6caa\u5b81\u57ce\u9645\u7ebf", "\u6caa\u5b81\u57ce\u9645\u8679\u6865\u8054\u7edc\u7ebf", "\u6caa\u6606\u7ebf", "\u6caa\u82cf\u901a\u7ebf", "\u8679\u5c01\u7ebf", "\u8679\u6865\u52a8\u8f66\u7ebf", "\u8679\u7efc\u52a8\u8f66A\u7ebf", "\u8679\u9ad8\u52a8\u8f66C\u7ebf", "\u9ec4\u5c01\u8054\u7edc\u7ebf"], "line_source": "osm", "geometry_source": "mixed", "distance_ratio": 0.914, "match_confidence": 0.8, "edge_count": 135}, "geometry": {"type": "LineString", "coordinates": [[120.610157, 31.332673], [120.690935, 31.339258], [120.839998, 31.380104], [120.878505, 31.381635], [120.9461266, 31.35396224], [121.267964, 31.288797], [121.313814, 31.220902], [121.315261, 31.196045]]}}, {"type": "Feature", "properties": {"trip_id": 160, "date": "2025-12-26T00:00:00", "train": "Z196", "from": "\u4e0a\u6d77", "to": "\u592a\u539f", "duration": 827, "distance": 1505, "fromcity": "\u4e0a\u6d77", "tocity": "\u592a\u539f", "line": "", "fromprov": "\u4e0a\u6d77\u5e02", "toprov": "\u5c71\u897f\u7701", "id": "Z196", "lines": ["\u4eac\u4e5d\u7ebf", "\u4eac\u5e7f\u77f3\u592a\u9ad8\u901f\u8054\u7edc\u7ebf", "\u4eac\u6caa\u4e09\u7ebf", "\u4eac\u6caa\u7ebf", "\u4eac\u6caa\u7ebf (\u6caa\u5b81\u7ebf)", "\u5357\u4eac\u5ba2\u7ebf", "\u5927\u897f\u9ad8\u901f\u7ebf", "\u5939\u5317\u7ebf", "\u5f90\u5dde\u5c0f\u8fd0\u8f6c\u7ebf", "\u6797\u9ad8\u8054\u7edc\u7ebf", "\u6caa\u5b81\u57ce\u9645\u7ebf", "\u6caa\u82cf\u901a\u7ebf", "\u77f3\u592a\u5ba2\u4e13\u7ebf", "\u77f3\u592a\u7ebf", "\u77f3\u5bb6\u5e84\u4e1c\u8054\u7edc\u7ebf", "\u77f3\u5fb7\u7ebf", "\u77f3\u6d4e\u5ba2\u4e13\u7ebf", "\u80f6\u6d4e\u7ebf", "\u90af\u6d4e\u7ebf", "\u9647\u6d77\u7ebf"], "line_source": "osm", "geometry_source": "osm", "distance_ratio": 0.98, "match_confidence": 1.0, "edge_count": 2077}, "geometry": {"type": "LineString", "coordinates": [[121.448159, 31.252073], [121.163714, 31.309181], [121.052935, 31.344213], [120.978461, 31.355907], [120.945005, 31.371609], [120.892173, 31.369807], [120.873346, 31.382211], [120.839998, 31.380104], [120.690935, 31.339258], [120.568133, 31.329951], [120.344749, 31.538653], [120.313094, 31.581222], [120.250969, 31.630625], [120.156889, 31.669518], [119.978054, 31.776899], [119.955688, 31.800265], [119.843517, 31.845336], [119.724993, 31.918299], [119.596676, 31.984047], [119.574264, 32.062096], [119.503569, 32.131323], [119.468152, 32.181005], [119.439663, 32.200361], [119.294697, 32.163177], [119.128237, 32.163713], [119.077119, 32.151686], [119.017459, 32.151878], [118.933472, 32.137412], [118.805347, 32.084556], [118.701541, 32.134277], [118.672854, 32.1628], [118.638774, 32.162038], [118.561518, 32.138708], [118.528404, 32.172933], [118.420721, 32.213979], [118.358928, 32.26418], [118.311846, 32.324034], [118.294511, 32.333011], [118.264143, 32.415358], [118.235293, 32.437119], [118.204904, 32.519836], [118.14885, 32.574701], [118.117288, 32.580158], [118.083743, 32.60154], [118.068348, 32.687608], [117.974721, 32.782325], [117.89396, 32.825983], [117.865531, 32.831144], [117.794312, 32.865281], [117.751802, 32.869004], [117.665925, 32.906048], [117.425684, 32.932716], [117.364424, 32.946255], [117.349971, 32.959078], [117.364517, 33.010963], [117.362809, 33.126337], [117.322907, 33.280441], [117.310195, 33.306155], [117.244198, 33.387005], [117.151803, 33.460461], [116.993014, 33.629476], [116.975416, 33.724175], [117.006838, 33.852168], [117.099253, 33.939433], [117.11819, 34.020826], [117.199983, 34.212908], [117.201406, 34.276011], [117.257676, 34.378705], [117.292053, 34.414756], [117.300541, 34.44311], [117.323754, 34.466972], [117.321918, 34.496015], [117.335561, 34.550583], [117.376643, 34.602258], [117.3288, 34.646662], [117.307649, 34.68641], [117.280928, 34.711005], [117.256181, 34.758201], [117.251856, 34.78807], [117.234002, 34.809815], [117.180551, 34.96564], [117.174425, 35.007143], [117.155218, 35.039559], [117.145269, 35.090549], [117.099241, 35.15309], [117.092089, 35.176536], [117.061282, 35.211822], [117.041751, 35.255158], [117.008171, 35.282609], [117.001364, 35.304525], [116.980115, 35.327467], [116.959403, 35.393386], [116.896752, 35.464674], [116.83125, 35.569678], [116.844023, 35.629593], [116.896516, 35.649123], [117.051848, 35.744677], [117.070093, 35.790397], [117.069537, 35.817687], [117.10278, 35.882168], [117.088865, 35.949226], [117.146994, 36.063211], [117.139074, 36.100439], [117.106997, 36.149274], [117.114405, 36.180651], [117.085825, 36.193677], [117.064862, 36.189672], [116.991625, 36.240522], [116.922252, 36.34335], [116.911638, 36.445389], [116.883333, 36.48274], [116.849382, 36.498063], [116.842848, 36.518248], [116.850927, 36.55666], [116.88947, 36.569227], [116.9168, 36.608124], [116.931422, 36.61543], [116.944561, 36.653657], [116.996274, 36.675249], [117.003693, 36.740894], [116.955026, 36.770612], [116.754595, 36.80206], [116.669236, 36.849413], [116.569, 37.007402], [116.556479, 37.05077], [116.429677, 37.176097], [116.372431, 37.285146], [116.34435, 37.314819], [116.286799, 37.42999], [116.279532, 37.472316], [116.261651, 37.471401], [116.072131, 37.592406], [116.035358, 37.608365], [115.998814, 37.613268], [115.945496, 37.649922], [115.83867, 37.681914], [115.749357, 37.727533], [115.586713, 37.762221], [115.51807, 37.78767], [115.426204, 37.80772], [115.222781, 37.894757], [115.041476, 38.018643], [114.86161, 38.029425], [114.791111, 38.023837], [114.496489, 38.069019], [114.469269, 37.969602], [114.45408, 37.962461], [114.404792, 37.981418], [114.327494, 37.99745], [114.257766, 38.047998], [114.177646, 38.073308], [114.083651, 38.142218], [114.049683, 38.151471], [113.786017, 38.147002], [113.353337, 38.111255], [113.325298, 38.099945], [113.270478, 38.053612], [113.152661, 38.025], [113.066057, 38.025965], [112.997666, 38.048048], [112.884819, 38.029418], [112.797538, 38.037372], [112.685153, 37.998453], [112.619738, 37.994214], [112.573872, 37.973898], [112.559359, 37.956882], [112.56045, 37.913536], [112.579987, 37.89333], [112.560042, 37.914506], [112.559419, 37.925648], [112.560804, 37.912179], [112.579864, 37.895278], [112.58227, 37.860038]]}}, {"type": "Feature", "properties": {"trip_id": 161, "date": "2026-01-01T00:00:00", "train": "D1655", "from": "\u5ffb\u5dde\u897f", "to": "\u592a\u539f", "duration": 30, "distance": 68, "fromcity": "\u5ffb\u5dde", "tocity": "\u592a\u539f", "line": "", "fromprov": "\u5c71\u897f\u7701", "toprov": "\u5c71\u897f\u7701", "id": "D1655", "lines": ["\u5927\u897f\u9ad8\u901f\u7ebf", "\u77f3\u592a\u5ba2\u4e13\u7ebf", "\u77f3\u592a\u7ebf"], "line_source": "osm", "geometry_source": "osm", "distance_ratio": 1.072, "match_confidence": 1.0, "edge_count": 87}, "geometry": {"type": "LineString", "coordinates": [[112.686092, 38.435579], [112.684398, 38.386867], [112.641504, 38.206373], [112.660716, 38.121831], [112.605888, 37.997775], [112.558974, 37.95583], [112.56337, 37.909708], [112.560193, 37.913585], [112.559419, 37.925648], [112.560804, 37.912179], [112.579864, 37.895278], [112.58227, 37.860038]]}}, {"type": "Feature", "properties": {"trip_id": 162, "date": "2026-01-01T00:00:00", "train": "D1654", "from": "\u592a\u539f\u5357", "to": "\u70df\u53f0", "duration": 333, "distance": 970, "fromcity": "\u592a\u539f", "tocity": "\u70df\u53f0", "line": "", "fromprov": "\u5c71\u897f\u7701", "toprov": "\u5c71\u4e1c\u7701", "id": "D1654", "lines": ["1\u9053", "\u4eac\u5e7f\u77f3\u592a\u9ad8\u901f\u8054\u7edc\u7ebf", "\u4eac\u6caa\u9ad8\u94c1", "\u5317\u8f9b\u5e97\u8054\u7edc\u7ebf", "\u5927\u897f\u9ad8\u901f\u7ebf", "\u5fb7\u5dde\u4e1c\u8054\u7edc\u7ebf", "\u6d4e\u9752\u9ad8\u901f\u7ebf", "\u6f4d\u8363\u9ad8\u901f\u7ebf", "\u77f3\u592a\u5ba2\u4e13\u7ebf", "\u77f3\u592a\u7ebf", "\u77f3\u6d4e\u5ba2\u4e13\u7ebf", "\u84dd\u70df\u7ebf", "\u90d1\u592a\u5ba2\u4e13\u7ebf", "\u9752\u70df\u76f4\u901a\u7ebf", "\u9752\u8363\u57ce\u9645\u7ebf"], "line_source": "osm", "geometry_source": "osm", "distance_ratio": 0.985, "match_confidence": 1.0, "edge_count": 792}, "geometry": {"type": "LineString", "coordinates": [[112.605768, 37.789003], [112.585161, 37.814231], [112.579864, 37.895278], [112.560042, 37.914506], [112.559419, 37.925648], [112.560804, 37.912179], [112.579987, 37.89333], [112.560626, 37.91284], [112.559128, 37.95564], [112.590824, 37.983854], [112.631056, 37.996529], [112.685153, 37.998453], [112.809539, 38.038856], [112.881182, 38.029226], [112.997666, 38.048048], [113.066057, 38.025965], [113.161035, 38.02613], [113.270478, 38.053612], [113.325298, 38.099945], [113.355978, 38.111597], [113.786017, 38.147002], [114.055812, 38.150721], [114.083651, 38.142218], [114.176164, 38.07406], [114.257766, 38.047998], [114.327494, 37.99745], [114.404792, 37.981418], [114.454498, 37.962406], [114.469576, 37.970381], [114.495866, 38.068934], [114.755043, 38.027824], [114.823541, 37.991366], [115.223912, 37.875961], [115.49455, 37.781841], [115.622209, 37.771961], [115.764653, 37.772409], [115.924087, 37.711376], [116.024348, 37.687359], [116.085472, 37.659775], [116.375728, 37.571716], [116.436969, 37.526358], [116.45665, 37.501166], [116.462073, 37.474763], [116.45394, 37.434074], [116.46176, 37.377], [116.485179, 37.336384], [116.834369, 36.86162], [116.881345, 36.826785], [116.976393, 36.776278], [117.008536, 36.772156], [117.0652, 36.782526], [117.092772, 36.773922], [117.120608, 36.751961], [117.148607, 36.748129], [117.244042, 36.759575], [117.3074, 36.758057], [117.368055, 36.771034], [117.450424, 36.802925], [117.589862, 36.803677], [117.680253, 36.79057], [117.765556, 36.798945], [117.798536, 36.812157], [117.841044, 36.851865], [117.874003, 36.866905], [117.947323, 36.88975], [118.073052, 36.899387], [118.138358, 36.930024], [118.174388, 36.936512], [118.263927, 36.929032], [118.480482, 36.853221], [118.643317, 36.814777], [118.767634, 36.804166], [119.103292, 36.803754], [119.254168, 36.790145], [119.396811, 36.80289], [119.587782, 36.780943], [119.732815, 36.80162], [119.863334, 36.797909], [119.939788, 36.811011], [120.007937, 36.802799], [120.083409, 36.77943], [120.210109, 36.78188], [120.380003, 36.799917], [120.493339, 36.799346], [120.51116, 36.808193], [120.572751, 36.869721], [120.667563, 36.900766], [120.72255, 36.938738], [120.79764, 36.971167], [120.834794, 37.004854], [120.886273, 37.024438], [120.921779, 37.053559], [120.979445, 37.080437], [121.090643, 37.175652], [121.253367, 37.291589], [121.275434, 37.321663], [121.311113, 37.343377], [121.325765, 37.361829], [121.340759, 37.426944], [121.33287, 37.535903], [121.35023, 37.558715], [121.37367, 37.549769]]}}, {"type": "Feature", "properties": {"trip_id": 163, "date": "2026-01-04T00:00:00", "train": "G2222", "from": "\u70df\u53f0\u897f", "to": "\u6d4e\u5357\u4e1c", "duration": 137, "distance": 412, "fromcity": "\u70df\u53f0", "tocity": "\u6d4e\u5357", "line": "", "fromprov": "\u5c71\u4e1c\u7701", "toprov": "\u5c71\u4e1c\u7701", "id": "G2222", "lines": ["\u6d4e\u9752\u9ad8\u901f\u7ebf", "\u6f4d\u70df\u9ad8\u901f\u7ebf", "\u6f4d\u8363\u9ad8\u901f\u7ebf", "\u77f3\u6d4e\u5ba2\u4e13\u7ebf", "\u9f99\u70df\u7ebf"], "line_source": "osm", "geometry_source": "osm", "distance_ratio": 1.058, "match_confidence": 1.0, "edge_count": 301}, "geometry": {"type": "LineString", "coordinates": [[121.175204, 37.526886], [121.150168, 37.534577], [121.113689, 37.560957], [121.086272, 37.630958], [121.012505, 37.679651], [120.94354, 37.758279], [120.833838, 37.767093], [120.782165, 37.751762], [120.750194, 37.755037], [120.719661, 37.747851], [120.64953, 37.760355], [120.610229, 37.723853], [120.599891, 37.688177], [120.558016, 37.622847], [120.539132, 37.616211], [120.448352, 37.615871], [120.351155, 37.572404], [120.259425, 37.437854], [120.242189, 37.385787], [120.165309, 37.303637], [120.086395, 37.25553], [119.974268, 37.149401], [119.867777, 37.120177], [119.818324, 37.078689], [119.749213, 37.0499], [119.692327, 37.010395], [119.631891, 36.920032], [119.538581, 36.868904], [119.521496, 36.847434], [119.506014, 36.805479], [119.485242, 36.793031], [119.391213, 36.803047], [119.252047, 36.790183], [119.103292, 36.803754], [118.767634, 36.804166], [118.657065, 36.812545], [118.480482, 36.853221], [118.263927, 36.929032], [118.174388, 36.936512], [118.138358, 36.930024], [118.073052, 36.899387], [117.947323, 36.88975], [117.874003, 36.866905], [117.841044, 36.851865], [117.798536, 36.812157], [117.765556, 36.798945], [117.680253, 36.79057], [117.589862, 36.803677], [117.450424, 36.802925], [117.368055, 36.771034], [117.3074, 36.758057], [117.244042, 36.759575], [117.153848, 36.748487]]}}, {"type": "Feature", "properties": {"trip_id": 164, "date": "2026-01-04T00:00:00", "train": "G6926", "from": "\u6d4e\u5357\u4e1c", "to": "\u6d4e\u5357", "duration": 17, "distance": 20, "fromcity": "\u6d4e\u5357", "tocity": "\u6d4e\u5357", "line": "", "fromprov": "\u5c71\u4e1c\u7701", "toprov": "\u5c71\u4e1c\u7701", "id": "G6926", "lines": ["\u4eac\u6caa\u7ebf", "\u4eac\u80f6\u8054\u7edc\u7ebf", "\u80f6\u6d4e\u7ebf", "\u9ec4\u4e1c\u8054\u7edc\u7ebf"], "line_source": "osm", "geometry_source": "osm", "distance_ratio": 0.973, "match_confidence": 1.0, "edge_count": 54}, "geometry": {"type": "LineString", "coordinates": [[117.148926, 36.748387], [117.108402, 36.748783], [117.095288, 36.7321], [117.093974, 36.706368], [116.985107, 36.670961]]}}, {"type": "Feature", "properties": {"trip_id": 165, "date": "2026-01-05T00:00:00", "train": "T131", "from": "\u6d4e\u5357", "to": "\u4e0a\u6d77", "duration": 623, "distance": 968, "fromcity": "\u6d4e\u5357", "tocity": "\u4e0a\u6d77", "line": "", "fromprov": "\u5c71\u4e1c\u7701", "toprov": "\u4e0a\u6d77\u5e02", "id": "T131", "lines": ["\u4eac\u6caa\u4e09\u7ebf", "\u4eac\u6caa\u7ebf", "\u4eac\u6caa\u7ebf (\u6caa\u5b81\u7ebf)", "\u5357\u4eac\u5ba2\u7ebf", "\u5939\u5317\u7ebf", "\u5f90\u5dde\u5c0f\u8fd0\u8f6c\u7ebf", "\u6797\u9ad8\u8054\u7edc\u7ebf", "\u6caa\u5b81\u57ce\u9645\u7ebf", "\u6caa\u82cf\u901a\u7ebf", "\u80f6\u6d4e\u7ebf", "\u9647\u6d77\u7ebf"], "line_source": "osm", "geometry_source": "osm", "distance_ratio": 0.996, "match_confidence": 1.0, "edge_count": 1300}, "geometry": {"type": "LineString", "coordinates": [[116.980587, 36.669598], [116.944247, 36.65332], [116.931422, 36.61543], [116.9168, 36.608124], [116.888984, 36.568744], [116.851588, 36.557425], [116.842848, 36.518248], [116.849382, 36.498063], [116.883333, 36.48274], [116.911638, 36.445389], [116.922252, 36.34335], [116.991625, 36.240522], [117.064862, 36.189672], [117.085825, 36.193677], [117.114405, 36.180651], [117.106997, 36.149274], [117.139074, 36.100439], [117.146994, 36.063211], [117.088865, 35.949226], [117.10278, 35.882168], [117.069537, 35.817687], [117.070093, 35.790397], [117.051848, 35.744677], [116.896516, 35.649123], [116.844023, 35.629593], [116.83125, 35.569678], [116.896752, 35.464674], [116.959403, 35.393386], [116.980115, 35.327467], [117.001364, 35.304525], [117.008171, 35.282609], [117.041751, 35.255158], [117.061282, 35.211822], [117.092089, 35.176536], [117.099241, 35.15309], [117.145269, 35.090549], [117.155218, 35.039559], [117.174425, 35.007143], [117.180551, 34.96564], [117.234002, 34.809815], [117.251856, 34.78807], [117.256181, 34.758201], [117.280928, 34.711005], [117.307649, 34.68641], [117.3288, 34.646662], [117.376643, 34.602258], [117.335561, 34.550583], [117.321918, 34.496015], [117.323754, 34.466972], [117.300541, 34.44311], [117.292053, 34.414756], [117.257676, 34.378705], [117.201406, 34.276011], [117.199983, 34.212908], [117.11819, 34.020826], [117.099253, 33.939433], [117.006838, 33.852168], [116.975416, 33.724175], [116.993014, 33.629476], [117.151803, 33.460461], [117.244198, 33.387005], [117.310195, 33.306155], [117.322907, 33.280441], [117.362809, 33.126337], [117.364517, 33.010963], [117.349971, 32.959078], [117.364424, 32.946255], [117.425684, 32.932716], [117.665925, 32.906048], [117.751802, 32.869004], [117.794312, 32.865281], [117.865531, 32.831144], [117.89396, 32.825983], [117.974721, 32.782325], [118.068348, 32.687608], [118.083743, 32.60154], [118.117288, 32.580158], [118.14885, 32.574701], [118.204904, 32.519836], [118.235293, 32.437119], [118.264143, 32.415358], [118.294511, 32.333011], [118.311846, 32.324034], [118.358928, 32.26418], [118.420721, 32.213979], [118.528404, 32.172933], [118.561518, 32.138708], [118.638774, 32.162038], [118.672854, 32.1628], [118.701541, 32.134277], [118.805347, 32.084556], [118.933472, 32.137412], [119.017459, 32.151878], [119.077119, 32.151686], [119.128237, 32.163713], [119.294697, 32.163177], [119.439663, 32.200361], [119.468152, 32.181005], [119.503569, 32.131323], [119.574264, 32.062096], [119.596676, 31.984047], [119.724993, 31.918299], [119.843517, 31.845336], [119.955688, 31.800265], [119.978054, 31.776899], [120.156889, 31.669518], [120.250969, 31.630625], [120.313094, 31.581222], [120.344749, 31.538653], [120.568133, 31.329951], [120.690935, 31.339258], [120.839998, 31.380104], [120.873346, 31.382211], [120.892173, 31.369807], [120.945005, 31.371609], [120.978461, 31.355907], [121.052935, 31.344213], [121.163714, 31.309181], [121.448159, 31.252073]]}}, {"type": "Feature", "properties": {"trip_id": 166, "date": "2026-01-11T00:00:00", "train": "S4807", "from": "\u767d\u4e91\u673a\u573a\u5317", "to": "\u7af9\u6599", "duration": 16, "distance": 10, "fromcity": "\u5e7f\u5dde", "tocity": "\u5e7f\u5dde", "line": "", "fromprov": "\u5e7f\u4e1c\u7701", "toprov": "\u5e7f\u4e1c\u7701", "id": "S4807", "lines": ["\u5e7f\u5dde\u4e1c\u73af\u57ce\u9645\u7ebf", "\u7a57\u6df1\u57ce\u9645\u7ebf"], "line_source": "osm", "geometry_source": "mixed", "distance_ratio": 0.935, "match_confidence": 0.667, "edge_count": 5}, "geometry": {"type": "LineString", "coordinates": [[113.300242, 23.396092], [113.301738, 23.373149], [113.358398, 23.350736]]}}, {"type": "Feature", "properties": {"trip_id": 167, "date": "2026-01-11T00:00:00", "train": "C4994", "from": "\u7af9\u6599", "to": "\u767d\u4e91\u673a\u573a\u5357", "duration": 10, "distance": 8, "fromcity": "\u5e7f\u5dde", "tocity": "\u5e7f\u5dde", "line": "", "fromprov": "\u5e7f\u4e1c\u7701", "toprov": "\u5e7f\u4e1c\u7701", "id": "C4994", "lines": ["\u5e7f\u5dde\u4e1c\u73af\u57ce\u9645\u7ebf", "\u7a57\u6df1\u57ce\u9645\u7ebf"], "line_source": "osm", "geometry_source": "osm", "distance_ratio": 1.168, "match_confidence": 1.0, "edge_count": 5}, "geometry": {"type": "LineString", "coordinates": [[113.358398, 23.350736], [113.301738, 23.373149], [113.300242, 23.396092]]}}, {"type": "Feature", "properties": {"trip_id": 168, "date": "2026-02-06T00:00:00", "train": "K850", "from": "\u4e0a\u6d77", "to": "\u5357\u4eac", "duration": 303, "distance": 301, "fromcity": "\u4e0a\u6d77", "tocity": "\u5357\u4eac", "line": "", "fromprov": "\u4e0a\u6d77\u5e02", "toprov": "\u6c5f\u82cf\u7701", "id": "K850", "lines": ["\u4eac\u6caa\u7ebf", "\u4eac\u6caa\u7ebf (\u6caa\u5b81\u7ebf)", "\u6caa\u5b81\u57ce\u9645\u7ebf", "\u6caa\u82cf\u901a\u7ebf"], "line_source": "osm", "geometry_source": "osm", "distance_ratio": 0.994, "match_confidence": 1.0, "edge_count": 483}, "geometry": {"type": "LineString", "coordinates": [[121.448159, 31.252073], [121.163714, 31.309181], [121.052935, 31.344213], [120.978461, 31.355907], [120.945005, 31.371609], [120.892173, 31.369807], [120.873346, 31.382211], [120.839998, 31.380104], [120.690935, 31.339258], [120.568133, 31.329951], [120.344749, 31.538653], [120.313094, 31.581222], [120.250969, 31.630625], [120.156889, 31.669518], [119.978054, 31.776899], [119.955688, 31.800265], [119.843517, 31.845336], [119.724993, 31.918299], [119.596676, 31.984047], [119.574264, 32.062096], [119.503569, 32.131323], [119.468152, 32.181005], [119.439663, 32.200361], [119.291956, 32.16286], [119.1316, 32.163908], [119.075979, 32.151541], [119.011681, 32.15112], [118.929564, 32.136426], [118.88091, 32.110382], [118.841537, 32.10288], [118.806881, 32.084821], [118.790724, 32.090153]]}}, {"type": "Feature", "properties": {"trip_id": 169, "date": "2026-02-07T00:00:00", "train": "G1443", "from": "\u5357\u4eac\u5357", "to": "\u516d\u5b89", "duration": 75, "distance": 244, "fromcity": "\u5357\u4eac", "tocity": "\u516d\u5b89", "line": "", "fromprov": "\u6c5f\u82cf\u7701", "toprov": "\u5b89\u5fbd\u7701", "id": "G1443", "lines": ["\u6caa\u84c9\u7ebf"], "line_source": "osm", "geometry_source": "osm", "distance_ratio": 0.95, "match_confidence": 1.0, "edge_count": 241}, "geometry": {"type": "LineString", "coordinates": [[118.788902, 31.968823], [118.726051, 31.928337], [118.685733, 31.924426], [118.597178, 31.985331], [118.419143, 32.069029], [118.307569, 32.067702], [118.103534, 32.03173], [118.029308, 32.00938], [117.95348, 32.007357], [117.818253, 31.975211], [117.737623, 31.964265], [117.457823, 31.854338], [117.425601, 31.814945], [117.406633, 31.805072], [117.351527, 31.809728], [117.215246, 31.790985], [117.083776, 31.787785], [117.028068, 31.772347], [116.780777, 31.748092], [116.556992, 31.744973], [116.498202, 31.717876]]}}, {"type": "Feature", "properties": {"trip_id": 170, "date": "2026-02-08T00:00:00", "train": "K752", "from": "\u516d\u5b89", "to": "\u4e0a\u6d77\u677e\u6c5f", "duration": 622, "distance": 684, "fromcity": "\u516d\u5b89", "tocity": "\u4e0a\u6d77", "line": "", "fromprov": "\u5b89\u5fbd\u7701", "toprov": "\u4e0a\u6d77\u5e02", "id": "K752", "lines": ["\u4eac\u6e2f\u9ad8\u901f\u7ebf", "\u5408\u65b0\u9ad8\u901f\u7ebf", "\u5408\u6b66\u7ed5\u884c\u7ebf", "\u5408\u80a5\u65b0\u5ba2\u7ebf", "\u5b81\u676d\u826e\u5c71\u95e8\u8054\u7edc\u7ebf", "\u5b81\u829c\u7ebf", "\u5b81\u897f\u7ebf", "\u5ba3\u676d\u7ebf", "\u5ba3\u676d\u8001\u7ebf", "\u6caa\u6606\u7ebf", "\u6caa\u84c9\u7ebf", "\u6dee\u5357\u7ebf", "\u6dee\u5357\u7ed5\u884c\u7ebf", "\u7696\u8d63\u7ebf", "\u7b15\u676d\u7ebf"], "line_source": "osm", "geometry_source": "osm", "distance_ratio": 0.965, "match_confidence": 1.0, "edge_count": 951}, "geometry": {"type": "LineString", "coordinates": [[116.498202, 31.717876], [116.556992, 31.744973], [116.780777, 31.748092], [117.028068, 31.772347], [117.081885, 31.787606], [117.17912, 31.79118], [117.208379, 31.823529], [117.212101, 31.852844], [117.232859, 31.879411], [117.265229, 31.908527], [117.285011, 31.912978], [117.294779, 31.897599], [117.322129, 31.881828], [117.37866, 31.890312], [117.389722, 31.885365], [117.486844, 31.809932], [117.53252, 31.761962], [117.571786, 31.746955], [117.586784, 31.714281], [117.628418, 31.691881], [117.66675, 31.692339], [117.735768, 31.676913], [117.764733, 31.662366], [117.810514, 31.614188], [117.86627, 31.620354], [117.897006, 31.614013], [117.967047, 31.532231], [117.977743, 31.498449], [118.052246, 31.479403], [118.094114, 31.492179], [118.282965, 31.445558], [118.287845, 31.4387], [118.280945, 31.40083], [118.305857, 31.386134], [118.388384, 31.393386], [118.375886, 31.360601], [118.388283, 31.334275], [118.407302, 31.329573], [118.412259, 31.311509], [118.392271, 31.273271], [118.397684, 31.247576], [118.392285, 31.221832], [118.410871, 31.195355], [118.457789, 31.180565], [118.528314, 31.143819], [118.581771, 31.143632], [118.610317, 31.130006], [118.655546, 31.074574], [118.688829, 31.011311], [118.734137, 31.003849], [118.749615, 30.967034], [118.780851, 30.940864], [118.830046, 30.94967], [119.166768, 30.951783], [119.255791, 30.934126], [119.288494, 30.919013], [119.36097, 30.928281], [119.391238, 30.91285], [119.508358, 30.912163], [119.557434, 30.942604], [119.653019, 30.914993], [119.795094, 30.961411], [119.856468, 30.996005], [119.922228, 30.988883], [119.968867, 30.915797], [120.007853, 30.894192], [120.017264, 30.876463], [120.016029, 30.801448], [120.001004, 30.760702], [119.961066, 30.713507], [119.954792, 30.694726], [119.960495, 30.677795], [119.953501, 30.650579], [119.96798, 30.631543], [119.958261, 30.614676], [119.95125, 30.509994], [119.987924, 30.479655], [120.030954, 30.475952], [120.067618, 30.427309], [120.082304, 30.382101], [120.141156, 30.374519], [120.149817, 30.348305], [120.181723, 30.331678], [120.179265, 30.285729], [120.185321, 30.271697], [120.178386, 30.24597], [120.185417, 30.314996], [120.206367, 30.320152], [120.218273, 30.340163], [120.237938, 30.350952], [120.283051, 30.406702], [120.315782, 30.4331], [120.552918, 30.483548], [120.690444, 30.542708], [120.747578, 30.69725], [120.746807, 30.75328], [120.765711, 30.771266], [120.900446, 30.848233], [121.017231, 30.886718], [121.081779, 30.962139], [121.108314, 30.980674], [121.220781, 30.987037]]}}, {"type": "Feature", "properties": {"trip_id": 171, "date": "2026-02-10T00:00:00", "train": "G8982", "from": "\u4e0a\u6d77\u897f", "to": "\u82cf\u5dde", "duration": 30, "distance": 79, "fromcity": "\u4e0a\u6d77", "tocity": "\u82cf\u5dde", "line": "", "fromprov": "\u4e0a\u6d77\u5e02", "toprov": "\u6c5f\u82cf\u7701", "id": "G8982", "lines": ["\u4eac\u6caa\u7ebf", "\u6caa\u5b81\u57ce\u9645\u7ebf", "\u6caa\u82cf\u901a\u7ebf"], "line_source": "osm", "geometry_source": "osm", "distance_ratio": 1.052, "match_confidence": 1.0, "edge_count": 153}, "geometry": {"type": "LineString", "coordinates": [[121.448159, 31.252073], [121.163714, 31.309181], [121.052935, 31.344213], [120.978461, 31.355907], [120.945005, 31.371609], [120.892173, 31.369807], [120.873346, 31.382211], [120.839998, 31.380104], [120.690935, 31.339258], [120.610157, 31.332673]]}}, {"type": "Feature", "properties": {"trip_id": 172, "date": "2026-02-10T00:00:00", "train": "Z268", "from": "\u82cf\u5dde", "to": "\u67a3\u5e84\u897f", "duration": 358, "distance": 633, "fromcity": "\u82cf\u5dde", "tocity": "\u67a3\u5e84", "line": "", "fromprov": "\u6c5f\u82cf\u7701", "toprov": "\u5c71\u4e1c\u7701", "id": "Z268", "lines": ["\u4eac\u6caa\u4e09\u7ebf", "\u4eac\u6caa\u7ebf", "\u4eac\u6caa\u7ebf (\u6caa\u5b81\u7ebf)", "\u5357\u4eac\u5ba2\u7ebf", "\u5939\u5317\u7ebf", "\u5f90\u5dde\u5c0f\u8fd0\u8f6c\u7ebf", "\u6797\u9ad8\u8054\u7edc\u7ebf", "\u6caa\u5b81\u57ce\u9645\u7ebf", "\u9647\u6d77\u7ebf"], "line_source": "osm", "geometry_source": "osm", "distance_ratio": 0.993, "match_confidence": 1.0, "edge_count": 692}, "geometry": {"type": "LineString", "coordinates": [[120.601853, 31.331071], [120.563698, 31.332815], [120.344749, 31.538653], [120.313094, 31.581222], [120.248007, 31.632554], [120.156889, 31.669518], [119.978054, 31.776899], [119.955688, 31.800265], [119.843517, 31.845336], [119.724993, 31.918299], [119.597066, 31.983752], [119.574264, 32.062096], [119.503569, 32.131323], [119.468978, 32.180156], [119.441894, 32.199503], [119.294697, 32.163177], [119.128237, 32.163713], [119.077119, 32.151686], [119.017459, 32.151878], [118.933472, 32.137412], [118.805347, 32.084556], [118.701541, 32.134277], [118.672854, 32.1628], [118.638774, 32.162038], [118.562369, 32.13838], [118.528404, 32.172933], [118.420721, 32.213979], [118.358928, 32.26418], [118.311846, 32.324034], [118.294511, 32.333011], [118.264143, 32.415358], [118.235293, 32.437119], [118.204904, 32.519836], [118.14885, 32.574701], [118.117288, 32.580158], [118.083743, 32.60154], [118.068348, 32.687608], [117.974721, 32.782325], [117.89396, 32.825983], [117.865531, 32.831144], [117.794312, 32.865281], [117.751802, 32.869004], [117.665925, 32.906048], [117.425684, 32.932716], [117.364424, 32.946255], [117.350414, 32.958618], [117.364517, 33.010963], [117.362809, 33.126337], [117.322907, 33.280441], [117.310195, 33.306155], [117.244198, 33.387005], [117.151803, 33.460461], [116.993014, 33.629476], [116.974425, 33.736984], [117.008145, 33.854601], [117.099253, 33.939433], [117.11819, 34.020826], [117.199983, 34.212908], [117.201406, 34.276011], [117.257676, 34.378705], [117.292053, 34.414756], [117.300541, 34.44311], [117.323754, 34.466972], [117.321918, 34.496015], [117.335561, 34.550583], [117.376429, 34.600465], [117.329545, 34.645774], [117.307649, 34.68641], [117.280928, 34.711005], [117.255876, 34.758882], [117.250713, 34.790205]]}}, {"type": "Feature", "properties": {"trip_id": 173, "date": "2026-02-10T00:00:00", "train": "K1051", "from": "\u67a3\u5e84\u897f", "to": "\u9752\u5c9b\u5317", "duration": 368, "distance": 422, "fromcity": "\u67a3\u5e84", "tocity": "\u9752\u5c9b", "line": "", "fromprov": "\u5c71\u4e1c\u7701", "toprov": "\u5c71\u4e1c\u7701", "id": "K1051", "lines": ["\u4e34\u6cad\u5927\u5317\u8054\u7edc\u7ebf", "\u4eac\u6caa\u7ebf", "\u5156\u77f3\u7ebf", "\u6731\u4fdd\u758f\u89e3\u7ebf", "\u67a3\u4e34\u7ebf", "\u80f6\u65b0\u758f\u89e3\u7ebf", "\u80f6\u65b0\u7ebf", "\u80f6\u6d4e\u5ba2\u4e13\u7ebf", "\u80f6\u6d4e\u7ebf", "\u84dd\u70df\u7ebf", "\u9752\u8363\u57ce\u9645\u7ebf"], "line_source": "osm", "geometry_source": "osm", "distance_ratio": 0.994, "match_confidence": 1.0, "edge_count": 864}, "geometry": {"type": "LineString", "coordinates": [[117.245928, 34.796699], [117.244964, 34.809593], [117.291704, 34.847313], [117.331083, 34.851536], [117.389179, 34.842425], [117.556944, 34.873469], [117.658793, 34.859595], [117.688469, 34.835762], [117.785754, 34.800661], [117.839417, 34.808309], [117.944664, 34.841179], [117.963914, 34.859913], [117.973515, 34.889924], [118.020839, 34.900259], [118.042345, 34.921867], [118.098564, 34.954866], [118.109722, 34.987571], [118.120626, 35.085334], [118.14979, 35.115575], [118.157004, 35.139535], [118.223335, 35.10139], [118.279844, 35.047036], [118.321462, 35.035827], [118.386965, 35.045818], [118.429632, 35.095123], [118.465725, 35.169523], [118.545402, 35.274268], [118.621927, 35.5043], [118.710989, 35.636315], [118.735011, 35.649482], [118.849631, 35.650839], [118.936952, 35.670344], [118.958874, 35.701668], [118.982121, 35.718522], [119.059756, 35.73454], [119.088934, 35.761748], [119.213036, 35.809504], [119.228639, 35.8604], [119.223695, 35.890154], [119.236095, 35.940188], [119.277029, 35.982006], [119.394326, 36.073466], [119.466292, 36.077221], [119.532585, 36.126601], [119.631211, 36.164883], [119.673893, 36.196328], [119.858603, 36.259573], [119.927455, 36.303739], [119.971364, 36.305252], [120.006085, 36.295924], [120.07274, 36.313256], [120.130659, 36.347122], [120.164165, 36.390231], [120.198334, 36.396765], [120.241472, 36.385889], [120.29009, 36.347408], [120.322588, 36.339148], [120.350968, 36.315147], [120.377651, 36.235875], [120.375688, 36.214769], [120.363515, 36.199243], [120.369391, 36.166733]]}}, {"type": "Feature", "properties": {"trip_id": 174, "date": "2026-03-07T00:00:00", "train": "C2375", "from": "\u4e0a\u6d77\u5357", "to": "\u6e56\u5dde\u5357\u6d54", "duration": 43, "distance": 119, "fromcity": "\u4e0a\u6d77", "tocity": "\u6e56\u5dde", "line": "", "fromprov": "\u4e0a\u6d77\u5e02", "toprov": "\u6d59\u6c5f\u7701", "id": "C2375", "lines": ["\u4e0a\u6d77\u5357\u8054\u7edc\u7ebf", "\u6caa\u6606\u7ebf", "\u6caa\u6625\u7ebf", "\u6caa\u676d\u7ebf", "\u6caa\u82cf\u6e56\u9ad8\u901f\u7ebf", "\u91d1\u5c71\u7ebf"], "line_source": "osm", "geometry_source": "mixed", "distance_ratio": 1.023, "match_confidence": 0.857, "edge_count": 135}, "geometry": {"type": "LineString", "coordinates": [[121.421156, 31.151934], [121.355936, 31.084907], [121.295845, 31.046104], [121.24541, 30.996433], [121.199615, 30.984447], [121.220781, 30.987037], [121.207404, 30.98327], [121.053635, 30.986114], [121.008439, 31.007227], [120.964671, 31.04376], [120.885965, 31.064065], [120.816249, 31.067951], [120.755848, 31.058837], [120.706795, 31.028445], [120.645398, 30.939551], [120.528587, 30.891029], [120.457191, 30.838922], [120.411106, 30.829246]]}}, {"type": "Feature", "properties": {"trip_id": 175, "date": "2026-03-07T00:00:00", "train": "C3015", "from": "\u6e56\u5dde\u5357\u6d54", "to": "\u6e56\u5dde", "duration": 17, "distance": 42, "fromcity": "\u6e56\u5dde", "tocity": "\u6e56\u5dde", "line": "", "fromprov": "\u6d59\u6c5f\u7701", "toprov": "\u6d59\u6c5f\u7701", "id": "C3015", "lines": ["\u5408\u676d\u9ad8\u901f\u7ebf", "\u6caa\u82cf\u6e56\u9ad8\u901f\u7ebf"], "line_source": "osm", "geometry_source": "osm", "distance_ratio": 0.957, "match_confidence": 1.0, "edge_count": 18}, "geometry": {"type": "LineString", "coordinates": [[120.396115, 30.828734], [120.246782, 30.815005], [120.102838, 30.822927], [120.033553, 30.81877], [120.018787, 30.830933], [120.018, 30.860267]]}}, {"type": "Feature", "properties": {"trip_id": 176, "date": "2026-03-07T00:00:00", "train": "C3032", "from": "\u6e56\u5dde\u4e1c", "to": "\u4e0a\u6d77\u5357", "duration": 41, "distance": 141, "fromcity": "\u6e56\u5dde", "tocity": "\u4e0a\u6d77", "line": "", "fromprov": "\u6d59\u6c5f\u7701", "toprov": "\u4e0a\u6d77\u5e02", "id": "C3032", "lines": ["\u4e0a\u6d77\u5357\u8054\u7edc\u7ebf", "\u6caa\u6606\u7ebf", "\u6caa\u6625\u7ebf", "\u6caa\u676d\u7ebf", "\u6caa\u82cf\u6e56\u9ad8\u901f\u7ebf", "\u91d1\u5c71\u7ebf"], "line_source": "osm", "geometry_source": "mixed", "distance_ratio": 1.019, "match_confidence": 0.875, "edge_count": 136}, "geometry": {"type": "LineString", "coordinates": [[120.18351, 30.818399], [120.251545, 30.815191], [120.452687, 30.836894], [120.528587, 30.891029], [120.647242, 30.940849], [120.710644, 31.032426], [120.73867, 31.052016], [120.77252, 31.062776], [120.877032, 31.065145], [120.952673, 31.048099], [120.977515, 31.036399], [121.013647, 31.003972], [121.062207, 30.984249], [121.210881, 30.983993], [121.220781, 30.987037], [121.199615, 30.984447], [121.244186, 30.995554], [121.295845, 31.046104], [121.344235, 31.075265], [121.421156, 31.151934]]}}, {"type": "Feature", "properties": {"trip_id": 177, "date": "2026-03-16T00:00:00", "train": "S1634", "from": "\u91d1\u5c71\u56ed\u533a", "to": "\u8398\u5e84", "duration": 46, "distance": 38, "fromcity": "\u4e0a\u6d77", "tocity": "\u4e0a\u6d77", "line": "", "fromprov": "\u4e0a\u6d77\u5e02", "toprov": "\u4e0a\u6d77\u5e02", "id": "S1634", "lines": ["\u6caa\u6606\u7ebf", "\u6caa\u6625\u7ebf", "\u91d1\u5c71\u7ebf"], "line_source": "osm", "geometry_source": "osm", "distance_ratio": 0.951, "match_confidence": 1.0, "edge_count": 99}, "geometry": {"type": "LineString", "coordinates": [[121.365327, 30.83968], [121.352574, 30.901563], [121.303531, 30.98045], [121.318974, 31.012299], [121.303219, 31.048508], [121.352934, 31.082301], [121.382729, 31.114339]]}}, {"type": "Feature", "properties": {"trip_id": 178, "date": "2026-03-21T00:00:00", "train": "D381", "from": "\u4e0a\u6d77\u5357", "to": "\u91d1\u5c71\u5317", "duration": 25, "distance": 46, "fromcity": "\u4e0a\u6d77", "tocity": "\u4e0a\u6d77", "line": "", "fromprov": "\u4e0a\u6d77\u5e02", "toprov": "\u4e0a\u6d77\u5e02", "id": "D381", "lines": ["\u4e0a\u6d77\u5357\u8054\u7edc\u7ebf", "\u6caa\u6606\u7ebf", "\u6caa\u6625\u7ebf", "\u6caa\u676d\u7ebf", "\u91d1\u5c71\u7ebf"], "line_source": "osm", "geometry_source": "osm", "distance_ratio": 1.032, "match_confidence": 1.0, "edge_count": 121}, "geometry": {"type": "LineString", "coordinates": [[121.421156, 31.151934], [121.355936, 31.084907], [121.295845, 31.046104], [121.24541, 30.996433], [121.199615, 30.984447], [121.22252, 30.98274], [121.170235, 30.937985], [121.089897, 30.899452]]}}, {"type": "Feature", "properties": {"trip_id": 179, "date": "2026-03-22T00:00:00", "train": "G8982", "from": "\u7ec3\u5858", "to": "\u4e0a\u6d77\u5357", "duration": 21, "distance": 47, "fromcity": "\u4e0a\u6d77", "tocity": "\u4e0a\u6d77", "line": "", "fromprov": "\u4e0a\u6d77\u5e02", "toprov": "\u4e0a\u6d77\u5e02", "id": "G8982", "lines": ["\u4e0a\u6d77\u5357\u8054\u7edc\u7ebf", "\u6caa\u6606\u7ebf", "\u6caa\u6625\u7ebf", "\u6caa\u676d\u7ebf", "\u6caa\u82cf\u6e56\u9ad8\u901f\u7ebf", "\u91d1\u5c71\u7ebf"], "line_source": "osm", "geometry_source": "osm", "distance_ratio": 1.055, "match_confidence": 1.0, "edge_count": 133}, "geometry": {"type": "LineString", "coordinates": [[121.030658, 30.995332], [121.104079, 30.981134], [121.205104, 30.983005], [121.220781, 30.987037], [121.199615, 30.984447], [121.241304, 30.994049], [121.295845, 31.046104], [121.355936, 31.084907], [121.421156, 31.151934]]}}, {"type": "Feature", "properties": {"trip_id": 180, "date": "2026-03-27T00:00:00", "train": "G1667", "from": "\u4e0a\u6d77\u8679\u6865", "to": "\u5343\u5c9b\u6e56", "duration": 117, "distance": 361, "fromcity": "\u4e0a\u6d77", "tocity": "\u676d\u5dde", "line": "", "fromprov": "\u4e0a\u6d77\u5e02", "toprov": "\u6d59\u6c5f\u7701", "id": "G1667", "lines": ["\u4e0a\u6d77\u8679\u6865\u7ad920\u9053", "\u5408\u676d\u9ad8\u901f\u7ebf", "\u676d\u660c\u9ad8\u901f\u7ebf", "\u6850\u5e90\u7ad94\u9053", "\u6850\u5e90\u8054\u7edc\u7ebf", "\u6caa\u6606\u7ebf", "\u6caa\u676d\u7ebf", "\u6caa\u82cf\u6e56\u9ad8\u901f\u7ebf", "\u91d1\u5c71\u7ebf", "\u91d1\u5efa\u9ad8\u901f\u7ebf"], "line_source": "osm", "geometry_source": "mixed", "distance_ratio": 1.036, "match_confidence": 0.938, "edge_count": 402}, "geometry": {"type": "LineString", "coordinates": [[121.315826, 31.193718], [121.319513, 31.168564], [121.356799, 31.112885], [121.36069, 31.090091], [121.295845, 31.046104], [121.244186, 30.995554], [121.199615, 30.984447], [121.220781, 30.987037], [121.210881, 30.983993], [121.059235, 30.984813], [121.010854, 31.005666], [120.959005, 31.046137], [120.88293, 31.064509], [120.811545, 31.06756], [120.760036, 31.060078], [120.728481, 31.046403], [120.702184, 31.023025], [120.647242, 30.940849], [120.57583, 30.915679], [120.439324, 30.832446], [120.249314, 30.815075], [120.102838, 30.822927], [120.035144, 30.818659], [120.018787, 30.830933], [120.017572, 30.860278], [120.013488, 30.735281], [120.063825, 30.521251], [120.098132, 30.457856], [120.097936, 30.414218], [120.033175, 30.30984], [119.919877, 30.293564], [119.897769, 30.280614], [119.880423, 30.258407], [119.872184, 30.232372], [119.873508, 30.149354], [119.860261, 30.063197], [119.841175, 30.006207], [119.760008, 29.916405], [119.754933, 29.889098], [119.760541, 29.823501], [119.702795, 29.765515], [119.652375, 29.734176], [119.595527, 29.711168], [119.485943, 29.606862], [119.446332, 29.581908], [119.404993, 29.572366], [119.368957, 29.573818], [119.331862, 29.59152], [119.235766, 29.701843], [119.191308, 29.735279]]}}, {"type": "Feature", "properties": {"trip_id": 181, "date": "2026-03-30T00:00:00", "train": "G1500", "from": "\u5343\u5c9b\u6e56", "to": "\u4e0a\u6d77\u8679\u6865", "duration": 151, "distance": 361, "fromcity": "\u676d\u5dde", "tocity": "\u4e0a\u6d77", "line": "", "fromprov": "\u6d59\u6c5f\u7701", "toprov": "\u4e0a\u6d77\u5e02", "id": "G1500", "lines": ["\u4e0a\u6d77\u8679\u6865\u7ad920\u9053", "\u5408\u676d\u9ad8\u901f\u7ebf", "\u676d\u660c\u9ad8\u901f\u7ebf", "\u6850\u5e90\u7ad94\u9053", "\u6850\u5e90\u8054\u7edc\u7ebf", "\u6caa\u6606\u7ebf", "\u6caa\u676d\u7ebf", "\u6caa\u82cf\u6e56\u9ad8\u901f\u7ebf", "\u91d1\u5c71\u7ebf", "\u91d1\u5efa\u9ad8\u901f\u7ebf"], "line_source": "osm", "geometry_source": "mixed", "distance_ratio": 1.036, "match_confidence": 0.938, "edge_count": 402}, "geometry": {"type": "LineString", "coordinates": [[119.191308, 29.735279], [119.235766, 29.701843], [119.331862, 29.59152], [119.368957, 29.573818], [119.404993, 29.572366], [119.446332, 29.581908], [119.485943, 29.606862], [119.595527, 29.711168], [119.652375, 29.734176], [119.702795, 29.765515], [119.760541, 29.823501], [119.754933, 29.889098], [119.760008, 29.916405], [119.841175, 30.006207], [119.860261, 30.063197], [119.873508, 30.149354], [119.872184, 30.232372], [119.880423, 30.258407], [119.897769, 30.280614], [119.919877, 30.293564], [120.033175, 30.30984], [120.097936, 30.414218], [120.098132, 30.457856], [120.063825, 30.521251], [120.013488, 30.735281], [120.017572, 30.860278], [120.018787, 30.830933], [120.035144, 30.818659], [120.102838, 30.822927], [120.249314, 30.815075], [120.439324, 30.832446], [120.57583, 30.915679], [120.647242, 30.940849], [120.702184, 31.023025], [120.728481, 31.046403], [120.760036, 31.060078], [120.811545, 31.06756], [120.88293, 31.064509], [120.959005, 31.046137], [121.010854, 31.005666], [121.059235, 30.984813], [121.210881, 30.983993], [121.220781, 30.987037], [121.199615, 30.984447], [121.244186, 30.995554], [121.295845, 31.046104], [121.36069, 31.090091], [121.356799, 31.112885], [121.319513, 31.168564], [121.315826, 31.193718]]}}, {"type": "Feature", "properties": {"trip_id": 182, "date": "2026-04-08T00:00:00", "train": "G2554", "from": "\u516d\u5b89", "to": "\u5408\u80a5", "duration": 41, "distance": 92, "fromcity": "\u516d\u5b89", "tocity": "\u5408\u80a5", "line": "", "fromprov": "\u5b89\u5fbd\u7701", "toprov": "\u5b89\u5fbd\u7701", "id": "G2554", "lines": ["\u4eac\u6e2f\u9ad8\u901f\u7ebf", "\u5408\u65b0\u9ad8\u901f\u7ebf", "\u5408\u6b66\u7ed5\u884c\u7ebf", "\u5b81\u897f\u7ebf", "\u6caa\u84c9\u7ebf", "\u6dee\u5357\u7ed5\u884c\u7ebf"], "line_source": "osm", "geometry_source": "osm", "distance_ratio": 0.947, "match_confidence": 1.0, "edge_count": 150}, "geometry": {"type": "LineString", "coordinates": [[116.498202, 31.717876], [116.556992, 31.744973], [116.780777, 31.748092], [117.028068, 31.772347], [117.081885, 31.787606], [117.17912, 31.79118], [117.209055, 31.824682], [117.213209, 31.854827], [117.264535, 31.908045], [117.285718, 31.912773], [117.307071, 31.890395]]}}, {"type": "Feature", "properties": {"trip_id": 183, "date": "2026-04-08T00:00:00", "train": "D5594", "from": "\u5408\u80a5", "to": "\u626c\u5dde", "duration": 87, "distance": 222, "fromcity": "\u5408\u80a5", "tocity": "\u626c\u5dde", "line": "", "fromprov": "\u5b89\u5fbd\u7701", "toprov": "\u6c5f\u82cf\u7701", "id": "D5594", "lines": ["\u5408\u5b81\u7ebf", "\u5408\u5b81\u7ed5\u884c\u7ebf", "\u5408\u80a5\u65b0\u5ba2\u7ebf", "\u5b81\u542f\u7ebf", "\u6797\u9ad8\u8054\u7edc\u7ebf", "\u6c38\u5168\u7ebf", "\u6caa\u84c9\u7ebf", "\u6dee\u5357\u7ebf"], "line_source": "osm", "geometry_source": "osm", "distance_ratio": 0.991, "match_confidence": 1.0, "edge_count": 287}, "geometry": {"type": "LineString", "coordinates": [[117.311685, 31.887545], [117.323941, 31.881531], [117.381466, 31.889977], [117.422014, 31.857909], [117.452668, 31.85419], [117.734736, 31.963412], [117.949949, 32.006751], [118.029308, 32.00938], [118.103534, 32.03173], [118.309103, 32.067903], [118.405011, 32.072609], [118.457229, 32.052848], [118.485061, 32.089122], [118.550107, 32.138304], [118.570911, 32.137463], [118.640006, 32.157215], [118.648151, 32.17405], [118.689795, 32.19862], [118.738743, 32.250906], [118.771146, 32.311715], [118.776834, 32.339553], [118.810202, 32.369048], [118.82988, 32.370929], [118.944134, 32.344281], [119.025188, 32.317576], [119.158035, 32.315858], [119.236853, 32.3337], [119.340287, 32.391197]]}}, {"type": "Feature", "properties": {"trip_id": 184, "date": "2026-04-08T00:00:00", "train": "Z363", "from": "\u626c\u5dde", "to": "\u6cf0\u5dde", "duration": 33, "distance": 64, "fromcity": "\u626c\u5dde", "tocity": "\u6cf0\u5dde", "line": "", "fromprov": "\u6c5f\u82cf\u7701", "toprov": "\u6c5f\u82cf\u7701", "id": "Z363", "lines": ["\u5b81\u542f\u7ebf"], "line_source": "osm", "geometry_source": "osm", "distance_ratio": 0.999, "match_confidence": 1.0, "edge_count": 125}, "geometry": {"type": "LineString", "coordinates": [[119.340892, 32.391397], [119.361466, 32.396844], [119.385423, 32.427805], [119.42645, 32.445598], [119.60399, 32.461383], [119.691367, 32.507024], [119.750944, 32.52208], [119.927723, 32.535789], [119.971234, 32.531529]]}}, {"type": "Feature", "properties": {"trip_id": 185, "date": "2026-04-08T00:00:00", "train": "C3775", "from": "\u6cf0\u5dde", "to": "\u59dc\u5830", "duration": 10, "distance": 14, "fromcity": "\u6cf0\u5dde", "tocity": "\u6cf0\u5dde", "line": "", "fromprov": "\u6c5f\u82cf\u7701", "toprov": "\u6c5f\u82cf\u7701", "id": "C3775", "lines": ["\u5b81\u542f\u7ebf"], "line_source": "osm", "geometry_source": "osm", "distance_ratio": 0.866, "match_confidence": 1.0, "edge_count": 40}, "geometry": {"type": "LineString", "coordinates": [[119.978138, 32.532455], [120.105431, 32.536842]]}}, {"type": "Feature", "properties": {"trip_id": 186, "date": "2026-04-08T00:00:00", "train": "C3867", "from": "\u59dc\u5830", "to": "\u4e0a\u6d77", "duration": 135, "distance": 255, "fromcity": "\u6cf0\u5dde", "tocity": "\u4e0a\u6d77", "line": "", "fromprov": "\u6c5f\u82cf\u7701", "toprov": "\u4e0a\u6d77\u5e02", "id": "C3867", "lines": ["\u4eac\u6caa\u7ebf", "\u5b81\u542f\u7ebf", "\u6caa\u5b81\u6cbf\u6c5f\u9ad8\u901f\u7ebf", "\u6caa\u82cf\u901a\u7ebf", "\u76d0\u901a\u9ad8\u901f\u7ebf"], "line_source": "osm", "geometry_source": "mixed", "distance_ratio": 0.999, "match_confidence": 0.909, "edge_count": 208}, "geometry": {"type": "LineString", "coordinates": [[120.11865, 32.536254], [120.218165, 32.546157], [120.261196, 32.570335], [120.380979, 32.593698], [120.439261, 32.588933], [120.491319, 32.563587], [120.557804, 32.437416], [120.592716, 32.403725], [120.643765, 32.315574], [120.773854, 32.139925], [120.766906, 32.113645], [120.752101, 32.090103], [120.726108, 32.06953], [120.711939, 32.03072], [120.721035, 31.932091], [120.669408, 31.854027], [120.675249, 31.7868], [120.684099, 31.766905], [120.752347, 31.707452], [120.828787, 31.688136], [120.919412, 31.6347], [120.967418, 31.624746], [121.077821, 31.628105], [121.10753, 31.613752], [121.209016, 31.487959], [121.197276, 31.462198], [121.15725, 31.441706], [121.141668, 31.398477], [121.104738, 31.35225], [121.109365, 31.328002], [121.164519, 31.30899], [121.448159, 31.252073]]}}, {"type": "Feature", "properties": {"trip_id": 187, "date": "2026-05-02T00:00:00", "train": "D3090", "from": "\u4e0a\u6d77\u8679\u6865", "to": "\u5f20\u5bb6\u6e2f", "duration": 56, "distance": 124, "fromcity": "\u4e0a\u6d77", "tocity": "\u82cf\u5dde", "line": "", "fromprov": "\u4e0a\u6d77\u5e02", "toprov": "\u6c5f\u82cf\u7701", "id": "D3090", "lines": ["\u6caa\u5b81\u57ce\u9645\u8679\u6865\u8054\u7edc\u7ebf", "\u6caa\u5b81\u6cbf\u6c5f\u9ad8\u901f\u7ebf", "\u6caa\u6606\u7ebf", "\u6caa\u82cf\u901a\u7ebf", "\u8679\u5c01\u7ebf", "\u8679\u6865\u52a8\u8f66\u7ebf", "\u8679\u7efc\u52a8\u8f66A\u7ebf", "\u8679\u9ad8\u52a8\u8f66C\u7ebf", "\u9ec4\u5c01\u8054\u7edc\u7ebf"], "line_source": "osm", "geometry_source": "osm", "distance_ratio": 0.95, "match_confidence": 1.0, "edge_count": 132}, "geometry": {"type": "LineString", "coordinates": [[121.315261, 31.196045], [121.313814, 31.220902], [121.287048, 31.252167], [121.270271, 31.287569], [121.163714, 31.309181], [121.107815, 31.329867], [121.104738, 31.35225], [121.141668, 31.398477], [121.15725, 31.441706], [121.197276, 31.462198], [121.209016, 31.487959], [121.106418, 31.614865], [121.075796, 31.628322], [120.967418, 31.624746], [120.923485, 31.633472], [120.828787, 31.688136], [120.755595, 31.70579], [120.684099, 31.766905], [120.671336, 31.815535]]}}, {"type": "Feature", "properties": {"trip_id": 188, "date": "2026-05-02T00:00:00", "train": "G1258", "from": "\u5f20\u5bb6\u6e2f", "to": "\u6d77\u5b89", "duration": 37, "distance": 91, "fromcity": "\u82cf\u5dde", "tocity": "\u5357\u901a", "line": "", "fromprov": "\u6c5f\u82cf\u7701", "toprov": "\u6c5f\u82cf\u7701", "id": "G1258", "lines": ["\u5b81\u542f\u7ebf", "\u6caa\u82cf\u901a\u7ebf", "\u76d0\u901a\u9ad8\u901f\u7ebf"], "line_source": "osm", "geometry_source": "mixed", "distance_ratio": 1.006, "match_confidence": 0.75, "edge_count": 52}, "geometry": {"type": "LineString", "coordinates": [[120.671233, 31.816321], [120.67216, 31.862101], [120.722869, 31.93855], [120.712279, 32.031986], [120.726108, 32.06953], [120.752101, 32.090103], [120.766906, 32.113645], [120.773854, 32.139925], [120.643765, 32.315574], [120.592716, 32.403725], [120.557804, 32.437416], [120.501954, 32.545596]]}}, {"type": "Feature", "properties": {"trip_id": 189, "date": "2026-05-02T00:00:00", "train": "K8393", "from": "\u6d77\u5b89", "to": "\u5982\u4e1c", "duration": 56, "distance": 74, "fromcity": "\u5357\u901a", "tocity": "\u5357\u901a", "line": "", "fromprov": "\u6c5f\u82cf\u7701", "toprov": "\u6c5f\u82cf\u7701", "id": "K8393", "lines": ["\u5b81\u542f\u7ebf", "\u6d77\u6d0b\u7ebf"], "line_source": "osm", "geometry_source": "mixed", "distance_ratio": 0.914, "match_confidence": 0.5, "edge_count": 90}, "geometry": {"type": "LineString", "coordinates": [[120.501954, 32.545596], [120.536169, 32.489559], [120.868041, 32.501029], [121.1722071, 32.44766096]]}}, {"type": "Feature", "properties": {"trip_id": 190, "date": "2026-05-02T00:00:00", "train": "K8394", "from": "\u5982\u4e1c", "to": "\u681f\u8336", "duration": 22, "distance": 29, "fromcity": "\u5357\u901a", "tocity": "\u5357\u901a", "line": "", "fromprov": "\u6c5f\u82cf\u7701", "toprov": "\u6c5f\u82cf\u7701", "id": "K8394", "lines": ["\u672a\u5206\u7c7b\u7ebf\u8def"], "line_source": "unclassified", "geometry_source": "mixed", "distance_ratio": 0.979, "match_confidence": 0.0, "edge_count": 0}, "geometry": {"type": "LineString", "coordinates": [[121.1722071, 32.44766096], [120.876086, 32.49995408]]}}, {"type": "Feature", "properties": {"trip_id": 191, "date": "2026-05-16T00:00:00", "train": "D3142", "from": "\u4e0a\u6d77\u8679\u6865", "to": "\u82cf\u5dde", "duration": 35, "distance": 84, "fromcity": "\u4e0a\u6d77", "tocity": "\u82cf\u5dde", "line": "", "fromprov": "\u4e0a\u6d77\u5e02", "toprov": "\u6c5f\u82cf\u7701", "id": "D3142", "lines": ["\u4eac\u6caa\u7ebf", "\u6caa\u5b81\u57ce\u9645\u7ebf", "\u6caa\u5b81\u57ce\u9645\u8679\u6865\u8054\u7edc\u7ebf", "\u6caa\u6606\u7ebf", "\u6caa\u82cf\u901a\u7ebf", "\u8679\u5c01\u7ebf", "\u8679\u6865\u52a8\u8f66\u7ebf", "\u8679\u7efc\u52a8\u8f66A\u7ebf", "\u8679\u9ad8\u52a8\u8f66C\u7ebf", "\u9ec4\u5c01\u8054\u7edc\u7ebf"], "line_source": "osm", "geometry_source": "osm", "distance_ratio": 0.92, "match_confidence": 1.0, "edge_count": 149}, "geometry": {"type": "LineString", "coordinates": [[121.315261, 31.196045], [121.313814, 31.220902], [121.267964, 31.288797], [121.163727, 31.309341], [121.057395, 31.342886], [120.996236, 31.33576], [120.878505, 31.381635], [120.839998, 31.380104], [120.690935, 31.339258], [120.610157, 31.332673]]}}, {"type": "Feature", "properties": {"trip_id": 192, "date": "2026-05-16T00:00:00", "train": "G807", "from": "\u82cf\u5dde\u5317", "to": "\u4e0a\u6d77\u8679\u6865", "duration": 24, "distance": 81, "fromcity": "\u82cf\u5dde", "tocity": "\u4e0a\u6d77", "line": "", "fromprov": "\u6c5f\u82cf\u7701", "toprov": "\u4e0a\u6d77\u5e02", "id": "G807", "lines": ["\u4eac\u6caa\u7ebf", "\u6caa\u5b81\u57ce\u9645\u7ebf", "\u6caa\u5b81\u57ce\u9645\u8679\u6865\u8054\u7edc\u7ebf", "\u6caa\u6606\u7ebf", "\u6caa\u82cf\u901a\u7ebf", "\u8679\u5c01\u7ebf", "\u8679\u6865\u52a8\u8f66\u7ebf", "\u8679\u7efc\u52a8\u8f66A\u7ebf", "\u8679\u9ad8\u52a8\u8f66C\u7ebf", "\u9ec4\u5c01\u8054\u7edc\u7ebf"], "line_source": "osm", "geometry_source": "mixed", "distance_ratio": 0.911, "match_confidence": 0.5, "edge_count": 99}, "geometry": {"type": "LineString", "coordinates": [[120.6385784, 31.42279504], [120.880032, 31.381326], [120.9461266, 31.35396224], [121.26657, 31.289334], [121.313814, 31.220902], [121.315261, 31.196045]]}}, {"type": "Feature", "properties": {"trip_id": 193, "date": "2026-06-18T00:00:00", "train": "C3011", "from": "\u4e0a\u6d77\u5357", "to": "\u5b9c\u5174", "duration": 87, "distance": 217, "fromcity": "\u4e0a\u6d77", "tocity": "\u65e0\u9521", "line": "", "fromprov": "\u4e0a\u6d77\u5e02", "toprov": "\u6c5f\u82cf\u7701", "id": "C3011", "lines": ["\u4e0a\u6d77\u5357\u8054\u7edc\u7ebf", "\u5408\u676d\u9ad8\u901f\u7ebf", "\u5b81\u676d\u9ad8\u901f\u7ebf", "\u6caa\u6606\u7ebf", "\u6caa\u6625\u7ebf", "\u6caa\u676d\u7ebf", "\u6caa\u82cf\u6e56\u9ad8\u901f\u7ebf", "\u91d1\u5c71\u7ebf"], "line_source": "osm", "geometry_source": "mixed", "distance_ratio": 1.012, "match_confidence": 0.917, "edge_count": 179}, "geometry": {"type": "LineString", "coordinates": [[121.421156, 31.151934], [121.355936, 31.084907], [121.295845, 31.046104], [121.24541, 30.996433], [121.199615, 30.984447], [121.220781, 30.987037], [121.209566, 30.983671], [121.062207, 30.984249], [121.013647, 31.003972], [120.977515, 31.036399], [120.952673, 31.048099], [120.877032, 31.065145], [120.774946, 31.063149], [120.742216, 31.053712], [120.712748, 31.034459], [120.645398, 30.939551], [120.528587, 30.891029], [120.447017, 30.834745], [120.249314, 30.815075], [120.102838, 30.822927], [120.033553, 30.81877], [120.018223, 30.832975], [120.021915, 30.923496], [119.994204, 30.996458], [119.959141, 31.06792], [119.922425, 31.10942], [119.865003, 31.212335], [119.858418, 31.283951], [119.842977, 31.30078], [119.815863, 31.312326]]}}, {"type": "Feature", "properties": {"trip_id": 194, "date": "2026-06-18T00:00:00", "train": "G3888", "from": "\u5b9c\u5174", "to": "\u5357\u4eac\u5357", "duration": 40, "distance": 129, "fromcity": "\u65e0\u9521", "tocity": "\u5357\u4eac", "line": "", "fromprov": "\u6c5f\u82cf\u7701", "toprov": "\u6c5f\u82cf\u7701", "id": "G3888", "lines": ["\u5b81\u676d\u9ad8\u901f\u7ebf"], "line_source": "osm", "geometry_source": "osm", "distance_ratio": 0.995, "match_confidence": 1.0, "edge_count": 59}, "geometry": {"type": "LineString", "coordinates": [[119.802006, 31.316668], [119.752151, 31.339949], [119.64439, 31.370418], [119.477062, 31.389945], [119.445827, 31.401891], [119.343225, 31.502522], [119.199964, 31.615495], [119.10699, 31.660248], [119.050269, 31.74373], [119.006773, 31.783259], [118.92346, 31.905948], [118.855737, 31.978379], [118.82374, 31.982984], [118.793222, 31.970675]]}}, {"type": "Feature", "properties": {"trip_id": 195, "date": "2026-06-18T00:00:00", "train": "G2367", "from": "\u5357\u4eac\u5357", "to": "\u516d\u5b89", "duration": 82, "distance": 244, "fromcity": "\u5357\u4eac", "tocity": "\u516d\u5b89", "line": "", "fromprov": "\u6c5f\u82cf\u7701", "toprov": "\u5b89\u5fbd\u7701", "id": "G2367", "lines": ["\u6caa\u84c9\u7ebf"], "line_source": "osm", "geometry_source": "osm", "distance_ratio": 0.95, "match_confidence": 1.0, "edge_count": 241}, "geometry": {"type": "LineString", "coordinates": [[118.788902, 31.968823], [118.726051, 31.928337], [118.685733, 31.924426], [118.597178, 31.985331], [118.419143, 32.069029], [118.307569, 32.067702], [118.103534, 32.03173], [118.029308, 32.00938], [117.95348, 32.007357], [117.818253, 31.975211], [117.737623, 31.964265], [117.457823, 31.854338], [117.425601, 31.814945], [117.406633, 31.805072], [117.351527, 31.809728], [117.215246, 31.790985], [117.083776, 31.787785], [117.028068, 31.772347], [116.780777, 31.748092], [116.556992, 31.744973], [116.498202, 31.717876]]}}, {"type": "Feature", "properties": {"trip_id": 196, "date": "2026-06-21T00:00:00", "train": "K1264", "from": "\u5408\u80a5", "to": "\u77f3\u5bb6\u5e84", "duration": 764, "distance": 971, "fromcity": "\u5408\u80a5", "tocity": "\u77f3\u5bb6\u5e84", "line": "", "fromprov": "\u5b89\u5fbd\u7701", "toprov": "\u6cb3\u5317\u7701", "id": "K1264", "lines": ["\u4eac\u4e5d\u7ebf", "\u4eac\u5e7f\u7ebf", "\u4eac\u6e2f\u9ad8\u901f\u7ebf", "\u5408\u868c\u5ba2\u4e13\u7ebf", "\u5546\u4e18\u5357\u897f\u8054\u7edc\u7ebf", "\u5ba2\u8f66\u8054\u7edc\u7ebf", "\u65b0\u5156\u7ebf", "\u65b0\u961c\u8054\u7edc\u7ebf", "\u6c34\u6dee\u8054\u7edc\u7ebf", "\u6dee\u5357\u7ebf", "\u90a2\u548c\u7ebf", "\u90af\u6d4e\u7ebf", "\u90af\u6d4e\u90af\u9ec4\u8054\u7edc\u7ebf", "\u90af\u897f\u4e8c\u8054\u7ebf", "\u90af\u90f8\u4eac\u5e7fIII\u7ebf", "\u961c\u6dee\u7ebf", "\u961c\u9633\u4e0b\u884c\u8054\u7edc\u7ebf"], "line_source": "osm", "geometry_source": "mixed", "distance_ratio": 0.992, "match_confidence": 0.931, "edge_count": 1046}, "geometry": {"type": "LineString", "coordinates": [[117.307071, 31.890395], [117.290399, 31.903531], [117.280284, 31.953091], [117.26205, 31.9777], [117.242486, 32.088267], [117.207023, 32.212613], [117.2036, 32.288491], [117.182728, 32.388028], [117.181687, 32.451899], [117.127464, 32.553649], [117.116011, 32.608936], [117.092227, 32.617594], [117.069358, 32.637604], [117.04292, 32.64148], [116.934236, 32.615763], [116.937728, 32.657014], [116.925596, 32.680893], [116.792271, 32.750057], [116.749959, 32.762056], [116.66678, 32.756095], [116.53369, 32.701474], [116.465869, 32.717844], [116.314198, 32.735594], [116.187109, 32.802629], [115.862647, 32.898887], [115.866891, 32.979207], [115.83475, 33.14009], [115.806633, 33.448606], [115.79201, 33.842601], [115.772255, 34.094257], [115.727351, 34.326228], [115.69112, 34.436178], [115.637345, 34.525047], [115.59343, 34.642723], [115.597461, 34.698507], [115.573346, 34.845663], [115.584859, 34.894754], [115.581731, 35.003684], [115.591025, 35.074815], [115.554961, 35.118928], [115.502467, 35.206984], [115.501757, 35.247021], [115.53272, 35.292887], [115.595929, 35.353496], [115.618305, 35.386723], [115.863741, 35.569626], [115.889198, 35.591088], [115.906869, 35.624639], [115.933455, 35.729076], [115.930384, 35.832406], [115.917598, 35.878352], [115.837847, 35.992712], [115.829193, 36.04502], [115.80494, 36.087014], [115.803739, 36.142062], [115.84507, 36.249516], [115.841455, 36.299524], [115.850233, 36.332433], [115.924931, 36.41756], [115.940306, 36.474093], [115.897353, 36.536232], [115.851346, 36.527252], [115.797083, 36.501325], [115.718656, 36.49347], [115.594399, 36.520387], [115.494583, 36.491848], [115.376621, 36.510731], [115.29553, 36.503048], [115.257397, 36.515289], [115.182925, 36.493006], [115.052684, 36.500027], [114.954438, 36.493369], [114.790011, 36.53798], [114.745425, 36.537224], [114.684691, 36.519751], [114.538197, 36.510188], [114.492452, 36.513894], [114.429179, 36.499423], [114.467723, 36.594649], [114.48278, 36.733068], [114.476324, 36.792992], [114.492236, 36.840927], [114.483282, 36.934999], [114.494637, 36.952047], [114.496714, 36.984298], [114.481616, 37.049953], [114.503272, 37.139915], [114.498498, 37.174966], [114.505133, 37.236788], [114.518844, 37.26346], [114.542306, 37.367891], [114.601705, 37.42535], [114.608315, 37.442875], [114.585025, 37.685305], [114.541098, 37.748338], [114.496773, 37.951361], [114.46853, 37.969608], [114.475992, 38.005858]]}}, {"type": "Feature", "properties": {"trip_id": 197, "date": "2026-06-22T00:00:00", "train": "D917", "from": "\u77f3\u5bb6\u5e84", "to": "\u592a\u539f\u5357", "duration": 100, "distance": 232, "fromcity": "\u77f3\u5bb6\u5e84", "tocity": "\u592a\u539f", "line": "", "fromprov": "\u6cb3\u5317\u7701", "toprov": "\u5c71\u897f\u7701", "id": "D917", "lines": ["\u4eac\u5e7f\u77f3\u592a\u9ad8\u901f\u8054\u7edc\u7ebf", "\u77f3\u592a\u5ba2\u4e13\u7ebf"], "line_source": "osm", "geometry_source": "osm", "distance_ratio": 0.44, "match_confidence": 1.0, "edge_count": 76}, "geometry": {"type": "LineString", "coordinates": [[114.477007, 38.005951], [114.469269, 37.969602], [114.45729, 37.962369], [114.404101, 37.981601], [114.333373, 37.995037], [114.257766, 38.047998], [114.177646, 38.073308], [114.083651, 38.142218], [114.049683, 38.151471], [113.786017, 38.147002], [113.4339, 38.113979]]}}, {"type": "Feature", "properties": {"trip_id": 198, "date": "2026-06-22T00:00:00", "train": "G682", "from": "\u592a\u539f\u5357", "to": "\u592a\u539f", "duration": 10, "distance": 8, "fromcity": "\u592a\u539f", "tocity": "\u592a\u539f", "line": "", "fromprov": "\u5c71\u897f\u7701", "toprov": "\u5c71\u897f\u7701", "id": "G682", "lines": ["1\u9053", "\u5927\u897f\u9ad8\u901f\u7ebf", "\u77f3\u592a\u5ba2\u4e13\u7ebf", "\u90d1\u592a\u5ba2\u4e13\u7ebf"], "line_source": "osm", "geometry_source": "osm", "distance_ratio": 1.02, "match_confidence": 1.0, "edge_count": 33}, "geometry": {"type": "LineString", "coordinates": [[112.605768, 37.789003], [112.585667, 37.812528], [112.581809, 37.85671]]}}, {"type": "Feature", "properties": {"trip_id": 199, "date": "2026-06-22T00:00:00", "train": "D2790", "from": "\u592a\u539f", "to": "\u5305\u5934", "duration": 269, "distance": 711, "fromcity": "\u592a\u539f", "tocity": "\u5305\u5934", "line": "", "fromprov": "\u5c71\u897f\u7701", "toprov": "\u5185\u8499\u53e4\u81ea\u6cbb\u533a", "id": "D2790", "lines": ["\u4e4c\u5927\u9ad8\u901f\u7ebf", "\u4eac\u5305\u5ba2\u4e13\u7ebf", "\u4eac\u5305\u7ebf", "\u5305\u5170\u7ebf", "\u547c\u9102\u7ebf", "\u5510\u5305\u7ebf", "\u5927\u897f\u9ad8\u901f\u7ebf", "\u5c97\u6a0a\u8054\u7edc\u7ebf", "\u5f20\u5927\u5ba2\u4e13\u7ebf", "\u74dc\u623f\u5b50\u8054\u7edc\u7ebf", "\u77f3\u592a\u5ba2\u4e13\u7ebf", "\u77f3\u592a\u7ebf", "\u97e9\u539f\u7ebf"], "line_source": "osm", "geometry_source": "mixed", "distance_ratio": 0.969, "match_confidence": 0.824, "edge_count": 647}, "geometry": {"type": "LineString", "coordinates": [[112.58227, 37.860038], [112.579637, 37.895831], [112.560115, 37.913912], [112.559419, 37.925648], [112.56337, 37.909708], [112.559448, 37.957954], [112.605888, 37.997775], [112.661401, 38.126602], [112.641504, 38.206373], [112.686581, 38.412042], [112.683911, 38.471613], [112.647198, 38.567414], [112.659708, 38.709549], [112.691335, 38.804504], [112.725901, 38.866651], [112.732472, 38.952442], [112.775279, 39.022403], [112.85503, 39.114937], [112.850255, 39.28405], [112.915254, 39.445819], [113.003372, 39.530314], [113.061258, 39.633497], [113.064177, 39.696287], [113.170243, 39.806545], [113.20952, 39.859054], [113.212198, 39.948899], [113.272164, 39.977362], [113.321634, 40.039186], [113.40453, 40.043957], [113.4168, 40.053716], [113.410437, 40.095732], [113.343197, 40.223033], [113.280476, 40.264815], [113.219435, 40.328933], [113.146667, 40.381854], [113.124676, 40.419324], [113.124955, 40.472343], [113.152434, 40.532433], [113.156769, 40.617885], [113.142131, 40.678151], [113.134952, 40.759086], [113.171711, 40.854445], [113.222647, 40.907583], [113.223319, 40.939233], [113.212047, 40.957236], [113.179235, 40.965329], [112.6101119, 40.92182048], [112.1849428, 40.92617824], [112.068784, 40.875184], [111.906537, 40.879181], [111.670838, 40.830079], [111.634652, 40.829591], [111.583431, 40.808063], [111.553243, 40.779756], [111.496764, 40.762722], [111.451585, 40.729261], [111.389696, 40.729795], [111.321476, 40.716838], [111.264113, 40.723443], [110.987527, 40.68537], [110.890385, 40.636234], [110.825553, 40.625703], [110.712506, 40.573696], [110.280068, 40.543357], [110.226624, 40.556671], [110.085436, 40.55063], [109.939523, 40.589616], [109.873158, 40.592744], [109.831251, 40.603638]]}}, {"type": "Feature", "properties": {"trip_id": 200, "date": "2026-06-24T00:00:00", "train": "D2809", "from": "\u4e4c\u5170\u5bdf\u5e03", "to": "\u592a\u539f", "duration": 136, "distance": 411, "fromcity": "\u4e4c\u5170\u5bdf\u5e03", "tocity": "\u592a\u539f", "line": "", "fromprov": "\u5185\u8499\u53e4\u81ea\u6cbb\u533a", "toprov": "\u5c71\u897f\u7701", "id": "D2809", "lines": ["\u4e4c\u5927\u9ad8\u901f\u7ebf", "\u5927\u897f\u9ad8\u901f\u7ebf", "\u5c97\u6a0a\u8054\u7edc\u7ebf", "\u5f20\u5927\u5ba2\u4e13\u7ebf", "\u77f3\u592a\u5ba2\u4e13\u7ebf", "\u77f3\u592a\u7ebf", "\u97e9\u539f\u7ebf"], "line_source": "osm", "geometry_source": "mixed", "distance_ratio": 0.962, "match_confidence": 0.889, "edge_count": 309}, "geometry": {"type": "LineString", "coordinates": [[113.148506, 40.962887], [113.205871, 40.961884], [113.221567, 40.944632], [113.225647, 40.922012], [113.215636, 40.895499], [113.170784, 40.85286], [113.134952, 40.759086], [113.142131, 40.678151], [113.156769, 40.617885], [113.151736, 40.528982], [113.123826, 40.467057], [113.125965, 40.414197], [113.148149, 40.380526], [113.219435, 40.328933], [113.280476, 40.264815], [113.343197, 40.223033], [113.410437, 40.095732], [113.417002, 40.054759], [113.40453, 40.043957], [113.321634, 40.039186], [113.272164, 39.977362], [113.212198, 39.948899], [113.20952, 39.859054], [113.170243, 39.806545], [113.064177, 39.696287], [113.061258, 39.633497], [113.003372, 39.530314], [112.915254, 39.445819], [112.850255, 39.28405], [112.85503, 39.114937], [112.775279, 39.022403], [112.732472, 38.952442], [112.725901, 38.866651], [112.691335, 38.804504], [112.659708, 38.709549], [112.647198, 38.567414], [112.683911, 38.471613], [112.686581, 38.412042], [112.641504, 38.206373], [112.661401, 38.126602], [112.605888, 37.997775], [112.559448, 37.957954], [112.56337, 37.909708], [112.560115, 37.913912], [112.559419, 37.925648], [112.560804, 37.912179], [112.579864, 37.895278], [112.58227, 37.860038]]}}, {"type": "Feature", "properties": {"trip_id": 201, "date": "2026-06-25T00:00:00", "train": "D3357", "from": "\u592a\u539f\u5357", "to": "\u7126\u4f5c", "duration": 165, "distance": 358, "fromcity": "\u592a\u539f", "tocity": "\u7126\u4f5c", "line": "", "fromprov": "\u5c71\u897f\u7701", "toprov": "\u6cb3\u5357\u7701", "id": "D3357", "lines": ["\u592a\u4e2d\u7ebf", "\u65b0\u6708\u7ebf", "\u7126\u67f3\u7ebf", "\u77f3\u592a\u5ba2\u4e13\u7ebf", "\u8d27\u8054\u7ebf", "\u90d1\u592a\u5ba2\u4e13\u7ebf"], "line_source": "osm", "geometry_source": "osm", "distance_ratio": 1.103, "match_confidence": 1.0, "edge_count": 380}, "geometry": {"type": "LineString", "coordinates": [[112.605768, 37.789003], [112.667863, 37.749145], [112.669789, 37.712556], [112.662418, 37.701258], [112.584735, 37.658394], [112.58012, 37.563199], [112.570992, 37.530403], [112.592398, 37.486815], [112.636157, 37.429175], [112.69101, 37.383523], [112.755451, 37.264759], [112.761041, 37.164722], [112.802698, 37.079892], [112.797374, 37.042014], [112.802568, 36.992825], [112.780654, 36.89866], [112.803987, 36.812905], [112.822075, 36.794958], [112.89316, 36.778662], [113.064564, 36.720213], [113.092571, 36.70023], [113.103415, 36.671826], [113.070347, 36.569853], [113.070492, 36.550439], [113.091815, 36.513568], [113.147915, 36.500812], [113.164375, 36.482521], [113.153094, 36.353803], [113.177082, 36.298098], [113.153359, 36.209322], [113.158021, 36.168935], [113.095697, 36.08201], [113.092122, 36.029978], [113.074932, 36.019727], [113.025203, 36.012117], [113.009808, 35.999849], [113.005194, 35.953786], [112.948254, 35.871514], [112.93125, 35.832152], [112.943236, 35.763373], [113.002928, 35.649471], [113.00992, 35.615538], [112.996555, 35.563229], [112.944709, 35.473903], [112.940299, 35.432408], [112.926486, 35.39745], [112.925221, 35.339706], [112.948488, 35.301855], [112.959176, 35.230899], [112.988192, 35.205641], [113.077736, 35.209204], [113.12813, 35.193073], [113.238588, 35.224359], [113.120958, 35.193933], [113.079604, 35.212804], [113.054512, 35.211491], [113.171974, 35.20874], [113.224506, 35.222049]]}}, {"type": "Feature", "properties": {"trip_id": 202, "date": "2026-06-25T00:00:00", "train": "K270", "from": "\u7126\u4f5c", "to": "\u65b0\u4e61", "duration": 58, "distance": 63, "fromcity": "\u7126\u4f5c", "tocity": "\u65b0\u4e61", "line": "", "fromprov": "\u6cb3\u5357\u7701", "toprov": "\u6cb3\u5357\u7701", "id": "K270", "lines": ["\u65b0\u4e61\u897f\u8054\u7edc\u7ebf", "\u65b0\u6708\u7ebf"], "line_source": "osm", "geometry_source": "osm", "distance_ratio": 0.961, "match_confidence": 1.0, "edge_count": 67}, "geometry": {"type": "LineString", "coordinates": [[113.227929, 35.222635], [113.282887, 35.225259], [113.314215, 35.240076], [113.599564, 35.258146], [113.662118, 35.255344], [113.778687, 35.270114], [113.835527, 35.28622], [113.849395, 35.281074], [113.851954, 35.304268]]}}, {"type": "Feature", "properties": {"trip_id": 203, "date": "2026-06-25T00:00:00", "train": "K2157", "from": "\u65b0\u4e61", "to": "\u5156\u5dde", "duration": 268, "distance": 314, "fromcity": "\u65b0\u4e61", "tocity": "\u6d4e\u5b81", "line": "", "fromprov": "\u6cb3\u5357\u7701", "toprov": "\u5c71\u4e1c\u7701", "id": "K2157", "lines": ["11\u9053", "6\u9053", "7\u9053", "\u4eac\u4e5d\u7ebf", "\u4eac\u5e7f\u7ebf", "\u4eac\u6caa\u7ebf", "\u65b0\u4e61\u897f\u8054\u7edc\u7ebf", "\u65b0\u5156\u7ebf", "\u65b0\u65e5\u8054\u7edc\u7ebf", "\u65b0\u6708\u7ebf", "\u767d\u5156\u8054\u7edc\u7ebf"], "line_source": "osm", "geometry_source": "osm", "distance_ratio": 0.995, "match_confidence": 1.0, "edge_count": 343}, "geometry": {"type": "LineString", "coordinates": [[113.851954, 35.304268], [113.850936, 35.280941], [113.835316, 35.276384], [113.834754, 35.262076], [113.821132, 35.243883], [113.802658, 35.235007], [113.805727, 35.222746], [114.023628, 35.230255], [114.177738, 35.224324], [114.317515, 35.237476], [114.36709, 35.224719], [114.472274, 35.227207], [114.64296, 35.209037], [114.851181, 35.305577], [114.898443, 35.315404], [115.033374, 35.272365], [115.266336, 35.262076], [115.493837, 35.208525], [115.501466, 35.213436], [115.507867, 35.253494], [115.638249, 35.271669], [115.867356, 35.275029], [115.9565, 35.326131], [116.065704, 35.37419], [116.175381, 35.398893], [116.36817, 35.392115], [116.430156, 35.373565], [116.518956, 35.361419], [116.558943, 35.370632], [116.611093, 35.402793], [116.668713, 35.423413], [116.810154, 35.566371], [116.828364, 35.57006], [116.837368, 35.55573]]}}, {"type": "Feature", "properties": {"trip_id": 204, "date": "2026-06-26T00:00:00", "train": "Z267", "from": "\u5156\u5dde", "to": "\u4e0a\u6d77", "duration": 480, "distance": 812, "fromcity": "\u6d4e\u5b81", "tocity": "\u4e0a\u6d77", "line": "", "fromprov": "\u5c71\u4e1c\u7701", "toprov": "\u4e0a\u6d77\u5e02", "id": "Z267", "lines": ["\u4eac\u6caa\u4e09\u7ebf", "\u4eac\u6caa\u7ebf", "\u4eac\u6caa\u7ebf (\u6caa\u5b81\u7ebf)", "\u5357\u4eac\u5ba2\u7ebf", "\u5939\u5317\u7ebf", "\u5f90\u5dde\u5c0f\u8fd0\u8f6c\u7ebf", "\u6797\u9ad8\u8054\u7edc\u7ebf", "\u6caa\u5b81\u57ce\u9645\u7ebf", "\u6caa\u82cf\u901a\u7ebf", "\u9647\u6d77\u7ebf"], "line_source": "osm", "geometry_source": "osm", "distance_ratio": 0.995, "match_confidence": 1.0, "edge_count": 1039}, "geometry": {"type": "LineString", "coordinates": [[116.837489, 35.553976], [116.896752, 35.464674], [116.959403, 35.393386], [116.980115, 35.327467], [117.001364, 35.304525], [117.008171, 35.282609], [117.041751, 35.255158], [117.061282, 35.211822], [117.092089, 35.176536], [117.099241, 35.15309], [117.145269, 35.090549], [117.155218, 35.039559], [117.174425, 35.007143], [117.180551, 34.96564], [117.234002, 34.809815], [117.251856, 34.78807], [117.256181, 34.758201], [117.280928, 34.711005], [117.307649, 34.68641], [117.3288, 34.646662], [117.376488, 34.60431], [117.335561, 34.550583], [117.321918, 34.496015], [117.323754, 34.466972], [117.300541, 34.44311], [117.292053, 34.414756], [117.257676, 34.378705], [117.201406, 34.276011], [117.199983, 34.212908], [117.11819, 34.020826], [117.099253, 33.939433], [117.008145, 33.854601], [116.974412, 33.737545], [116.993014, 33.629476], [117.151803, 33.460461], [117.244198, 33.387005], [117.310195, 33.306155], [117.322907, 33.280441], [117.362809, 33.126337], [117.364517, 33.010963], [117.348172, 32.963954], [117.36125, 32.948316], [117.42713, 32.932491], [117.665925, 32.906048], [117.751802, 32.869004], [117.794312, 32.865281], [117.865531, 32.831144], [117.89396, 32.825983], [117.974721, 32.782325], [118.068348, 32.687608], [118.083743, 32.60154], [118.117288, 32.580158], [118.14885, 32.574701], [118.204904, 32.519836], [118.235293, 32.437119], [118.264143, 32.415358], [118.294511, 32.333011], [118.311846, 32.324034], [118.358928, 32.26418], [118.420721, 32.213979], [118.528404, 32.172933], [118.561518, 32.138708], [118.638774, 32.162038], [118.672854, 32.1628], [118.701541, 32.134277], [118.805347, 32.084556], [118.933472, 32.137412], [119.017459, 32.151878], [119.077119, 32.151686], [119.128237, 32.163713], [119.294697, 32.163177], [119.439663, 32.200361], [119.468152, 32.181005], [119.503569, 32.131323], [119.574264, 32.062096], [119.596676, 31.984047], [119.724993, 31.918299], [119.843517, 31.845336], [119.955688, 31.800265], [119.978054, 31.776899], [120.156889, 31.669518], [120.250969, 31.630625], [120.313094, 31.581222], [120.344749, 31.538653], [120.568133, 31.329951], [120.690935, 31.339258], [120.839998, 31.380104], [120.873346, 31.382211], [120.892173, 31.369807], [120.945005, 31.371609], [120.978461, 31.355907], [121.052935, 31.344213], [121.163714, 31.309181], [121.448159, 31.252073]]}}, {"type": "Feature", "properties": {"trip_id": 205, "date": "2026-06-26T00:00:00", "train": "G7124", "from": "\u4e0a\u6d77\u8679\u6865", "to": "\u82cf\u5dde", "duration": 40, "distance": 84, "fromcity": "\u4e0a\u6d77", "tocity": "\u82cf\u5dde", "line": "", "fromprov": "\u4e0a\u6d77\u5e02", "toprov": "\u6c5f\u82cf\u7701", "id": "G7124", "lines": ["\u4eac\u6caa\u7ebf", "\u6caa\u5b81\u57ce\u9645\u7ebf", "\u6caa\u5b81\u57ce\u9645\u8679\u6865\u8054\u7edc\u7ebf", "\u6caa\u6606\u7ebf", "\u6caa\u82cf\u901a\u7ebf", "\u8679\u5c01\u7ebf", "\u8679\u6865\u52a8\u8f66\u7ebf", "\u8679\u7efc\u52a8\u8f66A\u7ebf", "\u8679\u9ad8\u52a8\u8f66C\u7ebf", "\u9ec4\u5c01\u8054\u7edc\u7ebf"], "line_source": "osm", "geometry_source": "osm", "distance_ratio": 0.92, "match_confidence": 1.0, "edge_count": 149}, "geometry": {"type": "LineString", "coordinates": [[121.315261, 31.196045], [121.313814, 31.220902], [121.267964, 31.288797], [121.163727, 31.309341], [121.057395, 31.342886], [120.996236, 31.33576], [120.878505, 31.381635], [120.839998, 31.380104], [120.690935, 31.339258], [120.610157, 31.332673]]}}, {"type": "Feature", "properties": {"trip_id": 206, "date": "2026-06-26T00:00:00", "train": "Z282", "from": "\u82cf\u5dde", "to": "\u5fb7\u5dde", "duration": 563, "distance": 1002, "fromcity": "\u82cf\u5dde", "tocity": "\u5fb7\u5dde", "line": "", "fromprov": "\u6c5f\u82cf\u7701", "toprov": "\u5c71\u4e1c\u7701", "id": "Z282", "lines": ["\u4eac\u6caa\u4e09\u7ebf", "\u4eac\u6caa\u7ebf", "\u4eac\u6caa\u7ebf (\u6caa\u5b81\u7ebf)", "\u5357\u4eac\u5ba2\u7ebf", "\u5939\u5317\u7ebf", "\u5f90\u5dde\u5c0f\u8fd0\u8f6c\u7ebf", "\u6797\u9ad8\u8054\u7edc\u7ebf", "\u6caa\u5b81\u57ce\u9645\u7ebf", "\u80f6\u6d4e\u7ebf", "\u90af\u6d4e\u7ebf", "\u9647\u6d77\u7ebf"], "line_source": "osm", "geometry_source": "osm", "distance_ratio": 0.996, "match_confidence": 1.0, "edge_count": 1334}, "geometry": {"type": "LineString", "coordinates": [[120.601853, 31.331071], [120.563698, 31.332815], [120.344749, 31.538653], [120.313094, 31.581222], [120.248007, 31.632554], [120.156889, 31.669518], [119.978054, 31.776899], [119.955688, 31.800265], [119.843517, 31.845336], [119.724993, 31.918299], [119.597066, 31.983752], [119.574264, 32.062096], [119.503569, 32.131323], [119.468978, 32.180156], [119.441894, 32.199503], [119.294697, 32.163177], [119.128237, 32.163713], [119.077119, 32.151686], [119.017459, 32.151878], [118.933472, 32.137412], [118.805347, 32.084556], [118.701541, 32.134277], [118.672854, 32.1628], [118.638774, 32.162038], [118.562369, 32.13838], [118.528404, 32.172933], [118.420721, 32.213979], [118.358928, 32.26418], [118.311846, 32.324034], [118.294511, 32.333011], [118.264143, 32.415358], [118.235293, 32.437119], [118.204904, 32.519836], [118.14885, 32.574701], [118.117288, 32.580158], [118.083743, 32.60154], [118.068348, 32.687608], [117.974721, 32.782325], [117.89396, 32.825983], [117.865531, 32.831144], [117.794312, 32.865281], [117.751802, 32.869004], [117.665925, 32.906048], [117.425684, 32.932716], [117.364424, 32.946255], [117.3495, 32.959709], [117.364517, 33.010963], [117.362809, 33.126337], [117.322907, 33.280441], [117.310195, 33.306155], [117.244198, 33.387005], [117.151803, 33.460461], [116.993014, 33.629476], [116.975416, 33.724175], [117.006838, 33.852168], [117.099253, 33.939433], [117.11819, 34.020826], [117.199983, 34.212908], [117.201406, 34.276011], [117.257676, 34.378705], [117.292053, 34.414756], [117.300541, 34.44311], [117.323754, 34.466972], [117.321918, 34.496015], [117.335561, 34.550583], [117.376643, 34.602258], [117.3288, 34.646662], [117.307649, 34.68641], [117.280928, 34.711005], [117.256181, 34.758201], [117.251856, 34.78807], [117.234002, 34.809815], [117.180551, 34.96564], [117.174425, 35.007143], [117.155218, 35.039559], [117.145269, 35.090549], [117.099241, 35.15309], [117.092089, 35.176536], [117.061282, 35.211822], [117.041751, 35.255158], [117.008171, 35.282609], [117.001364, 35.304525], [116.980115, 35.327467], [116.959403, 35.393386], [116.896752, 35.464674], [116.83125, 35.569678], [116.844023, 35.629593], [116.896516, 35.649123], [117.051848, 35.744677], [117.070093, 35.790397], [117.069537, 35.817687], [117.10278, 35.882168], [117.088865, 35.949226], [117.146994, 36.063211], [117.139074, 36.100439], [117.106997, 36.149274], [117.114405, 36.180651], [117.085825, 36.193677], [117.064862, 36.189672], [116.991625, 36.240522], [116.922252, 36.34335], [116.911638, 36.445389], [116.883333, 36.48274], [116.849382, 36.498063], [116.842848, 36.518248], [116.850927, 36.55666], [116.88947, 36.569227], [116.9168, 36.608124], [116.931422, 36.61543], [116.944561, 36.653657], [116.996274, 36.675249], [117.003693, 36.740894], [116.955026, 36.770612], [116.754595, 36.80206], [116.669236, 36.849413], [116.569, 37.007402], [116.556479, 37.05077], [116.429677, 37.176097], [116.372431, 37.285146], [116.34435, 37.314819], [116.28217, 37.444812]]}}, {"type": "Feature", "properties": {"trip_id": 207, "date": "2026-06-27T00:00:00", "train": "K373", "from": "\u5fb7\u5dde", "to": "\u592a\u539f", "duration": 302, "distance": 419, "fromcity": "\u5fb7\u5dde", "tocity": "\u592a\u539f", "line": "", "fromprov": "\u5c71\u4e1c\u7701", "toprov": "\u5c71\u897f\u7701", "id": "K373", "lines": ["\u4eac\u4e5d\u7ebf", "\u4eac\u5e7f\u77f3\u592a\u9ad8\u901f\u8054\u7edc\u7ebf", "\u5927\u897f\u9ad8\u901f\u7ebf", "\u77f3\u592a\u5ba2\u4e13\u7ebf", "\u77f3\u592a\u7ebf", "\u77f3\u5bb6\u5e84\u4e1c\u8054\u7edc\u7ebf", "\u77f3\u5fb7\u7ebf", "\u77f3\u6d4e\u5ba2\u4e13\u7ebf"], "line_source": "osm", "geometry_source": "osm", "distance_ratio": 0.937, "match_confidence": 1.0, "edge_count": 573}, "geometry": {"type": "LineString", "coordinates": [[116.28155, 37.447815], [116.279197, 37.472554], [116.262603, 37.47095], [116.206059, 37.503048], [116.070109, 37.59343], [116.035358, 37.608365], [115.999093, 37.613149], [115.945496, 37.649922], [115.83867, 37.681914], [115.750366, 37.727224], [115.586713, 37.762221], [115.51807, 37.78767], [115.42408, 37.808546], [115.220794, 37.895751], [115.041476, 38.018643], [114.86161, 38.029425], [114.791111, 38.023837], [114.496489, 38.069019], [114.469269, 37.969602], [114.45408, 37.962461], [114.404792, 37.981418], [114.327494, 37.99745], [114.257766, 38.047998], [114.177646, 38.073308], [114.083651, 38.142218], [114.049683, 38.151471], [113.786017, 38.147002], [113.353337, 38.111255], [113.325298, 38.099945], [113.270478, 38.053612], [113.152661, 38.025], [113.066057, 38.025965], [112.997666, 38.048048], [112.884819, 38.029418], [112.797538, 38.037372], [112.685153, 37.998453], [112.619738, 37.994214], [112.573872, 37.973898], [112.559359, 37.956882], [112.56045, 37.913536], [112.579987, 37.89333], [112.560042, 37.914506], [112.559419, 37.925648], [112.560804, 37.912179], [112.579864, 37.895278], [112.58227, 37.860038]]}}, {"type": "Feature", "properties": {"trip_id": 208, "date": "2026-06-28T00:00:00", "train": "Z270", "from": "\u592a\u539f", "to": "\u8861\u6c34", "duration": 214, "distance": 357, "fromcity": "\u592a\u539f", "tocity": "\u8861\u6c34", "line": "", "fromprov": "\u5c71\u897f\u7701", "toprov": "\u6cb3\u5317\u7701", "id": "Z270", "lines": ["\u4eac\u4e5d\u7ebf", "\u4eac\u5e7f\u77f3\u592a\u9ad8\u901f\u8054\u7edc\u7ebf", "\u5927\u897f\u9ad8\u901f\u7ebf", "\u77f3\u592a\u5ba2\u4e13\u7ebf", "\u77f3\u592a\u7ebf", "\u77f3\u5bb6\u5e84\u4e1c\u8054\u7edc\u7ebf", "\u77f3\u5fb7\u7ebf", "\u77f3\u6d4e\u5ba2\u4e13\u7ebf"], "line_source": "osm", "geometry_source": "osm", "distance_ratio": 0.918, "match_confidence": 1.0, "edge_count": 459}, "geometry": {"type": "LineString", "coordinates": [[112.58227, 37.860038], [112.579864, 37.895278], [112.560042, 37.914506], [112.559419, 37.925648], [112.560804, 37.912179], [112.579987, 37.89333], [112.56045, 37.913536], [112.559359, 37.956882], [112.573872, 37.973898], [112.619738, 37.994214], [112.685153, 37.998453], [112.797538, 38.037372], [112.884819, 38.029418], [112.997666, 38.048048], [113.066057, 38.025965], [113.152661, 38.025], [113.270478, 38.053612], [113.325298, 38.099945], [113.353337, 38.111255], [113.786017, 38.147002], [114.04328, 38.151953], [114.083651, 38.142218], [114.177646, 38.073308], [114.257766, 38.047998], [114.328719, 37.996881], [114.404792, 37.981418], [114.45408, 37.962461], [114.469269, 37.969602], [114.496489, 38.069019], [114.791111, 38.023837], [114.860963, 38.029438], [115.040781, 38.018835], [115.220794, 37.895751], [115.42408, 37.808546], [115.51807, 37.78767], [115.586713, 37.762221], [115.681754, 37.745018]]}}, {"type": "Feature", "properties": {"trip_id": 209, "date": "2026-06-29T00:00:00", "train": "Z270", "from": "\u8861\u6c34", "to": "\u868c\u57e0", "duration": 434, "distance": 663, "fromcity": "\u8861\u6c34", "tocity": "\u868c\u57e0", "line": "", "fromprov": "\u6cb3\u5317\u7701", "toprov": "\u5b89\u5fbd\u7701", "id": "Z270", "lines": ["\u4eac\u4e5d\u7ebf", "\u4eac\u6caa\u4e09\u7ebf", "\u4eac\u6caa\u7ebf", "\u5939\u5317\u7ebf", "\u5f90\u5dde\u5c0f\u8fd0\u8f6c\u7ebf", "\u77f3\u5fb7\u7ebf", "\u80f6\u6d4e\u7ebf", "\u90af\u6d4e\u7ebf", "\u9647\u6d77\u7ebf"], "line_source": "osm", "geometry_source": "osm", "distance_ratio": 1.004, "match_confidence": 1.0, "edge_count": 969}, "geometry": {"type": "LineString", "coordinates": [[115.684257, 37.7448], [115.751198, 37.726914], [115.83867, 37.681914], [115.945496, 37.649922], [115.999093, 37.613149], [116.035358, 37.608365], [116.070109, 37.59343], [116.206059, 37.503048], [116.262603, 37.47095], [116.279532, 37.472316], [116.286799, 37.42999], [116.34435, 37.314819], [116.372431, 37.285146], [116.429677, 37.176097], [116.556479, 37.05077], [116.569, 37.007402], [116.669236, 36.849413], [116.754595, 36.80206], [116.955026, 36.770612], [117.003693, 36.740894], [116.996274, 36.675249], [116.944561, 36.653657], [116.931422, 36.61543], [116.9168, 36.608124], [116.88947, 36.569227], [116.850927, 36.55666], [116.842848, 36.518248], [116.849382, 36.498063], [116.883333, 36.48274], [116.911638, 36.445389], [116.922252, 36.34335], [116.991625, 36.240522], [117.064862, 36.189672], [117.085825, 36.193677], [117.114405, 36.180651], [117.106997, 36.149274], [117.139074, 36.100439], [117.146994, 36.063211], [117.088865, 35.949226], [117.10278, 35.882168], [117.069537, 35.817687], [117.070093, 35.790397], [117.051848, 35.744677], [116.896516, 35.649123], [116.844023, 35.629593], [116.83125, 35.569678], [116.896752, 35.464674], [116.959403, 35.393386], [116.980115, 35.327467], [117.001364, 35.304525], [117.008171, 35.282609], [117.041751, 35.255158], [117.061282, 35.211822], [117.092089, 35.176536], [117.099241, 35.15309], [117.145269, 35.090549], [117.155218, 35.039559], [117.174425, 35.007143], [117.180551, 34.96564], [117.234002, 34.809815], [117.251856, 34.78807], [117.256181, 34.758201], [117.280928, 34.711005], [117.307649, 34.68641], [117.3288, 34.646662], [117.376643, 34.602258], [117.335561, 34.550583], [117.321918, 34.496015], [117.323754, 34.466972], [117.300541, 34.44311], [117.292053, 34.414756], [117.257676, 34.378705], [117.201406, 34.276011], [117.199983, 34.212908], [117.11819, 34.020826], [117.099253, 33.939433], [117.006838, 33.852168], [116.975416, 33.724175], [116.993167, 33.629284], [117.151803, 33.460461], [117.244198, 33.387005], [117.310195, 33.306155], [117.323914, 33.278004], [117.362809, 33.126337], [117.364517, 33.010963], [117.348178, 32.963338], [117.369383, 32.945177]]}}, {"type": "Feature", "properties": {"trip_id": 210, "date": "2026-06-29T00:00:00", "train": "Z515", "from": "\u868c\u57e0", "to": "\u4e0a\u6d77", "duration": 282, "distance": 485, "fromcity": "\u868c\u57e0", "tocity": "\u4e0a\u6d77", "line": "", "fromprov": "\u5b89\u5fbd\u7701", "toprov": "\u4e0a\u6d77\u5e02", "id": "Z515", "lines": ["\u4eac\u6caa\u7ebf", "\u4eac\u6caa\u7ebf (\u6caa\u5b81\u7ebf)", "\u5357\u4eac\u5ba2\u7ebf", "\u6797\u9ad8\u8054\u7edc\u7ebf", "\u6caa\u5b81\u57ce\u9645\u7ebf", "\u6caa\u82cf\u901a\u7ebf"], "line_source": "osm", "geometry_source": "osm", "distance_ratio": 0.992, "match_confidence": 1.0, "edge_count": 649}, "geometry": {"type": "LineString", "coordinates": [[117.371493, 32.94442], [117.61045, 32.90721], [117.665226, 32.906236], [117.751802, 32.869004], [117.794312, 32.865281], [117.865531, 32.831144], [117.89396, 32.825983], [117.974721, 32.782325], [118.068348, 32.687608], [118.083743, 32.60154], [118.117288, 32.580158], [118.14885, 32.574701], [118.204904, 32.519836], [118.235293, 32.437119], [118.264143, 32.415358], [118.294511, 32.333011], [118.311846, 32.324034], [118.358928, 32.26418], [118.420721, 32.213979], [118.528404, 32.172933], [118.561518, 32.138708], [118.638774, 32.162038], [118.672854, 32.1628], [118.701541, 32.134277], [118.805347, 32.084556], [118.933472, 32.137412], [119.017459, 32.151878], [119.077119, 32.151686], [119.128237, 32.163713], [119.294697, 32.163177], [119.439663, 32.200361], [119.468152, 32.181005], [119.503569, 32.131323], [119.574264, 32.062096], [119.596676, 31.984047], [119.724993, 31.918299], [119.843517, 31.845336], [119.955688, 31.800265], [119.978054, 31.776899], [120.156889, 31.669518], [120.250969, 31.630625], [120.313094, 31.581222], [120.344749, 31.538653], [120.568133, 31.329951], [120.690935, 31.339258], [120.839998, 31.380104], [120.873346, 31.382211], [120.892173, 31.369807], [120.945005, 31.371609], [120.978461, 31.355907], [121.052935, 31.344213], [121.163714, 31.309181], [121.448159, 31.252073]]}}, {"type": "Feature", "properties": {"trip_id": 211, "date": "2026-07-03T00:00:00", "train": "G7176", "from": "\u4e0a\u6d77\u8679\u6865", "to": "\u5357\u4eac\u5357", "duration": 61, "distance": 295, "fromcity": "\u4e0a\u6d77", "tocity": "\u5357\u4eac", "line": "", "fromprov": "\u4e0a\u6d77\u5e02", "toprov": "\u6c5f\u82cf\u7701", "id": "G7176", "lines": ["\u4eac\u6caa\u7ebf", "\u4eac\u6caa\u9ad8\u94c1", "\u5b81\u676d\u9ad8\u901f\u7ebf", "\u6caa\u5b81\u57ce\u9645\u7ebf", "\u6caa\u5b81\u57ce\u9645\u8679\u6865\u8054\u7edc\u7ebf", "\u6caa\u6606\u7ebf", "\u6caa\u82cf\u901a\u7ebf", "\u6caa\u84c9\u7ebf", "\u8679\u5c01\u7ebf", "\u8679\u6865\u52a8\u8f66\u7ebf", "\u8679\u7efc\u52a8\u8f66A\u7ebf", "\u8679\u9ad8\u52a8\u8f66C\u7ebf", "\u9ec4\u5c01\u8054\u7edc\u7ebf"], "line_source": "osm", "geometry_source": "mixed", "distance_ratio": 0.964, "match_confidence": 0.778, "edge_count": 300}, "geometry": {"type": "LineString", "coordinates": [[121.315261, 31.196045], [121.313814, 31.220902], [121.26657, 31.289334], [120.9461266, 31.35396224], [120.880032, 31.381326], [120.6385784, 31.42279504], [120.54992, 31.474964], [120.488591, 31.570909], [120.368512, 31.68224], [120.234443, 31.727722], [120.148117, 31.797429], [120.054262, 31.818117], [119.892068, 31.878623], [119.69101, 31.997337], [119.545788, 32.115015], [119.514141, 32.13048], [119.359329, 32.172219], [119.219923, 32.15961], [119.149911, 32.124184], [118.98671, 32.080188], [118.945339, 32.058827], [118.89586, 32.016188], [118.793222, 31.970675]]}}, {"type": "Feature", "properties": {"trip_id": 212, "date": "2026-07-03T00:00:00", "train": "G7666", "from": "\u5357\u4eac\u5357", "to": "\u868c\u57e0\u5357", "duration": 41, "distance": 175, "fromcity": "\u5357\u4eac", "tocity": "\u868c\u57e0", "line": "", "fromprov": "\u6c5f\u82cf\u7701", "toprov": "\u5b89\u5fbd\u7701", "id": "G7666", "lines": ["\u4eac\u6caa\u9ad8\u94c1", "\u868c\u5357\u8054\u7edc\u7ebf"], "line_source": "osm", "geometry_source": "osm", "distance_ratio": 0.997, "match_confidence": 1.0, "edge_count": 118}, "geometry": {"type": "LineString", "coordinates": [[118.788488, 31.969466], [118.725796, 31.928382], [118.685816, 31.924532], [118.663907, 31.933515], [118.6002, 31.983703], [118.506458, 32.030783], [118.38261, 32.160818], [118.175121, 32.275843], [118.115407, 32.330069], [117.958657, 32.446491], [117.895868, 32.503139], [117.814016, 32.612462], [117.741464, 32.673626], [117.488363, 32.799838], [117.465649, 32.827133], [117.437677, 32.899544]]}}, {"type": "Feature", "properties": {"trip_id": 213, "date": "2026-07-03T00:00:00", "train": "G1670", "from": "\u868c\u57e0\u5357", "to": "\u5f90\u5dde\u4e1c", "duration": 37, "distance": 156, "fromcity": "\u868c\u57e0", "tocity": "\u5f90\u5dde", "line": "", "fromprov": "\u5b89\u5fbd\u7701", "toprov": "\u6c5f\u82cf\u7701", "id": "G1670", "lines": ["\u4eac\u6caa\u9ad8\u94c1", "\u5f90\u5dde\u8054\u7edc\u7ebf", "\u5f90\u8fde\u9ad8\u901f\u7ebf", "\u868c\u5357\u8054\u7edc\u7ebf"], "line_source": "osm", "geometry_source": "osm", "distance_ratio": 0.991, "match_confidence": 1.0, "edge_count": 17}, "geometry": {"type": "LineString", "coordinates": [[117.435388, 32.907824], [117.423434, 32.983898], [117.355456, 33.203933], [117.337075, 33.333122], [117.281829, 33.462628], [117.219853, 33.847856], [117.250852, 34.035131], [117.315659, 34.191384], [117.300342, 34.265141]]}}, {"type": "Feature", "properties": {"trip_id": 214, "date": "2026-07-03T00:00:00", "train": "K372", "from": "\u5f90\u5dde", "to": "\u592a\u539f", "duration": 634, "distance": 856, "fromcity": "\u5f90\u5dde", "tocity": "\u592a\u539f", "line": "", "fromprov": "\u6c5f\u82cf\u7701", "toprov": "\u5c71\u897f\u7701", "id": "K372", "lines": ["\u4eac\u4e5d\u7ebf", "\u4eac\u5e7f\u77f3\u592a\u9ad8\u901f\u8054\u7edc\u7ebf", "\u4eac\u6caa\u7ebf", "\u5927\u897f\u9ad8\u901f\u7ebf", "\u5939\u5317\u7ebf", "\u5f90\u5dde\u5c0f\u8fd0\u8f6c\u7ebf", "\u77f3\u592a\u5ba2\u4e13\u7ebf", "\u77f3\u592a\u7ebf", "\u77f3\u5bb6\u5e84\u4e1c\u8054\u7edc\u7ebf", "\u77f3\u5fb7\u7ebf", "\u77f3\u6d4e\u5ba2\u4e13\u7ebf", "\u80f6\u6d4e\u7ebf", "\u90af\u6d4e\u7ebf", "\u9647\u6d77\u7ebf"], "line_source": "osm", "geometry_source": "osm", "distance_ratio": 0.968, "match_confidence": 1.0, "edge_count": 1323}, "geometry": {"type": "LineString", "coordinates": [[117.201062, 34.268728], [117.257418, 34.378289], [117.292053, 34.414756], [117.300541, 34.44311], [117.323754, 34.466972], [117.321918, 34.496015], [117.335561, 34.550583], [117.376229, 34.605222], [117.3288, 34.646662], [117.307649, 34.68641], [117.280928, 34.711005], [117.256181, 34.758201], [117.251856, 34.78807], [117.234002, 34.809815], [117.180551, 34.96564], [117.174425, 35.007143], [117.155218, 35.039559], [117.145269, 35.090549], [117.099241, 35.15309], [117.092089, 35.176536], [117.061282, 35.211822], [117.041751, 35.255158], [117.008171, 35.282609], [117.001364, 35.304525], [116.980115, 35.327467], [116.959403, 35.393386], [116.896752, 35.464674], [116.831182, 35.570171], [116.844023, 35.629593], [116.896516, 35.649123], [117.051848, 35.744677], [117.070093, 35.790397], [117.069537, 35.817687], [117.10278, 35.882168], [117.088865, 35.949226], [117.146994, 36.063211], [117.139074, 36.100439], [117.106997, 36.149274], [117.114405, 36.180651], [117.085825, 36.193677], [117.064862, 36.189672], [116.991625, 36.240522], [116.922252, 36.34335], [116.911638, 36.445389], [116.883333, 36.48274], [116.849382, 36.498063], [116.842848, 36.518248], [116.850927, 36.55666], [116.88947, 36.569227], [116.9168, 36.608124], [116.931422, 36.61543], [116.944561, 36.653657], [116.996274, 36.675249], [117.003693, 36.740894], [116.955026, 36.770612], [116.754595, 36.80206], [116.669236, 36.849413], [116.569, 37.007402], [116.556479, 37.05077], [116.429677, 37.176097], [116.372431, 37.285146], [116.34435, 37.314819], [116.286799, 37.42999], [116.279532, 37.472316], [116.261651, 37.471401], [116.072131, 37.592406], [116.035358, 37.608365], [115.998814, 37.613268], [115.945496, 37.649922], [115.83867, 37.681914], [115.749357, 37.727533], [115.586713, 37.762221], [115.51807, 37.78767], [115.426204, 37.80772], [115.222781, 37.894757], [115.041476, 38.018643], [114.86161, 38.029425], [114.791111, 38.023837], [114.496489, 38.069019], [114.469269, 37.969602], [114.45408, 37.962461], [114.404792, 37.981418], [114.327494, 37.99745], [114.257766, 38.047998], [114.177646, 38.073308], [114.083651, 38.142218], [114.049683, 38.151471], [113.786017, 38.147002], [113.353337, 38.111255], [113.325298, 38.099945], [113.270478, 38.053612], [113.152661, 38.025], [113.066057, 38.025965], [112.997666, 38.048048], [112.884819, 38.029418], [112.797538, 38.037372], [112.685153, 37.998453], [112.619738, 37.994214], [112.573872, 37.973898], [112.559359, 37.956882], [112.56045, 37.913536], [112.579987, 37.89333], [112.560042, 37.914506], [112.559419, 37.925648], [112.560804, 37.912179], [112.579864, 37.895278], [112.58227, 37.860038]]}}, {"type": "Feature", "properties": {"trip_id": 215, "date": "2026-07-07T00:00:00", "train": "D203", "from": "\u5357\u4eac", "to": "\u4e0a\u6d77\u677e\u6c5f", "duration": 170, "distance": 324, "fromcity": "\u5357\u4eac", "tocity": "\u4e0a\u6d77", "line": "", "fromprov": "\u6c5f\u82cf\u7701", "toprov": "\u4e0a\u6d77\u5e02", "id": "D203", "lines": ["\u4e0a\u6d77\u8679\u6865\u7ad920\u9053", "\u4eac\u6caa\u7ebf", "\u4eac\u6caa\u7ebf (\u6caa\u5b81\u7ebf)", "\u6caa\u5b81\u57ce\u9645\u7ebf", "\u6caa\u5b81\u57ce\u9645\u8679\u6865\u8054\u7edc\u7ebf", "\u6caa\u6606\u7ebf", "\u6caa\u676d\u7ebf", "\u6caa\u82cf\u901a\u7ebf", "\u8679\u5c01\u7ebf", "\u8679\u6865\u52a8\u8f66\u7ebf", "\u8679\u7efc\u52a8\u8f66A\u7ebf", "\u8679\u9ad8\u52a8\u8f66C\u7ebf", "\u91d1\u5c71\u7ebf", "\u9ec4\u5c01\u8054\u7edc\u7ebf"], "line_source": "osm", "geometry_source": "osm", "distance_ratio": 1.013, "match_confidence": 1.0, "edge_count": 605}, "geometry": {"type": "LineString", "coordinates": [[118.790724, 32.090153], [118.806881, 32.084821], [118.841537, 32.10288], [118.88091, 32.110382], [118.929564, 32.136426], [119.011681, 32.15112], [119.075979, 32.151541], [119.1316, 32.163908], [119.291956, 32.16286], [119.441519, 32.199675], [119.468978, 32.180156], [119.503569, 32.131323], [119.574264, 32.062096], [119.596676, 31.984047], [119.724993, 31.918299], [119.843517, 31.845336], [119.955688, 31.800265], [119.978054, 31.776899], [120.156889, 31.669518], [120.250969, 31.630625], [120.313094, 31.581222], [120.344749, 31.538653], [120.567743, 31.330143], [120.690935, 31.339258], [120.839998, 31.380104], [120.872518, 31.382275], [120.892173, 31.369807], [120.945274, 31.371551], [120.978461, 31.355907], [121.052935, 31.344213], [121.163714, 31.309181], [121.270271, 31.287569], [121.287048, 31.252167], [121.313814, 31.220902], [121.319265, 31.169174], [121.36227, 31.094859], [121.35236, 31.081211], [121.295845, 31.046104], [121.244186, 30.995554], [121.199615, 30.984447], [121.220781, 30.987037]]}}, {"type": "Feature", "properties": {"trip_id": 216, "date": "2026-08-04T00:00:00", "train": "C3083", "from": "\u4e0a\u6d77\u5357", "to": "\u4e0a\u6d77\u677e\u6c5f", "duration": 17, "distance": 28, "fromcity": "\u4e0a\u6d77", "tocity": "\u4e0a\u6d77", "line": "", "fromprov": "\u4e0a\u6d77\u5e02", "toprov": "\u4e0a\u6d77\u5e02", "id": "C3083", "lines": ["\u4e0a\u6d77\u5357\u8054\u7edc\u7ebf", "\u6caa\u6606\u7ebf", "\u6caa\u6625\u7ebf", "\u6caa\u676d\u7ebf", "\u91d1\u5c71\u7ebf"], "line_source": "osm", "geometry_source": "osm", "distance_ratio": 1.109, "match_confidence": 1.0, "edge_count": 110}, "geometry": {"type": "LineString", "coordinates": [[121.421156, 31.151934], [121.355936, 31.084907], [121.295845, 31.046104], [121.24541, 30.996433], [121.199615, 30.984447], [121.220781, 30.987037]]}}, {"type": "Feature", "properties": {"trip_id": 217, "date": "2026-08-04T00:00:00", "train": "K287", "from": "\u4e0a\u6d77\u677e\u6c5f", "to": "\u5357\u660c", "duration": 573, "distance": 791, "fromcity": "\u4e0a\u6d77", "tocity": "\u5357\u660c", "line": "", "fromprov": "\u4e0a\u6d77\u5e02", "toprov": "\u6c5f\u897f\u7701", "id": "K287", "lines": ["3\u9053", "\u4eac\u4e5d\u7ebf", "\u4f55\u5bb6\u8054\u7edc\u7ebf", "\u5411\u4e1cD2\u7ebf", "\u5411\u4e1cD\u7ebf", "\u5411\u4e1cE2\u7ebf", "\u5411\u4e1cE\u7ebf", "\u5411\u5858\u216a\u9053\u7ebf", "\u5b81\u676d\u826e\u5c71\u95e8\u8054\u7edc\u7ebf", "\u5f0b\u6a1f\u7ebf", "\u676d\u5dde\u4e1c\u7ad915\u9053", "\u676d\u5dde\u52a8\u8f66B\u7ebf", "\u676d\u5dde\u52a8\u8f66C\u7ebf", "\u676d\u5dde\u5357\u7ad911\u9053", "\u676d\u660c\u9ad8\u901f\u7ebf", "\u676d\u6df1\u7ebf", "\u6a2a\u5c97\u8054\u7edc\u7ebf", "\u6caa\u6606\u7ebf", "\u7b15\u676d\u7ebf", "\u8862\u5168\u8054\u7edc\u7ebf"], "line_source": "osm", "geometry_source": "osm", "distance_ratio": 0.943, "match_confidence": 1.0, "edge_count": 934}, "geometry": {"type": "LineString", "coordinates": [[121.220781, 30.987037], [121.108314, 30.980674], [121.081779, 30.962139], [121.017231, 30.886718], [120.900446, 30.848233], [120.755453, 30.762955], [120.742847, 30.732964], [120.747578, 30.69725], [120.730906, 30.662321], [120.722124, 30.616163], [120.703906, 30.5929], [120.686528, 30.539938], [120.552918, 30.483548], [120.317854, 30.434126], [120.283051, 30.406702], [120.206367, 30.320152], [120.185786, 30.315415], [120.182087, 30.300189], [120.183882, 30.314355], [120.194616, 30.316618], [120.215881, 30.283381], [120.255235, 30.257632], [120.286457, 30.195474], [120.2937, 30.155082], [120.309632, 30.125208], [120.298407, 30.009837], [120.270716, 29.948898], [120.261769, 29.868839], [120.19374, 29.775571], [120.163609, 29.644581], [120.136997, 29.591178], [120.136495, 29.564], [120.084815, 29.491926], [120.048335, 29.393816], [119.963122, 29.307497], [119.91054, 29.21261], [119.882364, 29.189526], [119.687281, 29.122696], [119.552599, 29.098561], [119.383664, 29.091334], [119.217453, 29.010495], [119.069609, 28.998263], [119.014915, 28.975555], [118.980272, 28.978439], [118.948941, 28.970583], [118.902371, 28.936759], [118.764397, 28.884407], [118.677543, 28.797778], [118.625001, 28.766955], [118.593221, 28.710074], [118.544177, 28.689145], [118.49134, 28.6423], [118.464155, 28.635767], [118.416725, 28.644734], [118.384402, 28.639093], [118.34993, 28.649829], [118.315759, 28.647247], [118.250972, 28.669887], [118.207285, 28.64932], [118.15073, 28.602963], [118.097484, 28.586633], [118.059449, 28.510393], [118.047152, 28.500477], [117.946119, 28.489179], [117.915398, 28.47088], [117.880715, 28.461954], [117.830571, 28.46302], [117.72672, 28.421109], [117.689661, 28.415614], [117.653795, 28.424243], [117.617366, 28.414395], [117.565691, 28.424316], [117.50075, 28.400713], [117.458066, 28.416638], [117.372341, 28.415453], [117.32949, 28.406889], [117.313715, 28.396863], [117.262898, 28.328737], [117.226062, 28.299008], [117.146967, 28.281142], [117.105954, 28.252906], [117.092735, 28.255442], [117.037079, 28.235106], [117.005752, 28.239383], [116.92593, 28.216919], [116.878855, 28.213197], [116.828388, 28.222489], [116.791253, 28.214548], [116.690841, 28.244542], [116.604051, 28.228422], [116.538978, 28.262446], [116.506752, 28.265839], [116.486855, 28.281773], [116.45318, 28.28568], [116.341512, 28.331371], [116.255974, 28.350111], [116.222032, 28.366381], [116.150586, 28.357837], [116.080384, 28.361642], [116.047097, 28.389715], [115.984169, 28.405832], [115.966273, 28.42364], [115.94938, 28.470342], [115.941038, 28.560598], [115.908951, 28.635626], [115.914172, 28.662457]]}}, {"type": "Feature", "properties": {"trip_id": 218, "date": "2026-08-05T00:00:00", "train": "D147", "from": "\u5357\u660c", "to": "\u6df1\u5733\u4e1c", "duration": 596, "distance": 915, "fromcity": "\u5357\u660c", "tocity": "\u6df1\u5733", "line": "", "fromprov": "\u6c5f\u897f\u7701", "toprov": "\u5e7f\u4e1c\u7701", "id": "D147", "lines": ["\u4eac\u4e5d\u7ebf", "\u4eac\u6e2f\u9ad8\u901f\u7ebf", "\u4f55\u5bb6\u8054\u7edc\u7ebf", "\u5411\u5858\u216a\u9053\u7ebf", "\u571f\u5858\u8054\u7edc\u7ebf", "\u5e7f\u60e0\u57ce\u9645\u7ebf", "\u5e7f\u6df1\u7ebf", "\u6a2a\u5c97\u8054\u7edc\u7ebf", "\u6cb3\u6e90\u7ad93\u9053", "\u8001\u5e78\u8054\u7edc\u7ebf", "\u9f99\u9f99\u9ad8\u901f\u7ebf"], "line_source": "osm", "geometry_source": "osm", "distance_ratio": 0.987, "match_confidence": 1.0, "edge_count": 1046}, "geometry": {"type": "LineString", "coordinates": [[115.914172, 28.662457], [115.90881, 28.636283], [115.941141, 28.560191], [115.955962, 28.449619], [115.948182, 28.4797], [115.949435, 28.468424], [115.984506, 28.429776], [115.986368, 28.398017], [115.973176, 28.355514], [115.932327, 28.290225], [115.871832, 28.248552], [115.754957, 28.09169], [115.68727, 28.040578], [115.636906, 27.988395], [115.573801, 27.953589], [115.488839, 27.874552], [115.388299, 27.676526], [115.336858, 27.615329], [115.328431, 27.59365], [115.329113, 27.538615], [115.312967, 27.49741], [115.234385, 27.415648], [115.221394, 27.393169], [115.186157, 27.370131], [115.174569, 27.350013], [115.162577, 27.307579], [115.142346, 27.273058], [115.136023, 27.195559], [115.123007, 27.16876], [115.083968, 27.159455], [115.019228, 27.122293], [115.010801, 27.066444], [114.963912, 27.03403], [114.961035, 27.012173], [114.980205, 26.98355], [114.940736, 26.892629], [114.942187, 26.716029], [115.012701, 26.654182], [115.051608, 26.662113], [115.082449, 26.642839], [115.119162, 26.580976], [115.180975, 26.58113], [115.203565, 26.556236], [115.229089, 26.554088], [115.258708, 26.53694], [115.275118, 26.502324], [115.269547, 26.465963], [115.279355, 26.424388], [115.308765, 26.366036], [115.316922, 26.321623], [115.305755, 26.287314], [115.308388, 26.218391], [115.293717, 26.161069], [115.253829, 26.091119], [115.195053, 26.043107], [115.162525, 26.027961], [115.127094, 25.965259], [115.072026, 25.932419], [115.018345, 25.881108], [114.982208, 25.863617], [114.959139, 25.834429], [114.958132, 25.806424], [114.889526, 25.765698], [114.862635, 25.736259], [114.812724, 25.715536], [114.781204, 25.673521], [114.772365, 25.621549], [114.764125, 25.610721], [114.798063, 25.466306], [114.911007, 25.394564], [114.919682, 25.367891], [114.921076, 25.291929], [114.911221, 25.259936], [114.920546, 25.188468], [114.898691, 25.128877], [114.930165, 25.103197], [114.939079, 25.082715], [114.926636, 25.033492], [114.878705, 25.012246], [114.880756, 24.970948], [114.859101, 24.928551], [114.894244, 24.918711], [114.893137, 24.903535], [114.909641, 24.862187], [114.936553, 24.833249], [114.957689, 24.788747], [114.997041, 24.779084], [115.033705, 24.734499], [115.047262, 24.700599], [115.047412, 24.67152], [115.029688, 24.614248], [114.960482, 24.500446], [114.951024, 24.448449], [114.95519, 24.408857], [115.039206, 24.285508], [115.19062, 24.193894], [115.20511, 24.162956], [115.200196, 24.115101], [115.228108, 24.11499], [115.218664, 24.09468], [115.181005, 24.080293], [115.166405, 24.045805], [115.14078, 24.036514], [115.118852, 24.039802], [115.104596, 24.030651], [115.069945, 23.986485], [115.047555, 23.940155], [115.004203, 23.917274], [114.973508, 23.889467], [114.941396, 23.892478], [114.910725, 23.881263], [114.89644, 23.8638], [114.861204, 23.8598], [114.841651, 23.849117], [114.814561, 23.851486], [114.796969, 23.833417], [114.770586, 23.824941], [114.682841, 23.770966], [114.673044, 23.751201], [114.678874, 23.727318], [114.667237, 23.703865], [114.668923, 23.672934], [114.660213, 23.646502], [114.598914, 23.536389], [114.548615, 23.48768], [114.516208, 23.475357], [114.488654, 23.421786], [114.450899, 23.396473], [114.444072, 23.339239], [114.46361, 23.312659], [114.411997, 23.188836], [114.407316, 23.166672], [114.415688, 23.115558], [114.399012, 23.101605], [114.38557, 23.053026], [114.30956, 22.998502], [114.292611, 22.995483], [114.266194, 23.003919], [114.243553, 22.985386], [114.189181, 22.969154], [114.118433, 22.968965], [114.087457, 22.956411], [114.016362, 22.972239], [114.051452, 22.912545], [114.075404, 22.890988], [114.107063, 22.748454], [114.104957, 22.716536], [114.127035, 22.683538], [114.135437, 22.640503], [114.114122, 22.624506], [114.113612, 22.601598]]}}, {"type": "Feature", "properties": {"trip_id": 219, "date": "2026-08-29T00:00:00", "train": "G670", "from": "\u4e0a\u6d77\u8679\u6865", "to": "\u82cf\u5dde\u5317", "duration": 23, "distance": 81, "fromcity": "\u4e0a\u6d77", "tocity": "\u82cf\u5dde", "line": "", "fromprov": "\u4e0a\u6d77\u5e02", "toprov": "\u6c5f\u82cf\u7701", "id": "G670", "lines": ["\u4eac\u6caa\u7ebf", "\u6caa\u5b81\u57ce\u9645\u7ebf", "\u6caa\u5b81\u57ce\u9645\u8679\u6865\u8054\u7edc\u7ebf", "\u6caa\u6606\u7ebf", "\u6caa\u82cf\u901a\u7ebf", "\u8679\u5c01\u7ebf", "\u8679\u6865\u52a8\u8f66\u7ebf", "\u8679\u7efc\u52a8\u8f66A\u7ebf", "\u8679\u9ad8\u52a8\u8f66C\u7ebf", "\u9ec4\u5c01\u8054\u7edc\u7ebf"], "line_source": "osm", "geometry_source": "mixed", "distance_ratio": 0.911, "match_confidence": 0.5, "edge_count": 99}, "geometry": {"type": "LineString", "coordinates": [[121.315261, 31.196045], [121.313814, 31.220902], [121.26657, 31.289334], [120.9461266, 31.35396224], [120.880032, 31.381326], [120.6385784, 31.42279504]]}}, {"type": "Feature", "properties": {"trip_id": 220, "date": "2026-08-30T00:00:00", "train": "G7767", "from": "\u82cf\u5dde", "to": "\u5b89\u4ead\u5317", "duration": 18, "distance": 55, "fromcity": "\u82cf\u5dde", "tocity": "\u4e0a\u6d77", "line": "", "fromprov": "\u6c5f\u82cf\u7701", "toprov": "\u4e0a\u6d77\u5e02", "id": "G7767", "lines": ["\u4eac\u6caa\u7ebf", "\u6caa\u5b81\u57ce\u9645\u7ebf"], "line_source": "osm", "geometry_source": "osm", "distance_ratio": 0.985, "match_confidence": 1.0, "edge_count": 83}, "geometry": {"type": "LineString", "coordinates": [[120.610157, 31.332673], [120.690935, 31.339258], [120.839998, 31.380104], [120.872518, 31.382275], [120.891913, 31.369871], [120.945274, 31.371551], [120.978461, 31.355907], [121.052935, 31.344213], [121.152946, 31.312616]]}}, {"type": "Feature", "properties": {"trip_id": 221, "date": "2026-08-30T00:00:00", "train": "C3863", "from": "\u5b89\u4ead\u897f", "to": "\u4e0a\u6d77", "duration": 24, "distance": 29, "fromcity": "\u4e0a\u6d77", "tocity": "\u4e0a\u6d77", "line": "", "fromprov": "\u4e0a\u6d77\u5e02", "toprov": "\u4e0a\u6d77\u5e02", "id": "C3863", "lines": ["\u4eac\u6caa\u7ebf", "\u6caa\u82cf\u901a\u7ebf"], "line_source": "osm", "geometry_source": "osm", "distance_ratio": 0.997, "match_confidence": 1.0, "edge_count": 86}, "geometry": {"type": "LineString", "coordinates": [[121.1531, 31.312409], [121.448159, 31.252073]]}}, {"type": "Feature", "properties": {"trip_id": 222, "date": "2026-08-31T00:00:00", "train": "S1210", "from": "\u91d1\u5c71\u536b", "to": "\u4e0a\u6d77\u5357", "duration": 64, "distance": 56, "fromcity": "\u4e0a\u6d77", "tocity": "\u4e0a\u6d77", "line": "", "fromprov": "\u4e0a\u6d77\u5e02", "toprov": "\u4e0a\u6d77\u5e02", "id": "S1210", "lines": ["\u4e0a\u6d77\u5357\u8054\u7edc\u7ebf", "\u6caa\u6606\u7ebf", "\u6caa\u6625\u7ebf", "\u91d1\u5c71\u7ebf"], "line_source": "osm", "geometry_source": "osm", "distance_ratio": 0.964, "match_confidence": 1.0, "edge_count": 125}, "geometry": {"type": "LineString", "coordinates": [[121.363095, 30.733238], [121.371795, 30.747243], [121.363546, 30.771809], [121.365816, 30.850542], [121.352574, 30.901563], [121.303995, 30.978924], [121.318974, 31.012299], [121.303252, 31.048867], [121.355936, 31.084907], [121.421156, 31.151934]]}}]}